Question,Numbers,Equation,Answer,group_nums,Grade,Type,Body,Ques_Statement
number0 red apples and number1 green apples are in the basket . how many apples are in the basket ?,7 2,+ number0 number1,9.0,"[0, 1, 2, 3, 4, 5, 6, 10, 16, 17, 18]",1,Addition,number0 red apples and number1 green apples are in the basket .,how many apples are in the basket ?
ellen has number0 more balls than marin . marin has number1 balls . how many balls does ellen have ?,6 9,+ number0 number1,15.0,"[1, 2, 3, 4, 5, 9, 10, 11, 16, 17, 18]",1,Addition,ellen has number0 more balls than marin . marin has number1 balls .,how many balls does ellen have ?
janet has number0 oranges and sharon has number1 oranges . how many oranges do janet and sharon have together ?,9 7,+ number0 number1,16.0,"[1, 2, 3, 6, 7, 8, 16, 17, 18]",1,Addition,janet has number0 oranges and sharon has number1 oranges .,how many oranges do janet and sharon have together ?
allan brought number0 balloons and jake brought number1 balloons to the park . how many balloons did allan and jake have in the park ?,2 4,+ number0 number1,6.0,"[1, 2, 3, 6, 7, 8, 21, 22, 23]",1,Addition,allan brought number0 balloons and jake brought number1 balloons to the park .,how many balloons did allan and jake have in the park ?
adam has number0 more apples than jackie . jackie has number1 apples . how many apples does adam have ?,5 9,+ number0 number1,14.0,"[1, 2, 3, 4, 5, 9, 10, 11, 16, 17, 18]",1,Addition,adam has number0 more apples than jackie . jackie has number1 apples .,how many apples does adam have ?
brian has number0 more plums than paul . paul has number1 plums . how many plums does brian have ?,4 7,+ number0 number1,11.0,"[1, 2, 3, 4, 5, 9, 10, 11, 16, 17, 18]",1,Addition,brian has number0 more plums than paul . paul has number1 plums .,how many plums does brian have ?
sandra took number0 cups of coffee and marcie took number1 cups of coffee . how many cups of coffee did sandra and marcie take in total ?,6 2,+ number1 number0,8.0,"[1, 2, 3, 8, 9, 10, 23, 24, 25]",1,Addition,sandra took number0 cups of coffee and marcie took number1 cups of coffee .,how many cups of coffee did sandra and marcie take in total ?
number0 plums were in the basket . more plums were added to the basket . now there are number1 plums . how many plums were added to the basket ?,17 21,- number1 number0,4.0,"[0, 1, 2, 5, 17, 18, 19, 26, 27, 28]",1,Subtraction,number0 plums were in the basket . more plums were added to the basket . now there are number1 plums .,how many plums were added to the basket ?
number0 red plums and number1 green plums are in the basket . how many plums are in the basket ?,14 4,+ number1 number0,18.0,"[0, 1, 2, 3, 4, 5, 6, 16, 17, 18]",1,Addition,number0 red plums and number1 green plums are in the basket .,how many plums are in the basket ?
marin has number0 apples and donald has number1 apples . how many apples do marin and donald have together ?,9 2,+ number0 number1,11.0,"[1, 2, 3, 6, 7, 8, 16, 17, 18]",1,Addition,marin has number0 apples and donald has number1 apples .,how many apples do marin and donald have together ?
number0 apples were in the basket . number1 are red and the rest are green . how many apples are green ?,46 22,- number0 number1,24.0,"[0, 1, 4, 5, 7, 8, 18, 19, 20]",1,Subtraction,number0 apples were in the basket . number1 are red and the rest are green .,how many apples are green ?
number0 red peaches and number1 green peaches are in the basket . how many peaches are in the basket ?,5 14,+ number0 number1,19.0,"[0, 1, 2, 3, 4, 5, 6, 16, 17, 18]",1,Addition,number0 red peaches and number1 green peaches are in the basket .,how many peaches are in the basket ?
number0 peaches are in the basket . number1 more peaches are put in the basket . how many peaches are in the basket now ?,20 25,+ number0 number1,45.0,"[0, 1, 5, 6, 7, 8, 9, 21, 22, 23]",1,Addition,number0 peaches are in the basket . number1 more peaches are put in the basket .,how many peaches are in the basket now ?
number0 balls were in the basket . some of the balls were removed from the basket . now there are number1 balls . how many balls were removed from the basket ?,8 6,- number0 number1,2.0,"[0, 1, 2, 5, 19, 20, 21, 28, 29, 30]",1,Subtraction,number0 balls were in the basket . some of the balls were removed from the basket . now there are number1 balls .,how many balls were removed from the basket ?
some oranges were in the basket . number0 oranges were taken from the basket . now there are number1 oranges . how many oranges were in the basket before some of the oranges were taken ?,5 3,+ number0 number1,8.0,"[32, 1, 2, 33, 34, 5, 6, 7, 8, 17, 18, 19]",1,Addition,some oranges were in the basket . number0 oranges were taken from the basket . now there are number1 oranges .,how many oranges were in the basket before some of the oranges were taken ?
jake has number0 fewer peaches than steven . steven has number1 peaches . how many peaches does jake have ?,6 13,- number1 number0,7.0,"[1, 2, 3, 4, 5, 9, 10, 11, 16, 17, 18]",1,Subtraction,jake has number0 fewer peaches than steven . steven has number1 peaches .,how many peaches does jake have ?
david has number0 fewer apples than marin . marin has number1 apples . how many apples does david have ?,0 3,- number1 number0,3.0,"[1, 2, 3, 4, 5, 9, 10, 11, 16, 17, 18]",1,Subtraction,david has number0 fewer apples than marin . marin has number1 apples .,how many apples does david have ?
jake has number0 fewer balls than audrey . audrey has number1 balls . how many balls does jake have ?,34 41,- number1 number0,7.0,"[1, 2, 3, 4, 5, 9, 10, 11, 16, 17, 18]",1,Subtraction,jake has number0 fewer balls than audrey . audrey has number1 balls .,how many balls does jake have ?
brian has number0 fewer oranges than marcie . marcie has number1 oranges . how many oranges does brian have ?,0 12,- number1 number0,12.0,"[1, 2, 3, 4, 5, 9, 10, 11, 16, 17, 18]",1,Subtraction,brian has number0 fewer oranges than marcie . marcie has number1 oranges .,how many oranges does brian have ?
number0 birds were sitting on the fence . number1 more birds came to join them . how many birds are sitting on the fence ?,2 4,+ number0 number1,6.0,"[0, 1, 3, 4, 8, 9, 10, 21, 22, 23]",1,Addition,number0 birds were sitting on the fence . number1 more birds came to join them .,how many birds are sitting on the fence ?
you have number0 cookies and you ate number1 of them . how many cookies do you have left ?,7 2,- number0 number1,5.0,"[1, 2, 3, 6, 7, 8, 15, 16, 17]",1,Subtraction,you have number0 cookies and you ate number1 of them .,how many cookies do you have left ?
you have collected number0 crickets . how many more crickets do you need to collect to have number1 crickets ?,7 11,- number1 number0,4.0,"[1, 2, 3, 4, 6, 10, 16, 17, 18]",1,Subtraction,you have collected number0 crickets .,how many more crickets do you need to collect to have number1 crickets ?
number0 birds are sitting on a branch . number1 flies away . how many birds are left on the branch ?,4 1,- number0 number1,3.0,"[0, 1, 3, 8, 9, 17, 18, 19]",1,Subtraction,number0 birds are sitting on a branch . number1 flies away .,how many birds are left on the branch ?
number0 raccoons are playing in the woods . number1 go home to eat dinner . how many raccoons are left in the woods ?,3 2,- number0 number1,1.0,"[0, 1, 3, 8, 9, 20, 21, 22]",1,Subtraction,number0 raccoons are playing in the woods . number1 go home to eat dinner .,how many raccoons are left in the woods ?
number0 owls were sitting on the fence . number1 more owls joined them . how many owls are on the fence now ?,3 2,+ number0 number1,5.0,"[0, 1, 3, 6, 8, 9, 10, 19, 20, 21]",1,Addition,number0 owls were sitting on the fence . number1 more owls joined them .,how many owls are on the fence now ?
number0 beavers were working on their home . number1 went for a swim . how many beavers are still working on their home ?,2 1,- number0 number1,1.0,"[0, 1, 3, 5, 8, 9, 20, 21, 22]",1,Subtraction,number0 beavers were working on their home . number1 went for a swim .,how many beavers are still working on their home ?
number0 toucans are sitting on a tree limb . number1 more toucan joins them . how many toucans in all ?,2 1,+ number0 number1,3.0,"[0, 1, 3, 9, 10, 11, 17, 18, 19]",1,Addition,number0 toucans are sitting on a tree limb . number1 more toucan joins them .,how many toucans in all ?
mrs. hilt 's favorite first grade classes are baking muffins . mrs. brier 's class bakes number0 muffins mrs. macadams 's class bakes number1 muffins and mrs. flannery 's class bakes number2 muffins . how many muffins does first grade bake in all ?,18 20 17,+ + number0 number1 number2,55.0,"[32, 1, 4, 6, 8, 40, 41, 11, 42, 15, 16, 17, 19, 22, 23, 24, 30, 31]",1,Sum,mrs. hilt 's favorite first grade classes are baking muffins . mrs. brier 's class bakes number0 muffins mrs. macadams 's class bakes number1 muffins and mrs. flannery 's class bakes number2 muffins .,how many muffins does first grade bake in all ?
mrs. hilt bought a yoyo for number0 cents and a whistle for number1 cents . how much did she spend in all for the number2 toys ?,24 14 2,+ number0 number1,38.0,"[5, 6, 7, 11, 12, 13, 23, 24, 25]",1,Addition,mrs. hilt bought a yoyo for number0 cents and a whistle for number1 cents .,how much did she spend in all for the number2 toys ?
mrs. hilt made number0 rice krispie treats . she used number1 large marshmallows and number2 mini marshmallows . how many marshmallows did she use altogether ?,5 8 10,+ number1 number2,18.0,"[1, 2, 3, 4, 5, 6, 9, 10, 11, 12, 13, 14, 15, 16, 22, 23, 24]",1,Addition,mrs. hilt made number0 rice krispie treats . she used number1 large marshmallows and number2 mini marshmallows .,how many marshmallows did she use altogether ?
at mrs. hilt 's house there was number0 inches of snow and brecknock elementary school received number1 inches of snow . how much more snow did mrs. hilt 's house have ?,29 17,- number0 number1,12.0,"[6, 7, 8, 15, 16, 17, 28, 29, 30]",1,Subtraction,at mrs. hilt 's house there was number0 inches of snow and brecknock elementary school received number1 inches of snow .,how much more snow did mrs. hilt 's house have ?
mrs. hilt has $ number0 . she spends $ number1 on a toy truck and $ number2 on a pencil case . how much money does she have left ?,10 3 2,- number0 + number1 number2,5.0,"[2, 3, 4, 7, 8, 9, 10, 15, 16, 17, 26, 27, 28]",1,Subtraction,mrs. hilt has $ number0 . she spends $ number1 on a toy truck and $ number2 on a pencil case .,how much money does she have left ?
mrs. hilt has number0 friends . she can only take number1 of her friends to the movies . how many friends ca n't go to the movies ?,15 8,- number0 number1,7.0,"[1, 2, 3, 4, 5, 9, 10, 11, 24, 25, 26]",1,Subtraction,mrs. hilt has number0 friends . she can only take number1 of her friends to the movies .,how many friends ca n't go to the movies ?
mrs. hilt ran number0 miles on monday number1 miles on wednesday and number2 miles on friday . how many total miles did she run that week ?,3 2 7,+ + number0 number1 number2,12.0,"[1, 2, 3, 4, 6, 7, 8, 11, 12, 13, 23, 24, 25]",1,Sum,mrs. hilt ran number0 miles on monday number1 miles on wednesday and number2 miles on friday .,how many total miles did she run that week ?
mrs. hilt picked up a book that has number0 pages in it . she read number1 of the pages . how many pages did she have left to read ?,17 11,- number0 number1,6.0,"[1, 6, 7, 8, 9, 14, 15, 16, 26, 27, 28]",1,Subtraction,mrs. hilt picked up a book that has number0 pages in it . she read number1 of the pages .,how many pages did she have left to read ?
mrs. hilt had number0 cents . she bought a pencil for number1 cents . how much money did she have left ?,15 11,- number0 number1,4.0,"[2, 3, 4, 10, 11, 12, 18, 19, 20]",1,Subtraction,mrs. hilt had number0 cents . she bought a pencil for number1 cents .,how much money did she have left ?
mrs. hilt met number0 friends . number1 of the friends were carrying pears . the rest were carrying oranges . how many friends were carrying oranges ?,15 9,- number0 number1,6.0,"[1, 2, 3, 4, 6, 7, 23, 24, 25]",1,Subtraction,mrs. hilt met number0 friends . number1 of the friends were carrying pears . the rest were carrying oranges .,how many friends were carrying oranges ?
mary 's mom is getting ready for mary 's birthday party . she blew up number0 balloons this morning and number1 balloons this afternoon . how many balloons did she blow up in all ?,6 5,+ number0 number1,11.0,"[32, 1, 33, 5, 14, 15, 16, 19, 20, 21, 31]",1,Addition,mary 's mom is getting ready for mary 's birthday party . she blew up number0 balloons this morning and number1 balloons this afternoon .,how many balloons did she blow up in all ?
shelby 's teacher gives out gold stars for great math work . yesterday shelby earned number0 gold stars . today she earned number1 more . how many gold stars did shelby earn in all ?,4 3,+ number0 number1,7.0,"[32, 1, 2, 3, 33, 6, 14, 15, 16, 17, 21, 22, 23, 31]",1,Addition,shelby 's teacher gives out gold stars for great math work . yesterday shelby earned number0 gold stars . today she earned number1 more .,how many gold stars did shelby earn in all ?
the litter patrol picked up number0 glass bottles and number1 aluminum cans on saturday . how many pieces of litter did they pick up altogether ?,10 8,+ number0 number1,18.0,"[3, 4, 5, 6, 7, 8, 9, 10, 11, 22, 23, 24]",1,Addition,the litter patrol picked up number0 glass bottles and number1 aluminum cans on saturday .,how many pieces of litter did they pick up altogether ?
millie had number0 bracelets . she lost number1 of them . how many bracelets does millie have left ?,9 2,- number0 number1,7.0,"[1, 2, 3, 6, 7, 8, 15, 16, 17]",1,Subtraction,millie had number0 bracelets . she lost number1 of them .,how many bracelets does millie have left ?
sammy has number0 math problems to do for homework . he has already finished number1 of them . how many math problems does sammy have left ?,9 2,- number0 number1,7.0,"[1, 2, 3, 4, 7, 13, 14, 15, 23, 24, 25]",1,Subtraction,sammy has number0 math problems to do for homework . he has already finished number1 of them .,how many math problems does sammy have left ?
there were number0 students riding on the school bus . at the first stop number1 students got off of the bus . how many students are left on the bus ?,10 3,- number0 number1,7.0,"[1, 2, 3, 13, 14, 15, 16, 27, 28, 29]",1,Subtraction,there were number0 students riding on the school bus . at the first stop number1 students got off of the bus .,how many students are left on the bus ?
there were number0 ducks swimming in the pond . number1 ducks flew away . how many ducks are still swimming in the pond ?,8 3,- number0 number1,5.0,"[1, 2, 3, 5, 9, 10, 20, 21, 22]",1,Subtraction,there were number0 ducks swimming in the pond . number1 ducks flew away .,how many ducks are still swimming in the pond ?
lucy went to the grocery store . she bought number0 packs of cookies and number1 packs of noodles . how many packs of groceries did she buy in all ?,12 16,+ number0 number1,28.0,"[1, 7, 8, 9, 10, 13, 14, 15, 26, 27, 28]",2,Addition,lucy went to the grocery store . she bought number0 packs of cookies and number1 packs of noodles .,how many packs of groceries did she buy in all ?
roden went to a pet shop . he bought number0 gold fish and number1 blue fish . how many fish did he buy ?,15 7,+ number0 number1,22.0,"[1, 5, 7, 8, 9, 10, 11, 12, 13, 14, 15, 20, 21, 22]",2,Addition,roden went to a pet shop . he bought number0 gold fish and number1 blue fish .,how many fish did he buy ?
i read number0 pages of my english book yesterday . today i read number1 pages . what is the total number of pages did i read ?,21 17,+ number0 number1,38.0,"[1, 2, 3, 12, 13, 14, 23, 24, 25]",2,Addition,i read number0 pages of my english book yesterday . today i read number1 pages .,what is the total number of pages did i read ?
in a school there are number0 girls and number1 boys . how many pupils are there in that school ?,542 387,+ number0 number1,929.0,"[4, 5, 6, 7, 8, 9, 16, 17, 18]",2,Addition,in a school there are number0 girls and number1 boys .,how many pupils are there in that school ?
linda has number0 candies . chloe has number1 how many candies do they have in all ?,34 28,+ number0 number1,62.0,"[1, 2, 3, 5, 6, 7, 8, 13, 14, 15]",2,Addition,linda has number0 candies . chloe has number1 how,many candies do they have in all ?
jose has number0 chickens and number1 ducks . how many fowls does he have ?,28 18,+ number0 number1,46.0,"[1, 2, 3, 4, 5, 6, 11, 12, 13]",2,Addition,jose has number0 chickens and number1 ducks .,how many fowls does he have ?
gino has number0 popsicle sticks . i have number1 popsicle sticks . what is the sum of our popsicle sticks ?,63 50,+ number0 number1,113.0,"[1, 2, 3, 4, 7, 8, 9, 10, 17, 18, 19]",2,Addition,gino has number0 popsicle sticks . i have number1 popsicle sticks .,what is the sum of our popsicle sticks ?
lino picked up number0 shells at the seashore in the morning and number1 shells in the afternoon . how many shells did he pick up in all ?,292 324,+ number0 number1,616.0,"[1, 2, 3, 4, 5, 11, 12, 13, 24, 25, 26]",2,Addition,lino picked up number0 shells at the seashore in the morning and number1 shells in the afternoon .,how many shells did he pick up in all ?
there were number0 parents in the program and number1 pupils too . how many people were present in the program ?,105 698,+ number0 number1,803.0,"[1, 2, 3, 7, 8, 9, 17, 18, 19]",2,Addition,there were number0 parents in the program and number1 pupils too .,how many people were present in the program ?
last saturday marie sold number0 magazines and number1 newspapers . what is the total number of reading materials she sold ?,425 275,+ number0 number1,700.0,"[3, 4, 5, 6, 7, 8, 17, 18, 19]",2,Addition,last saturday marie sold number0 magazines and number1 newspapers .,what is the total number of reading materials she sold ?
there are number0 birds on the fence . number1 more birds land on the fence . how many birds are on the fence ?,12 8,+ number0 number1,20.0,"[1, 2, 3, 6, 8, 9, 10, 20, 21, 22]",2,Addition,there are number0 birds on the fence . number1 more birds land on the fence .,how many birds are on the fence ?
number0 boys went down the slide . number1 more boys went down the slide . how many boys went down the slide ?,22 13,+ number0 number1,35.0,"[0, 1, 7, 8, 9, 10, 19, 20, 21]",2,Addition,number0 boys went down the slide . number1 more boys went down the slide .,how many boys went down the slide ?
number0 ducks are swimming in a lake . number1 more ducks come to join them . how many ducks are swimming in the lake ?,13 20,+ number0 number1,33.0,"[0, 1, 3, 4, 8, 9, 10, 21, 22, 23]",2,Addition,number0 ducks are swimming in a lake . number1 more ducks come to join them .,how many ducks are swimming in the lake ?
number0 dogs are barking . number1 more dogs start to bark . how many dogs are barking ?,30 10,+ number0 number1,40.0,"[0, 1, 3, 4, 5, 6, 14, 15, 16]",2,Addition,number0 dogs are barking . number1 more dogs start to bark .,how many dogs are barking ?
bobby ate number0 pieces of candy . then he ate number1 more . how many pieces of candy did bobby eat ?,26 17,+ number0 number1,43.0,"[1, 2, 3, 7, 9, 10, 11, 18, 19, 20]",2,Addition,bobby ate number0 pieces of candy . then he ate number1 more .,how many pieces of candy did bobby eat ?
sandy had number0 pet fish . she bought number1 more fish . how many pet fish does sandy have now ?,26 6,+ number0 number1,32.0,"[1, 2, 3, 4, 6, 7, 8, 9, 10, 17, 18, 19]",2,Addition,sandy had number0 pet fish . she bought number1 more fish .,how many pet fish does sandy have now ?
the clown blew up number0 balloons . then he blew up number1 more balloons . how many balloons does the clown have now ?,47 13,+ number0 number1,60.0,"[1, 2, 3, 4, 5, 6, 10, 11, 12, 13, 20, 21, 22]",2,Addition,the clown blew up number0 balloons . then he blew up number1 more balloons .,how many balloons does the clown have now ?
our class got number0 books from the library . then we got number1 more books from the library . how many books did our class get from the library ?,54 23,+ number0 number1,77.0,"[1, 2, 3, 4, 6, 11, 12, 13, 14, 26, 27, 28]",2,Addition,our class got number0 books from the library . then we got number1 more books from the library .,how many books did our class get from the library ?
julia played tag with number0 kids on monday . she played tag with number1 kids on tuesday . how many kids did she play with altogether ?,12 7,+ number0 number1,19.0,"[1, 3, 4, 5, 12, 13, 14, 23, 24, 25]",2,Addition,julia played tag with number0 kids on monday . she played tag with number1 kids on tuesday .,how many kids did she play with altogether ?
molly had number0 candles on her birthday cake . she grew older and got number1 more on her birthday cake . how old is molly now ?,14 6,+ number0 number1,20.0,"[1, 2, 3, 4, 13, 14, 15, 23, 24, 25]",2,Addition,molly had number0 candles on her birthday cake . she grew older and got number1 more on her birthday cake .,how old is molly now ?
james ate number0 carrot sticks before dinner and number1 more after dinner . how many carrot sticks did he eat ?,22 15,+ number0 number1,37.0,"[1, 2, 3, 4, 6, 7, 8, 9, 17, 18, 19]",2,Addition,james ate number0 carrot sticks before dinner and number1 more after dinner .,how many carrot sticks did he eat ?
jovana filled her bucket with number0 pounds of shells . if she adds number1 more pounds of shell to fill her bucket how many pounds does she have ?,5 12,+ number0 number1,17.0,"[2, 4, 5, 6, 12, 13, 14, 15, 17, 25, 26, 27]",2,Addition,jovana filled her bucket with number0 pounds of shells . if she adds number1 more pounds of shell to fill her bucket,how many pounds does she have ?
jovana filled her bucket with number0 pounds of shells . if a friend comes to add number1 pounds of shells and another friend comes to add number2 pounds of shells how many pounds does she have altogether ?,5 15 17,+ + number0 number1 number2,37.0,"[34, 35, 4, 5, 6, 36, 15, 16, 17, 21, 25, 26, 27]",2,Sum,jovana filled her bucket with number0 pounds of shells . if a friend comes to add number1 pounds of shells and another friend comes to add number2 pounds of shells,how many pounds does she have altogether ?
isabella 's hair is number0 cubes long . if her hair grows number1 more inches how long will it be ?,18 4,+ number0 number1,22.0,"[3, 4, 5, 11, 12, 13, 14, 17, 18, 19]",2,Addition,isabella 's hair is number0 cubes long . if her hair grows number1 more inches,how long will it be ?
mrs. sheridan has number0 cats . mr. sheridan gave her number1 more cats . how many cats does mrs. sheridan have altogether ?,17 14,+ number0 number1,31.0,"[1, 2, 3, 4, 5, 6, 9, 10, 11, 12, 19, 20, 21]",2,Addition,mrs. sheridan has number0 cats . mr. sheridan gave her number1 more cats .,how many cats does mrs. sheridan have altogether ?
mrs. sheridan has number0 fish . her sister gave her number1 more fish . how many fish does she have now ?,22 47,+ number0 number1,69.0,"[1, 2, 3, 4, 5, 9, 10, 11, 12, 18, 19, 20]",2,Addition,mrs. sheridan has number0 fish . her sister gave her number1 more fish .,how many fish does she have now ?
cade had number0 marbles . he gave number1 to dylan . how many does he have left ?,87 8,- number0 number1,79.0,"[1, 2, 3, 6, 7, 8, 14, 15, 16]",2,Subtraction,cade had number0 marbles . he gave number1 to dylan .,how many does he have left ?
michael has some fish in his fish tank . ben gave him number0 more fish . now he has number1 how many fish did he have to begin with ?,18 49,- number1 number0,31.0,"[1, 4, 7, 11, 12, 13, 14, 18, 19, 20, 26, 27, 28]",2,Subtraction,michael has some fish in his fish tank . ben gave him number0 more fish . now he has number1 how,many fish did he have to begin with ?
daniel had some noodles . he gave number0 noodles to william . now daniel only has number1 noodles . how many noodles did daniel have to begin with ?,12 54,+ number1 number0,66.0,"[1, 3, 6, 7, 8, 15, 16, 17, 25, 26, 27]",2,Addition,daniel had some noodles . he gave number0 noodles to william . now daniel only has number1 noodles .,how many noodles did daniel have to begin with ?
hayley had number0 meatballs on her plate . kirsten stole some of her meatballs . now she has number1 meatballs on her plate . how many meatballs did kirsten steal ?,25 11,- number0 number1,14.0,"[1, 2, 3, 5, 17, 18, 19, 27, 28, 29]",2,Subtraction,hayley had number0 meatballs on her plate . kirsten stole some of her meatballs . now she has number1 meatballs on her plate .,how many meatballs did kirsten steal ?
isabella 's hair is number0 inches long . if she gets a haircut and now her hair is number1 inches long how much of isabella 's hair got cut off ?,18 9,- number0 number1,9.0,"[3, 4, 5, 17, 18, 19, 27, 28, 29]",2,Subtraction,isabella 's hair is number0 inches long . if she gets a haircut and now her hair is number1 inches long,how much of isabella 's hair got cut off ?
isabella 's hair is number0 inches long . by the end of the year her hair is number1 inches long . how much hair did she grow ?,18 24,- number1 number0,6.0,"[3, 4, 5, 16, 17, 18, 24, 25, 26]",2,Subtraction,isabella 's hair is number0 inches long . by the end of the year her hair is number1 inches long .,how much hair did she grow ?
jovana had number0 pounds of shells in her bucket . she added some shells and now has number1 pounds of shells . how many pounds did she add ?,5 28,- number1 number0,23.0,"[1, 2, 3, 5, 6, 16, 17, 18, 25, 26, 27]",2,Subtraction,jovana had number0 pounds of shells in her bucket . she added some shells and now has number1 pounds of shells .,how many pounds did she add ?
isha 's pencil is number0 inches long . if she sharpens it now her pencil is number1 inches long . how much did she sharpen off of her pencil ?,31 14,- number0 number1,17.0,"[3, 4, 5, 15, 16, 17, 26, 27, 28]",2,Subtraction,isha 's pencil is number0 inches long . if she sharpens it now her pencil is number1 inches long .,how much did she sharpen off of her pencil ?
mrs. sheridan has number0 cats . how many more cats does mrs. sheridan need to have number1 cats ?,11 43,- number1 number0,32.0,"[1, 2, 3, 4, 7, 9, 15, 16, 17]",2,Subtraction,mrs. sheridan has number0 cats .,how many more cats does mrs. sheridan need to have number1 cats ?
mrs. wong had number0 valentines . she gave number1 valentines to her children . how many does she have left ?,30 8,- number0 number1,22.0,"[1, 2, 3, 4, 7, 8, 9, 17, 18, 19]",2,Subtraction,mrs. wong had number0 valentines . she gave number1 valentines to her children .,how many does she have left ?
mrs. franklin had number0 valentines . mrs. franklin gave some to her students . now she has number1 how many valentines did mrs. franklin give to her students ?,58 16,- number0 number1,42.0,"[1, 2, 3, 4, 6, 16, 17, 18, 25, 26, 27]",2,Subtraction,mrs. franklin had number0 valentines . mrs. franklin gave some to her students . now she has number1 how,many valentines did mrs. franklin give to her students ?
mrs. snyder made number0 heart cookies . she made number1 red cookies and the rest are pink . how many pink cookies did she make ?,86 36,- number0 number1,50.0,"[1, 2, 3, 4, 5, 6, 8, 9, 10, 11, 22, 23, 24]",2,Subtraction,mrs. snyder made number0 heart cookies . she made number1 red cookies and the rest are pink .,how many pink cookies did she make ?
number0 birds were sitting in a tree . some more fly up to the tree . then there were number1 birds in the tree . how many more flew up to the tree ?,29 42,- number1 number0,13.0,"[0, 1, 2, 3, 32, 18, 19, 20, 30, 31]",2,Subtraction,number0 birds were sitting in a tree . some more fly up to the tree . then there were number1 birds in the tree .,how many more flew up to the tree ?
number0 children were riding on the bus . at the bus stop some more children got on the bus . then there were number1 children altogether on the bus . how many children got on the bus at the bus stop ?,18 25,- number1 number0,7.0,"[0, 1, 2, 3, 38, 39, 40, 13, 15, 22, 23, 24]",2,Subtraction,number0 children were riding on the bus . at the bus stop some more children got on the bus . then there were number1 children altogether on the bus .,how many children got on the bus at the bus stop ?
there were number0 girls and number1 boys on the playground at recess . how many children were there in all ?,28 35,+ number0 number1,63.0,"[1, 2, 3, 4, 5, 6, 17, 18, 19]",2,Addition,there were number0 girls and number1 boys on the playground at recess .,how many children were there in all ?
the elephant had number0 peanuts . she ate number1 of them . how many peanuts did the elephant have left ?,407 129,- number0 number1,278.0,"[1, 2, 3, 4, 7, 8, 9, 17, 18, 19]",2,Subtraction,the elephant had number0 peanuts . she ate number1 of them .,how many peanuts did the elephant have left ?
there were number0 geese and number1 ducks in the marsh . how many birds were there in all ?,58 37,+ number0 number1,95.0,"[1, 2, 3, 4, 5, 6, 15, 16, 17]",2,Addition,there were number0 geese and number1 ducks in the marsh .,how many birds were there in all ?
robin had number0 pieces of gum . her brother gave her some more pieces . now robin has number1 pieces in all . how many pieces of gum did robin 's brother give her ?,18 44,- number1 number0,26.0,"[32, 1, 2, 3, 33, 5, 9, 17, 18, 19, 31]",2,Subtraction,robin had number0 pieces of gum . her brother gave her some more pieces . now robin has number1 pieces in all .,how many pieces of gum did robin 's brother give her ?
tommy had some balloons . his mom gave him number0 more balloons for his birthday . then tommy had number1 balloons . how many balloons did tommy have to start with ?,34 60,- number1 number0,26.0,"[1, 2, 5, 7, 8, 9, 10, 11, 18, 19, 20, 28, 29, 30]",2,Subtraction,tommy had some balloons . his mom gave him number0 more balloons for his birthday . then tommy had number1 balloons .,how many balloons did tommy have to start with ?
alex had some candles for his jack o'lanterns . he used number0 of them . now he has number1 left . how many candles did alex have to start with ?,32 12,+ number0 number1,44.0,"[10, 11, 12, 17, 18, 19, 27, 28, 29]",2,Addition,alex had some candles for his jack o'lanterns . he used number0 of them . now he has number1 left .,how many candles did alex have to start with ?
there were number0 kids on the soccer field . number1 kids decided to join in . now how many kids are on the soccer field ?,14 22,+ number0 number1,36.0,"[1, 2, 3, 8, 9, 10, 11, 22, 23, 24]",2,Addition,there were number0 kids on the soccer field . number1 kids decided to join in .,now how many kids are on the soccer field ?
finn has number0 goldfish . number1 of the goldfish die . how many goldfish are left ?,89 32,- number0 number1,57.0,"[1, 2, 3, 5, 6, 13, 14, 15]",2,Subtraction,finn has number0 goldfish . number1 of the goldfish die .,how many goldfish are left ?
jane has number0 old brown sheets of drawing paper and number1 old yellow sheets of drawing paper . how many pieces of drawing paper does she have ?,28 27,+ number0 number1,55.0,"[1, 2, 3, 4, 5, 9, 10, 11, 12, 13, 24, 25, 26]",2,Addition,jane has number0 old brown sheets of drawing paper and number1 old yellow sheets of drawing paper .,how many pieces of drawing paper does she have ?
mikey had number0 leaves . some of her leaves blew away . now she has number1 leaves left . how many of her leaves blew away ?,356 112,- number0 number1,244.0,"[1, 2, 3, 14, 15, 16, 23, 24, 25]",2,Subtraction,mikey had number0 leaves . some of her leaves blew away . now she has number1 leaves left .,how many of her leaves blew away ?
marcus has number0 baseball cards . he has number1 more than carter . how many baseball cards does carter have ?,210 58,- number0 number1,152.0,"[1, 2, 3, 4, 6, 7, 8, 9, 17, 18, 19]",2,Subtraction,marcus has number0 baseball cards . he has number1 more than carter .,how many baseball cards does carter have ?
gavin has number0 shirts . number1 are blue the rest are green . how many green shirts does gavin have ?,23 6,- number0 number1,17.0,"[1, 2, 3, 5, 6, 7, 17, 18, 19]",2,Subtraction,gavin has number0 shirts . number1 are blue the rest are green .,how many green shirts does gavin have ?
ethan has number0 presents . alissa has number1 more than ethan . how many presents does alissa have ?,31 22,+ number0 number1,53.0,"[1, 2, 3, 5, 6, 7, 8, 15, 16, 17]",2,Addition,ethan has number0 presents . alissa has number1 more than ethan .,how many presents does alissa have ?
cindy had number0 pieces of candy . she ate number1 pieces in the morning and number2 more pieces in the afternoon . how many pieces of candy does she have left ?,41 6 12,- - number0 number1 number2,23.0,"[1, 2, 3, 8, 9, 10, 14, 15, 16, 17, 28, 29, 30]",2,TVQ-Final,cindy had number0 pieces of candy . she ate number1 pieces in the morning and number2 more pieces in the afternoon .,how many pieces of candy does she have left ?
robert wants to practice goal kicks for soccer . he decides to have number0 kicks before going home from the park . he takes number1 kicks before taking a break to get a drink of water . he then takes another number2 kicks . how many more kicks does he need to make before he goes home ?,98 43 36,- - number0 number1 number2,19.0,"[1, 2, 3, 40, 41, 42, 12, 13, 14, 55, 54, 23, 24, 25, 56]",2,TVQ-Final,robert wants to practice goal kicks for soccer . he decides to have number0 kicks before going home from the park . he takes number1 kicks before taking a break to get a drink of water . he then takes another number2 kicks .,how many more kicks does he need to make before he goes home ?
cindy has number0 stickers . she uses number1 stickers . she buys number2 more stickers . how many stickers does cindy have now ?,105 23 45,+ - number0 number1 number2,127.0,"[1, 2, 3, 5, 6, 7, 8, 11, 12, 13, 14, 20, 21, 22]",2,TVQ-Final,cindy has number0 stickers . she uses number1 stickers . she buys number2 more stickers .,how many stickers does cindy have now ?
brian has number0 pencils . he gives number1 pencils to a friend . he buys number2 more pencils . how many pencils does brian have now ?,39 18 22,+ - number0 number1 number2,43.0,"[1, 2, 3, 5, 6, 7, 8, 14, 15, 16, 17, 23, 24, 25]",2,TVQ-Final,brian has number0 pencils . he gives number1 pencils to a friend . he buys number2 more pencils .,how many pencils does brian have now ?
karen has number0 markers . her mother gives her number1 more markers . karen loses number2 markers . how many markers does she have now ?,252 34 11,- + number0 number1 number2,275.0,"[1, 2, 3, 5, 7, 8, 9, 10, 11, 14, 15, 16, 22, 23, 24]",2,TVQ-Final,karen has number0 markers . her mother gives her number1 more markers . karen loses number2 markers .,how many markers does she have now ?
on the first day of the week pat had number0 stickers . pat earned number1 more during the week . how many stickers did pat have at the end of the week ?,39 22,+ number0 number1,61.0,"[1, 5, 8, 9, 10, 13, 14, 15, 29, 30, 31]",2,Addition,on the first day of the week pat had number0 stickers . pat earned number1 more during the week .,how many stickers did pat have at the end of the week ?
kelly had number0 apples . how many more apples does kelly need to pick to have number1 apples altogether ?,56 105,- number1 number0,49.0,"[1, 2, 3, 6, 10, 15, 16, 17, 18]",2,Subtraction,kelly had number0 apples .,how many more apples does kelly need to pick to have number1 apples altogether ?
todd has some gum . steve gave him number0 more pieces of gum . now todd has number1 pieces of gum . how many pieces did todd have to start with ?,16 54,- number1 number0,38.0,"[1, 2, 4, 7, 8, 9, 10, 16, 17, 18, 28, 29, 30]",2,Subtraction,todd has some gum . steve gave him number0 more pieces of gum . now todd has number1 pieces of gum .,how many pieces did todd have to start with ?
josh had number0 pencils . he gave number1 pencils to dorothy . how many pencils does josh have left ?,142 31,- number0 number1,111.0,"[1, 2, 3, 6, 7, 8, 16, 17, 18]",2,Subtraction,josh had number0 pencils . he gave number1 pencils to dorothy .,how many pencils does josh have left ?
nell collects baseball cards . she had number0 cards . she gave some of her cards to jeff and now has number1 cards left . how many cards did nell give to jeff ?,304 276,- number0 number1,28.0,"[32, 1, 5, 6, 7, 8, 10, 20, 21, 22, 30, 31]",2,Subtraction,nell collects baseball cards . she had number0 cards . she gave some of her cards to jeff and now has number1 cards left .,how many cards did nell give to jeff ?
there are number0 boys and some girls on the playground . there are number1 children altogether . how many girls are on the playground ?,40 117,- number1 number0,77.0,"[1, 2, 3, 12, 13, 14, 21, 22, 23]",2,Subtraction,there are number0 boys and some girls on the playground . there are number1 children altogether .,how many girls are on the playground ?
carla has some marbles . she bought number0 marbles . now she has number1 marbles . how many did she start with ?,134 187,- number1 number0,53.0,"[1, 2, 6, 7, 8, 12, 13, 14, 19, 20, 21]",2,Subtraction,carla has some marbles . she bought number0 marbles . now she has number1 marbles .,how many did she start with ?
paco had number0 cookies . he ate number1 of them . how many cookies did paco have left ?,35 6,- number0 number1,29.0,"[1, 2, 3, 6, 7, 8, 15, 16, 17]",2,Subtraction,paco had number0 cookies . he ate number1 of them .,how many cookies did paco have left ?
connie has number0 red markers and number1 blue markers . how many markers does she have altogether ?,41 64,+ number0 number1,105.0,"[1, 2, 3, 4, 5, 6, 7, 8, 14, 15, 16]",2,Addition,connie has number0 red markers and number1 blue markers .,how many markers does she have altogether ?
joe had number0 toy cars . if he gets number1 more cars how many cars will he have then ?,50 12,+ number0 number1,62.0,"[1, 2, 3, 4, 7, 8, 9, 10, 11, 16, 17, 18]",2,Addition,joe had number0 toy cars . if he gets number1 more cars,how many cars will he have then ?
maria had number0 pieces of gum . tommy gave her number1 more pieces . luis gave her number2 more pieces . how many pieces of gum does maria have now ?,25 16 20,+ + number0 number1 number2,61.0,"[1, 2, 3, 4, 7, 9, 10, 11, 12, 16, 17, 18, 19, 27, 28, 29]",2,Sum,maria had number0 pieces of gum . tommy gave her number1 more pieces . luis gave her number2 more pieces .,how many pieces of gum does maria have now ?
there are number0 pigs in the barn . some more come to join them . now there are number1 pigs . how many pigs came to join them ?,64 86,- number1 number0,22.0,"[1, 2, 3, 17, 18, 19, 25, 26, 27]",2,Subtraction,there are number0 pigs in the barn . some more come to join them . now there are number1 pigs .,how many pigs came to join them ?
rosa had number0 flowers . andre gave her some more flowers . now rosa has number1 flowers . how many flowers did andre give to rosa ?,67 90,- number1 number0,23.0,"[1, 2, 3, 4, 5, 14, 15, 16, 23, 24, 25]",2,Subtraction,rosa had number0 flowers . andre gave her some more flowers . now rosa has number1 flowers .,how many flowers did andre give to rosa ?
adolfo made a tower with number0 blocks . he added some more blocks and now he has number1 blocks . how many did he have to add ?,35 65,- number1 number0,30.0,"[1, 3, 4, 5, 6, 8, 16, 17, 18, 24, 25, 26]",2,Subtraction,adolfo made a tower with number0 blocks . he added some more blocks and now he has number1 blocks .,how many did he have to add ?
lucy put number0 shells in her bucket . she found some more shells and now she has number1 shells . how many more did she find ?,68 89,- number1 number0,21.0,"[1, 2, 3, 8, 16, 17, 18, 23, 24, 25]",2,Subtraction,lucy put number0 shells in her bucket . she found some more shells and now she has number1 shells .,how many more did she find ?
josh had number0 marbles in his collection . he lost number1 marbles . how many marbles does he have now ?,16 7,- number0 number1,9.0,"[1, 2, 3, 5, 9, 10, 11, 17, 18, 19]",2,Subtraction,josh had number0 marbles in his collection . he lost number1 marbles .,how many marbles does he have now ?
megan has number0 seashells . how many more seashells does she need to find to have number1 seashells in her collection ?,19 25,- number1 number0,6.0,"[1, 2, 3, 6, 10, 15, 16, 17, 18, 19, 20]",2,Subtraction,megan has number0 seashells .,how many more seashells does she need to find to have number1 seashells in her collection ?
brad has number0 balloons . number1 balloons are red and the rest are green . how many green balloons does brad have ?,17 8,- number0 number1,9.0,"[1, 2, 3, 5, 6, 8, 19, 20, 21]",2,Subtraction,brad has number0 balloons . number1 balloons are red and the rest are green .,how many green balloons does brad have ?
there are number0 books on the shelf . marta put number1 more books on the shelf . how many books are on the shelf now ?,38 10,+ number0 number1,48.0,"[1, 2, 3, 6, 9, 10, 11, 12, 22, 23, 24]",2,Addition,there are number0 books on the shelf . marta put number1 more books on the shelf .,how many books are on the shelf now ?
a bee has number0 legs . how many legs do number1 bees have ?,6 8,* number0 number1,48.0,"[1, 2, 3, 4, 6, 9, 10, 11, 12]",2,Multiplication,a bee has number0 legs .,how many legs do number1 bees have ?
mrs. hilt wants to make a border around her garden . she needs number0 rocks to complete the border . she has number1 rocks . how many more rocks does she need to complete the border ?,125 64,- number0 number1,61.0,"[1, 2, 33, 34, 35, 6, 12, 13, 14, 21, 22, 23]",2,Subtraction,mrs. hilt wants to make a border around her garden . she needs number0 rocks to complete the border . she has number1 rocks .,how many more rocks does she need to complete the border ?
mrs. hilt had number0 marbles . she lost number1 of them . how many marbles does she have left ?,38 15,- number0 number1,23.0,"[1, 2, 3, 4, 6, 7, 8, 9, 16, 17, 18]",2,Subtraction,mrs. hilt had number0 marbles . she lost number1 of them .,how many marbles does she have left ?
mrs. hilt and her sister drove to a concert number0 miles away . they drove number1 miles and then stopped for gas . her sister put number2 gallons of gas in the car . how many miles did they have left to drive ?,78 32 28,- number0 number1,46.0,"[1, 2, 6, 8, 9, 10, 40, 41, 42, 14, 15, 16, 25, 26, 27]",2,Subtraction,mrs. hilt and her sister drove to a concert number0 miles away . they drove number1 miles and then stopped for gas . her sister put number2 gallons of gas in the car .,how many miles did they have left to drive ?
mrs. hilt bought number0 hot dogs . each hot dog cost number1 cents . how much money did she pay for all of the hot dogs ?,6 50,* number0 number1,300.0,"[2, 3, 4, 5, 7, 10, 11, 12, 23, 24, 25]",2,Multiplication,mrs. hilt bought number0 hot dogs . each hot dog cost number1 cents .,how much money did she pay for all of the hot dogs ?
mrs. hilt has number0 cents . a pencil costs number1 cents . how many pencils can she buy with the money she has ?,50 5,/ number0 number1,10.0,"[2, 3, 4, 8, 9, 10, 20, 21, 22]",2,Common-Division,mrs. hilt has number0 cents . a pencil costs number1 cents .,how many pencils can she buy with the money she has ?
mrs. hilt saw number0 butterflies . some of the butterflies were red and others were orange . if number1 of the butterflies were orange how many of them were red ?,33 20,- number0 number1,13.0,"[2, 3, 4, 17, 18, 19, 27, 28, 29]",2,Subtraction,mrs. hilt saw number0 butterflies . some of the butterflies were red and others were orange . if number1 of the butterflies were orange,how many of them were red ?
mrs. hilt had number0 cents . she bought a pencil for number1 cents and a piece of candy for number2 cents . how much money did she have left ?,43 20 5,- - number0 number1 number2,18.0,"[2, 3, 4, 10, 11, 12, 18, 19, 20, 26, 27, 28]",2,TVQ-Final,mrs. hilt had number0 cents . she bought a pencil for number1 cents and a piece of candy for number2 cents .,how much money did she have left ?
on tuesday mrs. hilt saw number0 raisins on a tray in the cafeteria . that was number1 more raisins than she saw the day before . how many raisins were on the table on monday ?,88 8,- number0 number1,80.0,"[32, 1, 33, 3, 4, 5, 6, 34, 15, 16, 17, 18]",2,Subtraction,on tuesday mrs. hilt saw number0 raisins on a tray in the cafeteria . that was number1 more raisins than she saw the day before .,how many raisins were on the table on monday ?
mrs. hilt bought carnival tickets . the tickets cost $ number0 for number1 tickets . if mrs. hilt bought number2 tickets how much did she pay ?,1 4 12,/ number2 number1,3.0,"[2, 3, 9, 10, 11, 12, 13, 18, 19, 20, 23, 24, 25]",2,Common-Division,mrs. hilt bought carnival tickets . the tickets cost $ number0 for number1 tickets . if mrs. hilt bought number2 tickets,how much did she pay ?
mrs. hilt saw number0 snakes number1 alligators number2 frogs and number3 bears . how many reptiles did mrs. hilt see ?,21 11 36 57,+ number0 number1,32.0,"[2, 3, 4, 5, 6, 7, 8, 9, 10, 11, 17, 18, 19]",2,Addition,mrs. hilt saw number0 snakes number1 alligators number2 frogs and number3 bears .,how many reptiles did mrs. hilt see ?
the hawks scored number0 touchdowns worth number1 points each . how many points do they have ?,3 7,* number1 number0,21.0,"[1, 2, 3, 4, 5, 6, 7, 8, 13, 14, 15]",2,Multiplication,the hawks scored number0 touchdowns worth number1 points each .,how many points do they have ?
zach scored number0 points in the football game . ben scored number1 points . how many more points did zach score ?,42 21,- number0 number1,21.0,"[1, 2, 3, 6, 10, 11, 12, 18, 19, 20]",2,Subtraction,zach scored number0 points in the football game . ben scored number1 points .,how many more points did zach score ?
a quarter equals $ number0 . how many quarters equal $ number1 ?,0.25 2.25,/ number1 number0,9.0,"[2, 3, 4, 9, 10, 11, 12]",2,Common-Division,a quarter equals $ number0 .,how many quarters equal $ number1 ?
kate has number0 pennies . john has number1 pennies . how many more pennies does john have ?,223 388,- number1 number0,165.0,"[1, 2, 3, 6, 7, 8, 14, 15, 16]",2,Subtraction,kate has number0 pennies . john has number1 pennies .,how many more pennies does john have ?
mark has number0 trees in his backyard . if he plants number1 more how many trees will he have ?,13 12,+ number0 number1,25.0,"[1, 2, 3, 6, 10, 11, 12, 16, 17, 18]",2,Addition,mark has number0 trees in his backyard . if he plants number1 more,how many trees will he have ?
kim has number0 cousins . she wants to give each one number1 pieces of gum . how much gum will she need ?,4 5,* number0 number1,20.0,"[1, 2, 3, 9, 10, 11, 12, 19, 20, 21]",2,Multiplication,kim has number0 cousins . she wants to give each one number1 pieces of gum .,how much gum will she need ?
dan has $ number0 . he bought a candy bar for $ number1 . how much money is left ?,3.00 1.00,- number0 number1,2.0,"[1, 2, 3, 11, 12, 16, 17, 18]",2,Subtraction,dan has $ number0 . he bought a candy bar for $ number1 .,how much money is left ?
number0 boats are in the lake . each boat has number1 people . how many people are on boats in the lake ?,5 3,* number0 number1,15.0,"[0, 1, 2, 5, 7, 9, 10, 11, 19, 20, 21]",2,Multiplication,number0 boats are in the lake . each boat has number1 people .,how many people are on boats in the lake ?
there are number0 dogs number1 fish and number2 cats at my farm . how many pets do i have at my farm ?,43 72 34,+ + number0 number1 number2,149.0,"[1, 2, 3, 4, 5, 6, 7, 8, 19, 20, 21]",2,Sum,there are number0 dogs number1 fish and number2 cats at my farm .,how many pets do i have at my farm ?
charlie has number0 more snowballs than lucy . she has number1 snowballs . how many does charlie have ?,31 19,+ number0 number1,50.0,"[1, 2, 3, 4, 9, 10, 11, 15, 16, 17]",2,Addition,charlie has number0 more snowballs than lucy . she has number1 snowballs .,how many does charlie have ?
randy has number0 blocks . he uses number1 blocks to build a tower . how many blocks are left ?,78 19,- number0 number1,59.0,"[1, 2, 3, 6, 7, 8, 16, 17, 18]",2,Subtraction,randy has number0 blocks . he uses number1 blocks to build a tower .,how many blocks are left ?
gino has number0 brown bears number1 white bears and number2 black bears . how many bears does gino have ?,15 24 27,+ + number0 number1 number2,66.0,"[1, 2, 3, 4, 5, 6, 7, 8, 9, 10, 11, 16, 17, 18]",2,Sum,gino has number0 brown bears number1 white bears and number2 black bears .,how many bears does gino have ?
morgan has number0 red pens number1 blue pens and number2 black pens . how many pens does she have ?,65 45 58,+ + number0 number1 number2,168.0,"[1, 2, 3, 4, 5, 6, 7, 8, 9, 10, 11, 16, 17, 18]",2,Sum,morgan has number0 red pens number1 blue pens and number2 black pens .,how many pens does she have ?
bryan has number0 skittles . ben has number1 m & m 's . how many more does brian have ?,50 20,- number0 number1,30.0,"[1, 2, 3, 6, 7, 8, 16, 17, 18]",2,Subtraction,bryan has number0 skittles . ben has number1 m & m 's .,how many more does brian have ?
while building the house charlie noticed that they were running out of nails so he told his father he 's going to buy some . if they still have number0 nails left and charlie bought number1 boxes of nails the big number2 containing number3 nails and the small number4 containing number5 how many nails will they have ?,9 2 1 55 1 31,+ + number0 number5 number3,95.0,"[3, 9, 17, 27, 28, 29, 30, 31, 34, 35, 36, 40, 41, 42, 43, 44, 47, 48, 49, 50, 51, 54, 55, 56]",3,Sum,while building the house charlie noticed that they were running out of nails so he told his father he 's going to buy some . if they still have number0 nails left and charlie bought number1 boxes of nails the big number2 containing number3 nails and the small number4 containing number5,how many nails will they have ?
the treehouse is almost done ; all they need is to paint it . his father estimated that they will use number0 ounces of white paint number1 ounces of green paint and number2 ounces of brown paint . how many ounces of paint would they buy in total ?,20 15 34,+ + number0 number1 number2,69.0,"[32, 33, 1, 6, 7, 45, 46, 47, 20, 21, 22, 25, 26, 27, 31]",3,Sum,the treehouse is almost done ; all they need is to paint it . his father estimated that they will use number0 ounces of white paint number1 ounces of green paint and number2 ounces of brown paint .,how many ounces of paint would they buy in total ?
upon finishing the treehouse charlie 's mother served them freshly baked cookies . if charlie ate number0 cookies his father ate number1 and his mother only ate number2 how many cookies were eaten in total ?,15 10 5,+ + number0 number1 number2,30.0,"[32, 33, 2, 34, 7, 10, 15, 16, 17, 20, 21, 22, 26, 27, 28]",3,Sum,upon finishing the treehouse charlie 's mother served them freshly baked cookies . if charlie ate number0 cookies his father ate number1 and his mother only ate number2,how many cookies were eaten in total ?
annie is about to celebrate her birthday next week so her friends decided to throw her a surprise birthday party . jessica annie 's best friend is hosting the party . she plans on making pizza for everyone . if she bought number0 pieces of pepperoni number1 pieces of salami and number2 pieces of bacon as meat ingredients how many pieces of meat did she buy in total ?,15 10 30,+ + number0 number1 number2,55.0,"[65, 2, 66, 67, 41, 42, 43, 45, 46, 47, 50, 51, 52, 20, 26]",3,Sum,annie is about to celebrate her birthday next week so her friends decided to throw her a surprise birthday party . jessica annie 's best friend is hosting the party . she plans on making pizza for everyone . if she bought number0 pieces of pepperoni number1 pieces of salami and number2 pieces of bacon as meat ingredients,how many pieces of meat did she buy in total ?
andrew annie 's other friend was assigned with the preparation of appetizers . he decided to bring number0 hotdogs on sticks number1 pieces of bite-sized cheese pops and number2 pieces of chicken nuggets . how many portions of appetizers did andrew bring in all ?,30 20 40,+ + number0 number1 number2,90.0,"[3, 41, 42, 43, 16, 17, 18, 20, 21, 22, 27, 28, 29]",3,Sum,andrew annie 's other friend was assigned with the preparation of appetizers . he decided to bring number0 hotdogs on sticks number1 pieces of bite-sized cheese pops and number2 pieces of chicken nuggets .,how many portions of appetizers did andrew bring in all ?
annie 's mother has also been asked to be a part of the surprise . she was tasked to be in charge of drinks . she made number0 glasses of orange juice number1 glasses of grape juice and number2 glasses of apple juice . how many glasses of juice would there be ?,25 15 5,+ + number0 number1 number2,45.0,"[32, 33, 1, 37, 38, 39, 7, 49, 50, 51, 26, 27, 28, 31]",3,Sum,annie 's mother has also been asked to be a part of the surprise . she was tasked to be in charge of drinks . she made number0 glasses of orange juice number1 glasses of grape juice and number2 glasses of apple juice .,how many glasses of juice would there be ?
on the actual day of annie 's birthday almost everyone in her class came to surprise her . if annie has number0 girl classmates number1 boy classmates and number2 teachers in her class how many people attended her birthday party ?,15 20 3,+ + number0 number1 number2,38.0,"[2, 37, 38, 39, 20, 21, 22, 23, 24, 25, 27, 28, 29]",3,Sum,on the actual day of annie 's birthday almost everyone in her class came to surprise her . if annie has number0 girl classmates number1 boy classmates and number2 teachers in her class,how many people attended her birthday party ?
the group then went on to check out the houses along broadway street and the scary werewolf avenue . after the long walk they decided to count their candy again . if mary has number0 chewing gums sam has number1 chewing gums and sue has number2 chewing gums how many chewing gums did the number3 have in all ?,5 10 15 3,+ + number0 number1 number2,30.0,"[2, 7, 13, 18, 24, 33, 34, 35, 36, 38, 39, 40, 41, 44, 45, 46, 47, 53, 54, 55, 56, 57]",3,Sum,the group then went on to check out the houses along broadway street and the scary werewolf avenue . after the long walk they decided to count their candy again . if mary has number0 chewing gums sam has number1 chewing gums and sue has number2 chewing gums,how many chewing gums did the number3 have in all ?
if the all the participants found a total number0 eggs from the club house number1 eggs from the park and number2 eggs from the town hall how many easter eggs were found that day ?,40 25 15,+ + number0 number1 number2,80.0,"[32, 33, 5, 7, 8, 9, 13, 14, 15, 19, 20, 21, 27, 31]",3,Sum,if the all the participants found a total number0 eggs from the club house number1 eggs from the park and number2 eggs from the town hall,how many easter eggs were found that day ?
penny 's class is going to animaland the largest zoo on earth for their science field trip . the zoo has a variety of wild animals in captivity . their first destination was the aviary . the aviary has number0 species of eagles on show that day . they have number1 bald eagles number2 harpy eagles and number3 crowned eagles . how many eagles are on display that day ?,3 20 15 30,+ + number1 number2 number3,65.0,"[1, 2, 5, 10, 38, 39, 40, 49, 50, 51, 52, 53, 54, 55, 56, 57, 58, 59, 66, 67, 68]",3,Sum,penny 's class is going to animaland the largest zoo on earth for their science field trip . the zoo has a variety of wild animals in captivity . their first destination was the aviary . the aviary has number0 species of eagles on show that day . they have number1 bald eagles number2 harpy eagles and number3 crowned eagles .,how many eagles are on display that day ?
after the aviary was the zoo 's swamp area . penny counted a total of number0 tree frogs number1 poison frogs and number2 wood frogs . how many frogs was penny able to count ?,55 10 13,+ + number0 number1 number2,78.0,"[32, 1, 33, 5, 14, 15, 16, 17, 18, 19, 20, 21, 22, 23, 24, 31]",3,Sum,after the aviary was the zoo 's swamp area . penny counted a total of number0 tree frogs number1 poison frogs and number2 wood frogs .,how many frogs was penny able to count ?
aside from frogs the swamp area is also home to a few dangerous animals . penny 's teacher pointed out number0 crocodiles number1 alligators and number2 vipers . how many dangerous animals did the teacher point out in total ?,22 23 5,+ + number0 number1 number2,50.0,"[3, 36, 37, 38, 19, 20, 21, 22, 23, 24, 25, 26]",3,Sum,aside from frogs the swamp area is also home to a few dangerous animals . penny 's teacher pointed out number0 crocodiles number1 alligators and number2 vipers .,how many dangerous animals did the teacher point out in total ?
next in their itinerary was the insectarium home to hundreds of insect species . penny who likes butterflies and ants took pictures of the different species . she was able to capture number0 species of butterflies number1 species of ants and number2 species of other insects . how many species of insects did penny capture ?,60 15 20,+ + number0 number1 number2,95.0,"[32, 33, 1, 35, 36, 37, 4, 7, 40, 41, 42, 11, 10, 52, 53, 54, 31]",3,Sum,next in their itinerary was the insectarium home to hundreds of insect species . penny who likes butterflies and ants took pictures of the different species . she was able to capture number0 species of butterflies number1 species of ants and number2 species of other insects .,how many species of insects did penny capture ?
last stop in their field trip was the aquarium . penny identified number0 species of sharks number1 species of eels and number2 different species of whales . how many species was penny able to identify ?,35 15 5,+ + number0 number1 number2,55.0,"[32, 1, 33, 34, 5, 11, 12, 13, 15, 16, 17, 20, 21, 22, 23]",3,Sum,last stop in their field trip was the aquarium . penny identified number0 species of sharks number1 species of eels and number2 different species of whales .,how many species was penny able to identify ?
marcus and his friends are starting a recycling project to help the school raise some money for charity . they were tasked to collect different materials and create useful things from those . if marcus was able to gather number0 milk bottles and john was able to gather number1 milk bottles how many milk bottles do they have available for recycling ?,25 20,+ number1 number0,45.0,"[5, 38, 39, 40, 41, 14, 47, 48, 49, 50, 19, 25, 58, 59, 60]",3,Addition,marcus and his friends are starting a recycling project to help the school raise some money for charity . they were tasked to collect different materials and create useful things from those . if marcus was able to gather number0 milk bottles and john was able to gather number1 milk bottles,how many milk bottles do they have available for recycling ?
chris tasked to lead the newspaper collection was able to obtain number0 newspapers from their neighborhood . if his sister lily helped him and was able to get number1 more newspapers from another block how many newspapers were they able to collect together ?,42 23,+ number0 number1,65.0,"[40, 41, 10, 11, 12, 42, 18, 22, 27, 28, 29, 30]",3,Addition,chris tasked to lead the newspaper collection was able to obtain number0 newspapers from their neighborhood . if his sister lily helped him and was able to get number1 more newspapers from another block,how many newspapers were they able to collect together ?
andy another part of the recycling team decided he would gather tin foil wrappers . if he was able to pick up number0 wrappers around the village dumpster and his best friend max was able to collect number1 how many wrappers were gathered in total ?,34 15,+ number0 number1,49.0,"[36, 37, 38, 5, 10, 42, 43, 44, 21, 22, 23, 24]",3,Addition,andy another part of the recycling team decided he would gather tin foil wrappers . if he was able to pick up number0 wrappers around the village dumpster and his best friend max was able to collect number1,how many wrappers were gathered in total ?
after collecting materials they started making recycled products to sell during the school 's recycling fair . if marcus made number0 pen holders from the milk bottles and annie was able to make number1 how many pen holders were made ?,26 37,+ number0 number1,63.0,"[32, 33, 34, 2, 37, 38, 39, 18, 19, 20, 21, 22]",3,Addition,after collecting materials they started making recycled products to sell during the school 's recycling fair . if marcus made number0 pen holders from the milk bottles and annie was able to make number1,how many pen holders were made ?
if the group was able to make number0 recycled materials from what they gathered and the teachers were able to make number1 how many recycled products will they be able to sell at the fair ?,65 28,+ number0 number1,93.0,"[32, 33, 34, 6, 7, 8, 9, 20, 21, 22]",3,Addition,if the group was able to make number0 recycled materials from what they gathered and the teachers were able to make number1,how many recycled products will they be able to sell at the fair ?
robyn and lucy are members of their village 's girl scout troop . during weekends and some weekdays they go around selling cookies in the neighborhood . they have a week before the month ends and they are doing their best to get a badge from selling cookies . working overtime robyn sold number0 packs of cookies while lucy sold number1 how many packs of cookies were they able to sell that day ?,47 29,+ number0 number1,76.0,"[1, 3, 70, 7, 71, 72, 52, 53, 54, 59, 60, 61]",3,Addition,robyn and lucy are members of their village 's girl scout troop . during weekends and some weekdays they go around selling cookies in the neighborhood . they have a week before the month ends and they are doing their best to get a badge from selling cookies . working overtime robyn sold number0 packs of cookies while lucy sold number1 how,many packs of cookies were they able to sell that day ?
because of an upcoming exam robyn will not be able to sell cookies on tuesday . to make up for it lucy decided to do double the work to catch up . she sold number0 cookies on her first round and number1 on her second round . how many cookies were sold by lucy ?,34 27,+ number0 number1,61.0,"[33, 34, 35, 1, 40, 41, 42, 11, 51, 52, 53]",3,Addition,because of an upcoming exam robyn will not be able to sell cookies on tuesday . to make up for it lucy decided to do double the work to catch up . she sold number0 cookies on her first round and number1 on her second round .,how many cookies were sold by lucy ?
still a little behind robyn asked her mother to drive them around town on wednesday to cover more houses . that day robyn sold number0 packs of cookies while lucy sold number1 how many packs were they able to sell that day ?,55 43,+ number0 number1,98.0,"[32, 1, 3, 5, 39, 40, 41, 23, 24, 25, 30, 31]",3,Addition,still a little behind robyn asked her mother to drive them around town on wednesday to cover more houses . that day robyn sold number0 packs of cookies while lucy sold number1 how,many packs were they able to sell that day ?
with the end of the month coming in number0 days they decided to sell cookies to the neighboring villages as well . if they sold number1 packs on number2 village and number3 on the other how many cookies were they able to sell in the other villages ?,2 23 1 28,+ number1 number3,51.0,"[32, 2, 7, 8, 9, 44, 45, 46, 24, 25, 26, 27, 28, 29, 30, 31]",3,Addition,with the end of the month coming in number0 days they decided to sell cookies to the neighboring villages as well . if they sold number1 packs on number2 village and number3 on the other,how many cookies were they able to sell in the other villages ?
on the day of the awarding ceremony robyn and lucy decided to sell more cookies during the morning to make sure they get the badge . lucy sold number0 packs and robyn sold number1 how many packs did they sell on their last day ?,19 16,+ number0 number1,35.0,"[32, 33, 34, 1, 5, 41, 42, 43, 27, 28, 29]",3,Addition,on the day of the awarding ceremony robyn and lucy decided to sell more cookies during the morning to make sure they get the badge . lucy sold number0 packs and robyn sold number1 how,many packs did they sell on their last day ?
it 's earth awareness day and the town of flora is celebrating by planting trees in areas where the forest has been damaged . mayor fauna leader of the town of flora donated number0 oak tree seedlings and number1 seedlings of holly . how many seedlings did he donate altogether ?,27 16,+ number0 number1,43.0,"[32, 33, 34, 1, 36, 37, 38, 39, 8, 5, 47, 48, 49]",3,Addition,it 's earth awareness day and the town of flora is celebrating by planting trees in areas where the forest has been damaged . mayor fauna leader of the town of flora donated number0 oak tree seedlings and number1 seedlings of holly .,how many seedlings did he donate altogether ?
mr. fortree a businessman also gave seedlings for the tree planting activity . if he gave number0 seedlings of cedar and number1 seedlings of pine how many seedlings did he give in total ?,14 38,+ number0 number1,52.0,"[32, 2, 5, 13, 15, 16, 17, 20, 21, 22, 30, 31]",3,Addition,mr. fortree a businessman also gave seedlings for the tree planting activity . if he gave number0 seedlings of cedar and number1 seedlings of pine,how many seedlings did he give in total ?
students from flora middle school were asked to participate in the event . they planted number0 apple trees and number1 orange trees in the forest near their school . how many trees in total did the students plant ?,47 27,+ number0 number1,74.0,"[1, 35, 36, 37, 7, 8, 14, 15, 16, 17, 18, 19, 20, 21]",3,Addition,students from flora middle school were asked to participate in the event . they planted number0 apple trees and number1 orange trees in the forest near their school .,how many trees in total did the students plant ?
rangers from flora natural park and wildlife reserve also joined the activities on that day . they planted number0 redwood trees and number1 cypress trees to replace the trees that were destroyed during a recent forest fire . how many trees did the rangers plant ?,75 25,+ number1 number0,100.0,"[1, 6, 10, 42, 43, 44, 17, 18, 19, 20, 21, 22, 23, 24]",3,Addition,rangers from flora natural park and wildlife reserve also joined the activities on that day . they planted number0 redwood trees and number1 cypress trees to replace the trees that were destroyed during a recent forest fire .,how many trees did the rangers plant ?
professor treehead of the flora university requested his students to participate . he said that they planted number0 species of trees in the natural park number1 species of trees in the neighboring forest and number2 species of trees all around different locations in town . how many species of trees were planted by the students ?,15 20 10,+ + number0 number2 number1,45.0,"[33, 34, 35, 4, 1, 16, 17, 18, 52, 53, 54, 24, 25, 26]",3,Sum,professor treehead of the flora university requested his students to participate . he said that they planted number0 species of trees in the natural park number1 species of trees in the neighboring forest and number2 species of trees all around different locations in town .,how many species of trees were planted by the students ?
hazel and her father both love going on fishing trips . this year they planned to go around the great lakes for a unique fishing experience . their first stop is lake ontario . hazel and her father decided to have a contest between them . if hazel caught number0 salmons and her dad caught number1 how many salmons did they catch in total ?,24 27,+ number0 number1,51.0,"[2, 11, 15, 48, 49, 50, 54, 55, 56, 61, 62, 63]",3,Addition,hazel and her father both love going on fishing trips . this year they planned to go around the great lakes for a unique fishing experience . their first stop is lake ontario . hazel and her father decided to have a contest between them . if hazel caught number0 salmons and her dad caught number1,how many salmons did they catch in total ?
their next destination is lake erie . still in a contest hazel caught number0 different fishes while her father caught number1 how many fishes did they catch in lake erie ?,48 46,+ number0 number1,94.0,"[1, 5, 7, 12, 13, 14, 15, 19, 20, 21, 27, 28, 29]",3,Addition,their next destination is lake erie . still in a contest hazel caught number0 different fishes while her father caught number1 how,many fishes did they catch in lake erie ?
the following week they decided to go to lake huron and lake michigan . during their stay there they caught a total of number0 pikes number1 sturgeons and number2 herrings . how many fishes did they catch from the number3 lakes ?,30 40 75 2,+ + number0 number1 number2,145.0,"[38, 39, 40, 22, 23, 24, 25, 26, 27, 28, 29]",3,Sum,the following week they decided to go to lake huron and lake michigan . during their stay there they caught a total of number0 pikes number1 sturgeons and number2 herrings .,how many fishes did they catch from the number3 lakes ?
being concerned with the ecology of lakes hazel and her dad returned the youngling fishes they caught . if they took number0 fishes from lake ontario and erie number1 fishes from lake huron and michigan and number2 from lake superior how many fishes will they bring home with them ?,23 30 44,+ + number0 number1 number2,97.0,"[2, 35, 36, 37, 11, 46, 47, 48, 20, 21, 22, 23, 27, 28, 29]",3,Sum,being concerned with the ecology of lakes hazel and her dad returned the youngling fishes they caught . if they took number0 fishes from lake ontario and erie number1 fishes from lake huron and michigan and number2 from lake superior,how many fishes will they bring home with them ?
it is buddy 's first day at a new school and he is feeling very nervous . his day begins with some bacon and egg prepared by his mother . after eating and preparing buddy headed out to catch the school bus from the nearest bus stop . including buddy there were number0 students that got on the bus during the first stop . if number1 more students got on the bus at the second stop how many students are riding the bus ?,39 29,+ number0 number1,68.0,"[64, 65, 66, 67, 3, 2, 4, 13, 16, 80, 81, 51, 52, 53, 82]",3,Addition,it is buddy 's first day at a new school and he is feeling very nervous . his day begins with some bacon and egg prepared by his mother . after eating and preparing buddy headed out to catch the school bus from the nearest bus stop . including buddy there were number0 students that got on the bus during the first stop . if number1 more students got on the bus at the second stop,how many students are riding the bus ?
upon arriving at the school buddy immediately went to his teacher where he was introduced to all the third grade students in the school . there were number0 girl students and number1 boy students . how many third graders did buddy meet in the school ?,57 66,+ number0 number1,123.0,"[32, 1, 42, 43, 44, 26, 27, 28, 29, 30, 31]",3,Addition,upon arriving at the school buddy immediately went to his teacher where he was introduced to all the third grade students in the school . there were number0 girl students and number1 boy students .,how many third graders did buddy meet in the school ?
during recess buddy went to the cafeteria where he met other students from different grades . if he met number0 second grade students number1 number2 grade students and number3 fifth grade students how many more students did buddy meet during recess ?,14 10 4 16,+ + number0 number1 number3,40.0,"[2, 4, 9, 10, 13, 17, 18, 19, 20, 22, 23, 24, 25, 26, 27, 28, 29, 31, 38, 39, 40]",3,Sum,during recess buddy went to the cafeteria where he met other students from different grades . if he met number0 second grade students number1 number2 grade students and number3 fifth grade students,how many more students did buddy meet during recess ?
after recess buddy changed clothes for gym class . down at the gym all the students were divided into number0 groups . if number1 group has number2 members and the other has number3 how many students are in buddy 's gym class ?,2 1 34 37,+ number2 number3,71.0,"[32, 33, 3, 39, 40, 41, 18, 19, 20, 22, 23, 24, 25, 26, 27, 31]",3,Addition,after recess buddy changed clothes for gym class . down at the gym all the students were divided into number0 groups . if number1 group has number2 members and the other has number3,how many students are in buddy 's gym class ?
sofia president of the school student organization held a meeting to talk about the food being served at the school cafeteria . the first order of business is to discuss whether the students like the food being served at the school . if number0 students said that they like the food and number1 students said they did n't how many students participated in the discussion ?,383 431,+ number0 number1,814.0,"[64, 3, 42, 43, 44, 11, 17, 51, 52, 53, 19, 62, 63]",3,Addition,sofia president of the school student organization held a meeting to talk about the food being served at the school cafeteria . the first order of business is to discuss whether the students like the food being served at the school . if number0 students said that they like the food and number1 students said they did n't,how many students participated in the discussion ?
after agreeing that the school menu needs to be changed they had a vote for food suggestions . if number0 voted to add more veggies to the menu and number1 voted to add more meat how many students voted ?,337 335,+ number0 number1,672.0,"[36, 37, 38, 18, 19, 20, 28, 29, 30]",3,Addition,after agreeing that the school menu needs to be changed they had a vote for food suggestions . if number0 voted to add more veggies to the menu and number1 voted to add more meat,how many students voted ?
since the result of the vote was close it was decided that they will balance the menu with both meat and vegetables . this decision was agreed upon by number0 third grade students and number1 number2 grade students . how many students agreed with the decision ?,154 237 4,+ number0 number1,391.0,"[32, 33, 34, 35, 36, 37, 1, 7, 3, 43, 44, 45, 28, 29, 30]",3,Addition,since the result of the vote was close it was decided that they will balance the menu with both meat and vegetables . this decision was agreed upon by number0 third grade students and number1 number2 grade students .,how many students agreed with the decision ?
because of the decision sofia asked the students to suggest specific types of food . if number0 students suggested adding mashed potatoes while number1 suggested adding bacon to the menu how many students participated in the suggestion of new food items ?,279 234,+ number0 number1,513.0,"[33, 5, 38, 39, 40, 15, 16, 17, 18, 22, 23, 24, 31]",3,Addition,because of the decision sofia asked the students to suggest specific types of food . if number0 students suggested adding mashed potatoes while number1 suggested adding bacon to the menu,how many students participated in the suggestion of new food items ?
after a week sofia did a survey to ask if the students liked the new menu . she found out that number0 students liked the new menu while number1 did n't . how many students took part in sofia 's survey ?,235 165,+ number0 number1,400.0,"[1, 3, 6, 38, 39, 40, 12, 20, 21, 22, 27, 28, 29]",3,Addition,after a week sofia did a survey to ask if the students liked the new menu . she found out that number0 students liked the new menu while number1 did n't .,how many students took part in sofia 's survey ?
winter is almost here and most animals are migrating to warmer countries . there are number0 bird families living near the mountain . if number1 bird families flew away for winter how many bird families were left near the mountain ?,67 32,- number0 number1,35.0,"[1, 4, 37, 38, 39, 9, 14, 15, 16, 17, 23, 24, 25, 26]",3,Subtraction,winter is almost here and most animals are migrating to warmer countries . there are number0 bird families living near the mountain . if number1 bird families flew away for winter,how many bird families were left near the mountain ?
at the river number0 out of number1 salmon families went to warmer waters to avoid being frozen . how many salmon families were left in the river ?,25 55,- number1 number0,30.0,"[2, 3, 4, 5, 6, 7, 24, 25, 26]",3,Subtraction,at the river number0 out of number1 salmon families went to warmer waters to avoid being frozen .,how many salmon families were left in the river ?
the wolves though accustomed to cold weather also wanted to move away from the incoming winter . if there are number0 packs of wolves living in the forest and number1 packs went away how many wolf packs were left in the forest ?,43 31,- number0 number1,12.0,"[2, 39, 40, 41, 14, 17, 19, 20, 21, 28, 29, 30]",3,Subtraction,the wolves though accustomed to cold weather also wanted to move away from the incoming winter . if there are number0 packs of wolves living in the forest and number1 packs went away,how many wolf packs were left in the forest ?
some deer families are also moving out to avoid the shortage of grass that will result from occasional blizzards . if there are number0 deer families in the area and around number1 of them stayed how many deer families moved out ?,79 45,- number0 number1,34.0,"[32, 2, 5, 38, 39, 40, 16, 19, 22, 23, 24, 25, 30, 31]",3,Subtraction,some deer families are also moving out to avoid the shortage of grass that will result from occasional blizzards . if there are number0 deer families in the area and around number1 of them stayed,how many deer families moved out ?
even the chipmunks are trying to get away to find other warmer places to stay . if number0 chipmunk families were left from the original number1 families how many chipmunk families went away ?,21 86,- number1 number0,65.0,"[32, 8, 12, 15, 16, 17, 18, 19, 24, 25, 26, 30, 31]",3,Subtraction,even the chipmunks are trying to get away to find other warmer places to stay . if number0 chipmunk families were left from the original number1 families,how many chipmunk families went away ?
wendy is a very generous kid . every time her parents buy her some stuff she always gives some of it to her friends . for her birthday this year she received a new set of shoes . she now has a total of number0 pairs of shoes . if she gave away number1 pairs of shoes to her friends how many pairs of shoes were left to her ?,33 14,- number0 number1,19.0,"[2, 66, 67, 68, 7, 43, 44, 45, 12, 52, 53, 54]",3,Subtraction,wendy is a very generous kid . every time her parents buy her some stuff she always gives some of it to her friends . for her birthday this year she received a new set of shoes . she now has a total of number0 pairs of shoes . if she gave away number1 pairs of shoes to her friends,how many pairs of shoes were left to her ?
at the first day back in school her parents bought her different colored pens . if her parents bought her number0 pens and she gave number1 of those to her friends how many pens were left for her to use ?,56 22,- number0 number1,34.0,"[3, 37, 38, 39, 9, 11, 12, 17, 19, 20, 21, 24, 25, 26]",3,Subtraction,at the first day back in school her parents bought her different colored pens . if her parents bought her number0 pens and she gave number1 of those to her friends,how many pens were left for her to use ?
during halloween she was able to get a lot of candies from trick or treating . she decided to give away some of them to the homeless kids nearby . if she has number0 candies and gave away number1 how many does she have left ?,60 40,- number0 number1,20.0,"[32, 33, 34, 2, 37, 38, 39, 42, 43, 44]",3,Subtraction,during halloween she was able to get a lot of candies from trick or treating . she decided to give away some of them to the homeless kids nearby . if she has number0 candies and gave away number1,how many does she have left ?
thanksgiving came and their family hosted their building 's thanksgiving dinner . they prepared a lot of food so she asked her parents if they could donate some to the soup kitchen next bock . if they prepared number0 turkeys and gave number1 of it to the soup kitchen how many were left for them to eat ?,36 18,- number0 number1,18.0,"[2, 37, 38, 39, 41, 42, 43, 54, 55, 56]",3,Subtraction,thanksgiving came and their family hosted their building 's thanksgiving dinner . they prepared a lot of food so she asked her parents if they could donate some to the soup kitchen next bock . if they prepared number0 turkeys and gave number1 of it to the soup kitchen,how many were left for them to eat ?
christmas came and as usual she received number0 gifts to put under the christmas tree . she wanted to make other kids happy so she sent number1 of her gifts to the orphanage downtown . how many gifts were left under their christmas tree ?,77 66,- number0 number1,11.0,"[1, 6, 7, 8, 41, 42, 43, 25, 26, 27]",3,Subtraction,christmas came and as usual she received number0 gifts to put under the christmas tree . she wanted to make other kids happy so she sent number1 of her gifts to the orphanage downtown .,how many gifts were left under their christmas tree ?
alicia loves collecting art . she has a whole house filled with all the art she obtained since she was a little kid . when she decided to move away she started donating some of her art to different museums . first museum she went to was the metropolitan museum in new york . she donated number0 medieval art pieces from the number1 she originally has . how many medieval art pieces were left with her ?,46 70,- number1 number0,24.0,"[1, 2, 3, 73, 74, 75, 55, 56, 57, 59, 61, 62, 63]",3,Subtraction,alicia loves collecting art . she has a whole house filled with all the art she obtained since she was a little kid . when she decided to move away she started donating some of her art to different museums . first museum she went to was the metropolitan museum in new york . she donated number0 medieval art pieces from the number1 she originally has .,how many medieval art pieces were left with her ?
the next museum on her list is the guggenheim in new york as well . there she gave number0 sets of egyptian mask from her collection of number1 how many sets of masks were left in alicia 's collection ?,51 90,- number1 number0,39.0,"[1, 2, 36, 37, 38, 17, 18, 19, 26, 27, 28]",3,Subtraction,the next museum on her list is the guggenheim in new york as well . there she gave number0 sets of egyptian mask from her collection of number1 how,many sets of masks were left in alicia 's collection ?
after new york she decided to visit the smithsonian in washington dc . if she has number0 miniature aircrafts and she gave away number1 to the national air and space museum how many are left with her ?,63 49,- number0 number1,14.0,"[2, 34, 4, 35, 36, 15, 16, 17, 18, 22, 23, 24]",3,Subtraction,after new york she decided to visit the smithsonian in washington dc . if she has number0 miniature aircrafts and she gave away number1 to the national air and space museum,how many are left with her ?
she also decided to contribute to the collection of the museum of natural history . after donating some of her bug collection she was left with number0 bug species . if she originally has number1 bug species how many did she donate ?,39 98,- number1 number0,59.0,"[33, 34, 35, 36, 3, 39, 40, 41, 25, 26, 27, 28]",3,Subtraction,she also decided to contribute to the collection of the museum of natural history . after donating some of her bug collection she was left with number0 bug species . if she originally has number1 bug species,how many did she donate ?
her last stop was the post office . there she sent her rock collection to the geological museum in london . she was left with her number0 favorite stones after sending away a part of her collection . if she originally has number1 stones in her collection how many did she send away ?,15 78,- number1 number0,63.0,"[3, 6, 41, 42, 43, 50, 51, 52, 25, 26, 27, 28]",3,Subtraction,her last stop was the post office . there she sent her rock collection to the geological museum in london . she was left with her number0 favorite stones after sending away a part of her collection . if she originally has number1 stones in her collection,how many did she send away ?
jasmine also bought some chips for her friends in which she got for a discount of $ number0 . if the chips originally cost $ number1 how much did she actually spend on chips ?,17.00 35.00,- number1 number0,18.0,"[32, 33, 4, 16, 17, 24, 25, 26, 31]",3,Subtraction,jasmine also bought some chips for her friends in which she got for a discount of $ number0 . if the chips originally cost $ number1,how much did she actually spend on chips ?
when she came back to her mother she returned $ number0 worth of change . from the initial $ number1 that her mom gave her how much money in total did she spend on buying groceries ?,27.00 100.00,- number1 number0,73.0,"[33, 2, 34, 35, 9, 10, 11, 18, 19, 20]",3,Subtraction,when she came back to her mother she returned $ number0 worth of change . from the initial $ number1 that her mom gave her,how much money in total did she spend on buying groceries ?
it 's basketball season in ashford elementary school . chuck the team captain of the blue team is feeling nervous about it . their first opponent is the red team composed of other number0 graders gave them a hard time . if they lost by number1 points and the red team scored number2 points what is their team 's final score ?,3 13 61,- number2 number1,48.0,"[32, 33, 34, 10, 45, 46, 47, 52, 53, 54, 58, 59, 60]",3,Subtraction,it 's basketball season in ashford elementary school . chuck the team captain of the blue team is feeling nervous about it . their first opponent is the red team composed of other number0 graders gave them a hard time . if they lost by number1 points and the red team scored number2 points,what is their team 's final score ?
feeling sad about their loss on their first game chuck and his teammates were determined to win on their next match against the yellow team . they scored number0 points and the yellow team scored number1 how large was their lead ?,72 55,- number0 number1,17.0,"[1, 34, 35, 36, 38, 39, 40, 27, 28, 29]",3,Subtraction,feeling sad about their loss on their first game chuck and his teammates were determined to win on their next match against the yellow team . they scored number0 points and the yellow team scored number1,how large was their lead ?
their next opponent was the green team . if their final score is number0 points and they led by number1 points what is green team 's final score ?,68 29,- number0 number1,39.0,"[12, 13, 14, 18, 19, 20, 25, 26, 27]",3,Subtraction,their next opponent was the green team . if their final score is number0 points and they led by number1 points,what is green team 's final score ?
with the win streak that they have chuck 's team was able to get into the playoffs . they reached the semi-finals where they played against the black team . if they finished the game with number0 points and won it by number1 points what is the black team 's final score ?,83 18,- number0 number1,65.0,"[35, 36, 37, 41, 42, 43, 49, 50, 51]",3,Subtraction,with the win streak that they have chuck 's team was able to get into the playoffs . they reached the semi-finals where they played against the black team . if they finished the game with number0 points and won it by number1 points,what is the black team 's final score ?
for the championship game they faced the powerful red team . wanting redemption chuck and his teammates did their best and gave everything that they 've got . in the end they won the game with the final score of number0 if the red team scored number1 points how large was the difference of their scores ?,95 76,- number0 number1,19.0,"[4, 39, 40, 41, 46, 47, 48, 53, 54, 55]",3,Subtraction,for the championship game they faced the powerful red team . wanting redemption chuck and his teammates did their best and gave everything that they 've got . in the end they won the game with the final score of number0 if the red team scored number1 points,how large was the difference of their scores ?
simon mark kevin and carl love collecting stamps . they meet up every month to compare and share their collections with each other . during the previous month kevin was able to collect number0 stamps while simon was only able to collect number1 how many more stamps does kevin have more than simon ?,45 27,- number0 number1,18.0,"[32, 33, 34, 1, 2, 6, 8, 41, 42, 43, 12, 50, 51, 52, 21]",3,Subtraction,simon mark kevin and carl love collecting stamps . they meet up every month to compare and share their collections with each other . during the previous month kevin was able to collect number0 stamps while simon was only able to collect number1 how,many more stamps does kevin have more than simon ?
carl on the other hand was able to collect number0 stamps which are number1 more than what mark was able to collect . how many stamps was mark able to collect ?,74 36,- number0 number1,38.0,"[1, 5, 8, 9, 10, 12, 13, 14, 28, 29, 30]",3,Subtraction,carl on the other hand was able to collect number0 stamps which are number1 more than what mark was able to collect .,how many stamps was mark able to collect ?
if carl has a total of number0 stamps and kevin has number1 how many more stamps does carl have more than kevin ?,89 57,- number0 number1,32.0,"[5, 6, 7, 10, 11, 12, 13, 14, 18, 19, 20, 21]",3,Subtraction,if carl has a total of number0 stamps and kevin has number1,how many more stamps does carl have more than kevin ?
the following month the number0 friends met again to share their collections . carl having the most number of stamps among all of them decided to give away some of his collections . if he has number1 stamps during that month and he gave away number2 how many stamps were left with him ?,4 96 48,- number1 number2,48.0,"[2, 35, 3, 4, 5, 36, 37, 6, 44, 45, 46, 14, 50, 51, 52]",3,Subtraction,the following month the number0 friends met again to share their collections . carl having the most number of stamps among all of them decided to give away some of his collections . if he has number1 stamps during that month and he gave away number2,how many stamps were left with him ?
before his friends gave him more stamps simon initially had number0 stamps . if he now has number1 stamps how many stamps did he receive from his friends ?,34 61,- number1 number0,27.0,"[3, 5, 7, 9, 10, 11, 16, 17, 18, 25, 26, 27]",3,Subtraction,before his friends gave him more stamps simon initially had number0 stamps . if he now has number1 stamps,how many stamps did he receive from his friends ?
rob is very fond of tall structures . he likes collecting pictures and comparing them . number0 of his favorite buildings are chicago 's sears tower and dubai 's burj khalifa . if burj khalifa stands at number1 meters high and sears stands at number2 meters high how much higher is burj khalifa than sears ?,2 830 527,- number1 number2,303.0,"[36, 37, 38, 43, 44, 45, 16, 17, 52, 53, 54]",3,Subtraction,rob is very fond of tall structures . he likes collecting pictures and comparing them . number0 of his favorite buildings are chicago 's sears tower and dubai 's burj khalifa . if burj khalifa stands at number1 meters high and sears stands at number2 meters high,how much higher is burj khalifa than sears ?
janine owns a catering service company . she was hired to cater for the mayor 's number0 birthday . for the appetizers she needs to make number1 mini meat pies . she divided her crew into number2 teams . if the first team made number3 and the second made number4 how many pies should the third team make ?,50 750 3 235 275,- number1 + number3 number4,240.0,"[35, 36, 37, 43, 44, 45, 12, 48, 49, 50, 18, 55, 56, 25, 26, 27, 29, 57]",3,Subtraction,janine owns a catering service company . she was hired to cater for the mayor 's number0 birthday . for the appetizers she needs to make number1 mini meat pies . she divided her crew into number2 teams . if the first team made number3 and the second made number4,how many pies should the third team make ?
next food item she has to prepare is soup . she needs number0 cups of mushroom soup . if the first team made number1 cups and the third team made number2 cups how any cups should the second team prepare in order to meet the required amount of soup ?,280 90 70,- number0 + number1 number2,120.0,"[1, 4, 11, 12, 13, 46, 47, 48, 21, 22, 23, 24, 29, 30, 31]",3,Subtraction,next food item she has to prepare is soup . she needs number0 cups of mushroom soup . if the first team made number1 cups and the third team made number2 cups,how any cups should the second team prepare in order to meet the required amount of soup ?
for the second main course they were asked to make number0 pieces of fish fillets . if the first team made number1 pieces and the second team made number2 pieces how many pieces should the third team make ?,500 189 131,- number0 + number1 number2,180.0,"[35, 4, 36, 37, 9, 10, 11, 15, 20, 21, 22, 27, 28, 29]",3,Subtraction,for the second main course they were asked to make number0 pieces of fish fillets . if the first team made number1 pieces and the second team made number2 pieces,how many pieces should the third team make ?
they served a total of number0 adults and number1 children if number2 of all the people they served are male how many are female ?,179 141 156,- + number0 number1 number2,164.0,"[4, 5, 6, 7, 8, 9, 10, 11, 12, 21, 22, 23]",3,Subtraction,they served a total of number0 adults and number1 children if number2 of all the people they served are male,how many are female ?
alvin is trying to build a small house in the forest so that he has a place to stay whenever he goes hunting . he started by gathering some wood . according to his blueprint he will need number0 pieces of wood . if his friend gave him number1 pieces and his brother gave him number2 pieces how many more wood does he need to gather ?,376 123 136,- - number0 number1 number2,117.0,"[64, 65, 3, 37, 38, 39, 6, 10, 47, 48, 49, 54, 55, 56, 63]",3,TVQ-Change,alvin is trying to build a small house in the forest so that he has a place to stay whenever he goes hunting . he started by gathering some wood . according to his blueprint he will need number0 pieces of wood . if his friend gave him number1 pieces and his brother gave him number2 pieces,how many more wood does he need to gather ?
he also needed some nails . if he already has number0 nails with him and he found another number1 in his toolshed how many more nails does he need to buy if he needs a total of number2 nails ?,247 144 500,- number2 + number0 number1,109.0,"[2, 3, 36, 37, 38, 9, 10, 11, 17, 18, 19, 24]",3,Subtraction,he also needed some nails . if he already has number0 nails with him and he found another number1 in his toolshed,how many more nails does he need to buy if he needs a total of number2 nails ?
to add support on the house 's connections he decided to tie the wood joints with rope . he needs number0 feet of rope . if he has number1 feet of rope with him and at the moment he only needed number2 feet how many feet of rope did his friends give to him ?,185 46 57,- number0 + number2 number1,82.0,"[1, 2, 40, 41, 42, 15, 19, 20, 21, 51, 52, 53, 26, 27, 28, 29]",3,Subtraction,to add support on the house 's connections he decided to tie the wood joints with rope . he needs number0 feet of rope . if he has number1 feet of rope with him and at the moment he only needed number2 feet,how many feet of rope did his friends give to him ?
he wanted to make sure that he is protected from the cold evenings in the forest so he decided to build a fireplace made of cement . if he bought number0 lbs of cement and his son brought another number1 lbs how much cement did he have originally if he now has number2 lbs ?,215 137 450,- number2 + number0 number1,98.0,"[2, 38, 39, 40, 10, 51, 52, 53, 24, 29, 30, 31]",3,Subtraction,he wanted to make sure that he is protected from the cold evenings in the forest so he decided to build a fireplace made of cement . if he bought number0 lbs of cement and his son brought another number1 lbs,how much cement did he have originally if he now has number2 lbs ?
for finishing touches he needed number0 gallons of paint . if he bought number1 gallons to add to his existing number2 gallons of paint how much more paint will he need ?,70 23 36,- - number0 number1 number2,11.0,"[2, 4, 5, 6, 9, 12, 13, 14, 19, 20, 21, 28, 29, 30]",3,TVQ-Change,for finishing touches he needed number0 gallons of paint . if he bought number1 gallons to add to his existing number2 gallons of paint,how much more paint will he need ?
after the cleaning the rivers they went on to tidy up the farmlands . if lizzie 's group covered number0 square feet of land and the other group covered number1 how many more square feet of land remains to be cleaned if there is total of number2 square feet of land ?,250 265 900,- number2 + number0 number1,385.0,"[4, 45, 46, 47, 48, 17, 18, 19, 20, 21, 49, 23, 50, 28, 29, 30]",3,Subtraction,after the cleaning the rivers they went on to tidy up the farmlands . if lizzie 's group covered number0 square feet of land and the other group covered number1,how many more square feet of land remains to be cleaned if there is total of number2 square feet of land ?
the number0 groups will also collect garbage from all the number1 houses in the city . if lizzie 's group covered number2 houses while the other group covered number3 how many more houses remain ?,2 453 238 190,- number1 + number2 number3,25.0,"[0, 1, 2, 32, 4, 5, 33, 9, 10, 11, 14, 15, 17, 20, 21, 22, 27, 28, 29, 31]",3,Subtraction,the number0 groups will also collect garbage from all the number1 houses in the city . if lizzie 's group covered number2 houses while the other group covered number3,how many more houses remain ?
finally they had to roam around number0 factories to make sure they are throwing their wastes properly . if their group went to number1 factories and the second went to number2 how many factories remain unchecked ?,169 69 52,- number0 + number1 number2,48.0,"[33, 34, 35, 4, 5, 6, 7, 14, 16, 22, 23, 24, 29, 30, 31]",3,Subtraction,finally they had to roam around number0 factories to make sure they are throwing their wastes properly . if their group went to number1 factories and the second went to number2,how many factories remain unchecked ?
kevin and his family just moved to a new neighborhood so they are holding a party to be able to meet their new neighbors . for the party they prepared a few snacks for everyone . if his sister prepared number0 mini cupcakes and his mother prepared number1 how many did his grandmother prepare if they have a total of number2 cupcakes ?,25 30 100,- number2 + number0 number1,45.0,"[3, 39, 40, 41, 42, 46, 47, 48, 59, 60, 61]",3,Subtraction,kevin and his family just moved to a new neighborhood so they are holding a party to be able to meet their new neighbors . for the party they prepared a few snacks for everyone . if his sister prepared number0 mini cupcakes and his mother prepared number1,how many did his grandmother prepare if they have a total of number2 cupcakes ?
they also prepared some chips . if he prepared number0 grams of chips and his father prepared number1 grams how much chips should his brother prepare if they are to have number2 grams of chips ?,350 268 800,- number2 + number0 number1,182.0,"[32, 33, 2, 34, 8, 9, 10, 16, 17, 18, 24, 30, 31]",3,Subtraction,they also prepared some chips . if he prepared number0 grams of chips and his father prepared number1 grams,how much chips should his brother prepare if they are to have number2 grams of chips ?
after the party kevin estimated that the total money they spent on food drinks and utensils sums up to $ number0 . if they spent $ number1 on food and $ number2 on utensils and other stuff how much did they spend on drinks ?,560.00 268.00 118.00,- number0 + number1 number2,174.0,"[32, 2, 41, 42, 43, 19, 20, 25, 26, 27, 30, 31]",3,Subtraction,after the party kevin estimated that the total money they spent on food drinks and utensils sums up to $ number0 . if they spent $ number1 on food and $ number2 on utensils and other stuff,how much did they spend on drinks ?
katie loves to travel . on her birthday she decided to go on a trip on a mysterious continent . her first destination was in an island of statues which is number0 miles from her place . she took a plane that made number1 stopovers the number2 stopover after covering number3 miles and the number4 stopover after another number5 miles . how much farther is the island from the number6 stopover ?,436 2 1 132 2 236 2,- number0 + number3 number5,68.0,"[32, 68, 5, 69, 70, 42, 43, 44, 12, 49, 50, 51, 57, 58, 59, 30, 31]",3,Subtraction,katie loves to travel . on her birthday she decided to go on a trip on a mysterious continent . her first destination was in an island of statues which is number0 miles from her place . she took a plane that made number1 stopovers the number2 stopover after covering number3 miles and the number4 stopover after another number5 miles .,how much farther is the island from the number6 stopover ?
katie spent a total $ number0 on her whole stay in the island . if she spent $ number1 on food and $ number2 on hotel rooms how much did she spend on buying other stuff ?,350.00 125.00 135.00,- number0 + number1 number2,90.0,"[1, 2, 3, 4, 5, 6, 33, 34, 35, 17, 18, 19, 22, 23, 24]",3,Subtraction,katie spent a total $ number0 on her whole stay in the island . if she spent $ number1 on food and $ number2 on hotel rooms,how much did she spend on buying other stuff ?
next she went to a country full of mountains . there she saw number0 species of insects reptiles and birds . if she saw number1 insect species and number2 bird species how many reptile species did she see ?,532 253 143,- number0 + number1 number2,136.0,"[2, 35, 36, 37, 11, 12, 13, 14, 16, 23, 24, 25, 26, 27, 28, 29, 30]",3,Subtraction,next she went to a country full of mountains . there she saw number0 species of insects reptiles and birds . if she saw number1 insect species and number2 bird species,how many reptile species did she see ?
after the mountain country she went to the famous beach on the continent . there she collected number0 seashells of different colors . if she has number1 red shells and number2 green shells how many shells are not red or green ?,291 76 49,- number0 + number1 number2,166.0,"[32, 2, 4, 38, 39, 8, 40, 11, 15, 16, 17, 18, 25, 26, 27, 28, 29, 30, 31]",3,Subtraction,after the mountain country she went to the famous beach on the continent . there she collected number0 seashells of different colors . if she has number1 red shells and number2 green shells,how many shells are not red or green ?
thanksgiving is coming and dr. mary wants to celebrate it by sharing her blessing to different charities . she first went to oldtown where she donated $ number0 in total to number1 different nursing homes . if she gave $ number2 to the first home and $ number3 to the second how much did she give to the third home ?,700.00 3 245.00 225.00,- number0 + number2 number3,230.0,"[32, 34, 2, 58, 39, 40, 41, 7, 59, 46, 47, 48, 14, 57, 26, 27, 28, 30, 31]",3,Subtraction,thanksgiving is coming and dr. mary wants to celebrate it by sharing her blessing to different charities . she first went to oldtown where she donated $ number0 in total to number1 different nursing homes . if she gave $ number2 to the first home and $ number3 to the second,how much did she give to the third home ?
she then went to number0 orphanages and donated a total of $ number1 . if she gave $ number2 to the first orphanage and $ number3 to the third how much did she donate to the second orphanage ?,3 650.00 175.00 250.00,- number1 + number2 number3,225.0,"[2, 3, 4, 5, 35, 36, 37, 11, 12, 17, 18, 19, 24, 25, 26]",3,Subtraction,she then went to number0 orphanages and donated a total of $ number1 . if she gave $ number2 to the first orphanage and $ number3 to the third,how much did she donate to the second orphanage ?
next on her list are the homeless people where she spent a total of $ number0 . if she gave $ number1 to the first set of homeless families and $ number2 to the second set of families how much did she give to the last set of homeless families ?,900.00 325.00 260.00,- number0 + number1 number2,315.0,"[32, 2, 14, 15, 47, 48, 49, 20, 21, 22, 30, 31]",3,Subtraction,next on her list are the homeless people where she spent a total of $ number0 . if she gave $ number1 to the first set of homeless families and $ number2 to the second set of families,how much did she give to the last set of homeless families ?
lastly she donated $ number0 to number1 different soup kitchens in her town . if she gave $ number2 to the first soup kitchen and $ number3 to the second how much did she donate to the third ?,800.00 3 300.00 238.00,- number0 + number2 number3,262.0,"[2, 3, 4, 5, 6, 7, 35, 9, 36, 37, 17, 18, 19, 25, 26, 27]",3,Subtraction,lastly she donated $ number0 to number1 different soup kitchens in her town . if she gave $ number2 to the first soup kitchen and $ number3 to the second,how much did she donate to the third ?
andrew is having his friends over for game night . so he decided to prepare the snacks and the games . he started by making mini sandwiches . if he has number0 friends coming over and he made number1 sandwiches for each one of them how many sandwiches did he make in total ?,4 3,* number0 number1,12.0,"[32, 2, 3, 37, 38, 39, 41, 9, 18, 50, 51, 52, 22, 30, 31]",3,Multiplication,andrew is having his friends over for game night . so he decided to prepare the snacks and the games . he started by making mini sandwiches . if he has number0 friends coming over and he made number1 sandwiches for each one of them,how many sandwiches did he make in total ?
he also made some juice from fresh oranges . if he used number0 oranges per glass of juice and he made number1 glasses of juice how many oranges did he use ?,2 6,* number0 number1,12.0,"[2, 6, 11, 12, 13, 14, 17, 20, 21, 22, 28, 29, 30]",3,Multiplication,he also made some juice from fresh oranges . if he used number0 oranges per glass of juice and he made number1 glasses of juice,how many oranges did he use ?
lastly andrew tried to compute his expenses for the game night . if he spent $ number0 for each game they played and they played a total of number1 games how much money did he spend that night ?,9.00 5,* number0 number1,45.0,"[2, 35, 36, 37, 15, 16, 17, 18, 27, 28, 29]",3,Multiplication,lastly andrew tried to compute his expenses for the game night . if he spent $ number0 for each game they played and they played a total of number1 games,how much money did he spend that night ?
her mom also baked some cookies . if she baked number0 pans of cookies and there are number1 cookies per pan how many cookies did her mom bake for her birthday ?,5 8,* number0 number1,40.0,"[2, 3, 9, 10, 11, 15, 16, 17, 18, 19, 20, 28, 29, 30]",3,Multiplication,her mom also baked some cookies . if she baked number0 pans of cookies and there are number1 cookies per pan,how many cookies did her mom bake for her birthday ?
they planned to serve some cold drinks as well . if they plan to make number0 pitchers of drinks and each pitcher can fill number1 glasses how many glasses of drinks are they planning to prepare in total ?,9 6,* number0 number1,54.0,"[35, 4, 36, 37, 13, 14, 15, 16, 17, 20, 23, 24, 25]",3,Multiplication,they planned to serve some cold drinks as well . if they plan to make number0 pitchers of drinks and each pitcher can fill number1 glasses,how many glasses of drinks are they planning to prepare in total ?
they decided to hold the party in their backyard . if they have number0 sets of tables and each set has number1 chairs how many chairs do they have for the guests ?,8 7,* number0 number1,56.0,"[2, 10, 12, 13, 14, 18, 20, 21, 22, 29, 30, 31]",3,Multiplication,they decided to hold the party in their backyard . if they have number0 sets of tables and each set has number1 chairs,how many chairs do they have for the guests ?
at the end of the party mona gave away some souvenirs to her number0 closest friends . if each of them received number1 souvenir items how many souvenirs did mona give away ?,6 2,* number0 number1,12.0,"[4, 12, 13, 14, 15, 18, 21, 22, 23, 24, 29, 30, 31]",3,Multiplication,at the end of the party mona gave away some souvenirs to her number0 closest friends . if each of them received number1 souvenir items,how many souvenirs did mona give away ?
john is building a tree house to serve as his hideout whenever he wanted to spend some time alone with himself . the first thing he did is to gather some materials . for the pillars he needs number0 sets of wood with different lengths . if the first set of wood is number1 feet long and the second set is number2 times longer than the first set how long is the second set of wood ?,2 4 5,* number1 number2,20.0,"[37, 38, 39, 73, 74, 75, 15, 52, 53, 54, 60, 61, 62]",3,Multiplication,john is building a tree house to serve as his hideout whenever he wanted to spend some time alone with himself . the first thing he did is to gather some materials . for the pillars he needs number0 sets of wood with different lengths . if the first set of wood is number1 feet long and the second set is number2 times longer than the first set,how long is the second set of wood ?
another material that he needs is rope . if he already has number0 feet of rope and he needs additional ropes having number1 times the length of what he already have how long should be the additional rope ?,6 5,* number0 number1,30.0,"[3, 35, 36, 37, 11, 12, 13, 21, 22, 23]",3,Multiplication,another material that he needs is rope . if he already has number0 feet of rope and he needs additional ropes having number1 times the length of what he already have,how long should be the additional rope ?
for the walls of the house he would use number0 large planks of wood . if each plank of wood needs number1 pieces of nails to be secured how many nails does john need for the house wall ?,9 8,* number0 number1,72.0,"[35, 36, 5, 37, 8, 9, 10, 11, 16, 20, 21, 22]",3,Multiplication,for the walls of the house he would use number0 large planks of wood . if each plank of wood needs number1 pieces of nails to be secured,how many nails does john need for the house wall ?
for the roof john would need number0 sets of metal bars for support . if each set has number1 metal bars how many metal bars are there in all ?,2 7,* number0 number1,14.0,"[3, 5, 6, 7, 8, 12, 15, 17, 18, 19, 20, 26, 27, 28]",3,Multiplication,for the roof john would need number0 sets of metal bars for support . if each set has number1 metal bars,how many metal bars are there in all ?
for the final touches john wanted to paint the house using the number0 primary colors . if he has number1 liters of paint for each color how many liters of paint does he have in all ?,3 5,* number0 number1,15.0,"[33, 2, 34, 35, 10, 11, 12, 13, 14, 17, 18, 19, 20, 24]",3,Multiplication,for the final touches john wanted to paint the house using the number0 primary colors . if he has number1 liters of paint for each color,how many liters of paint does he have in all ?
the kids from oakwood elementary school are visiting a bird zoo for their field trip . to get to the bird zoo from the school the kids have to ride some buses . if there are number0 buses and each bus has number1 adult supervisors to guide the children how many supervisors are there in total ?,7 3,* number0 number1,21.0,"[2, 35, 36, 37, 39, 8, 41, 42, 43, 44, 10, 17, 20, 53, 54, 55, 29]",3,Multiplication,the kids from oakwood elementary school are visiting a bird zoo for their field trip . to get to the bird zoo from the school the kids have to ride some buses . if there are number0 buses and each bus has number1 adult supervisors to guide the children,how many supervisors are there in total ?
if each bus have number0 rows of seats and each row of seats can accommodate number1 children how many children can each bus accommodate ?,9 4,* number0 number1,36.0,"[1, 3, 4, 5, 9, 14, 15, 16, 18, 21, 22, 23]",3,Multiplication,if each bus have number0 rows of seats and each row of seats can accommodate number1 children,how many children can each bus accommodate ?
at the bird zoo the kids were able to visit number0 different bird cages each containing number1 different kinds of birds . how many different kinds of birds did the children see from the bird cages ?,5 8,* number0 number1,40.0,"[1, 2, 33, 34, 35, 9, 10, 11, 13, 14, 15, 16, 17, 18]",3,Multiplication,at the bird zoo the kids were able to visit number0 different bird cages each containing number1 different kinds of birds .,how many different kinds of birds did the children see from the bird cages ?
at the back of the zoo is a mountain where the birds can roam free in a natural habitat . the children saw number0 types of eagles living on each section of the mountain . if the mountain has number1 sections how many types of eagles did the children see in total ?,6 3,* number0 number1,18.0,"[2, 3, 38, 39, 40, 7, 14, 49, 50, 51, 22, 23, 24, 29]",3,Multiplication,at the back of the zoo is a mountain where the birds can roam free in a natural habitat . the children saw number0 types of eagles living on each section of the mountain . if the mountain has number1 sections,how many types of eagles did the children see in total ?
their last stop before leaving the zoo is the bird museum . there they went through number0 bird exhibits spending number1 minutes going around each exhibit . how much time did they spend going through the museum ?,7 9,* number0 number1,63.0,"[34, 35, 36, 7, 15, 16, 17, 18, 19, 20, 21, 24]",3,Multiplication,their last stop before leaving the zoo is the bird museum . there they went through number0 bird exhibits spending number1 minutes going around each exhibit .,how much time did they spend going through the museum ?
annie takes trick or treating seriously . so days before halloween she makes sure that the details of her trick or treating are well planned . first she wanted to find out the number of houses in her village . if the village has number0 houses per block and has a total of number1 blocks how many houses are there in her village ?,5 9,* number0 number1,45.0,"[3, 43, 44, 45, 46, 16, 19, 52, 53, 54, 60, 61, 62]",3,Multiplication,annie takes trick or treating seriously . so days before halloween she makes sure that the details of her trick or treating are well planned . first she wanted to find out the number of houses in her village . if the village has number0 houses per block and has a total of number1 blocks,how many houses are there in her village ?
she also estimated the number of candies that she will receive from each block . if she will receive around number0 pieces of candies from every house and there are number1 houses in a block how many candies will she receive from each block ?,7 5,* number0 number1,35.0,"[3, 41, 42, 43, 12, 14, 19, 20, 21, 25, 29, 30, 31]",3,Multiplication,she also estimated the number of candies that she will receive from each block . if she will receive around number0 pieces of candies from every house and there are number1 houses in a block,how many candies will she receive from each block ?
she wants to know how many children will go trick or treating in their village . if there are number0 children on each of the number1 blocks how many children will go trick or treating in annie 's village ?,6 9,* number0 number1,54.0,"[2, 36, 5, 37, 38, 8, 12, 15, 18, 19, 20, 22, 24, 25, 26]",3,Multiplication,she wants to know how many children will go trick or treating in their village . if there are number0 children on each of the number1 blocks,how many children will go trick or treating in annie 's village ?
annie also planned the time she would spend going around the number0 blocks in her village . if she plans on spending just number1 minutes on each block how much time would it take for her to finish trick or treating ?,9 8,* number0 number1,72.0,"[4, 38, 39, 40, 10, 11, 12, 22, 23, 24, 26]",3,Multiplication,annie also planned the time she would spend going around the number0 blocks in her village . if she plans on spending just number1 minutes on each block,how much time would it take for her to finish trick or treating ?
finally she planned on going to the halloween party in the village club house . she wanted to make sure that she will have the perfect costume so she rented number0 different costumes from the halloween store . if each costume rent costs $ number1 how much did she spend on all the costumes ?,4 2.00,* number0 number1,8.0,"[32, 4, 39, 43, 44, 45, 14, 16, 51, 52, 53, 29, 30, 31]",3,Multiplication,finally she planned on going to the halloween party in the village club house . she wanted to make sure that she will have the perfect costume so she rented number0 different costumes from the halloween store . if each costume rent costs $ number1,how much did she spend on all the costumes ?
being his favorite michael has number0 times more flying robots than tom . if tom has number1 flying robots how many flying robots does michael have ?,4 3,* number0 number1,12.0,"[2, 4, 5, 6, 7, 8, 12, 15, 16, 17, 18, 23, 24, 25]",3,Multiplication,being his favorite michael has number0 times more flying robots than tom . if tom has number1 flying robots,how many flying robots does michael have ?
tom saw that michael has the rare robot that would complete number0 of his robot sets . michael offered to sell it but he said that tom will need to pay number1 times the original price . if the rare robot has an original price of $ number2 how much should tom pay ?,1 3 3.00,* number1 number2,9.0,"[32, 10, 11, 12, 46, 47, 48, 50, 51, 52, 30, 31]",3,Multiplication,tom saw that michael has the rare robot that would complete number0 of his robot sets . michael offered to sell it but he said that tom will need to pay number1 times the original price . if the rare robot has an original price of $ number2,how much should tom pay ?
before they end the meeting tom counted the total number of robots in his collection . he has number0 sets of robots and each set is composed of number1 robots . how many robots does tom have in his collection ?,6 7,* number0 number1,42.0,"[1, 5, 37, 38, 39, 17, 18, 19, 23, 27, 28, 29]",3,Multiplication,before they end the meeting tom counted the total number of robots in his collection . he has number0 sets of robots and each set is composed of number1 robots .,how many robots does tom have in his collection ?
michelle likes to save money every now and then so that she has money to buy the things that she wants . number0 day she decided to count her savings . she opened her piggy bank and sorted out the different coins and dollar bills . if she counted a total of number1 nickels ( a nickel is equivalent to number2 cents ) what is the total value of money does she have in nickels ?,1 20 5,* number1 number2,100.0,"[5, 72, 73, 74, 51, 52, 53, 22, 23, 59, 60, 61]",3,Multiplication,michelle likes to save money every now and then so that she has money to buy the things that she wants . number0 day she decided to count her savings . she opened her piggy bank and sorted out the different coins and dollar bills . if she counted a total of number1 nickels ( a nickel is equivalent to number2 cents ),what is the total value of money does she have in nickels ?
daniel and his brother ben went to their grandfather 's farm for a few weeks of vacation . during their stay at the farm they were asked to take care of the animals . number0 day his grandfather asked if he could count the total number of sheep that they have . if there are number1 herds of sheep and each herd has number2 sheep how many sheep do they have in total ?,1 3 20,* number1 number2,60.0,"[64, 34, 35, 2, 70, 71, 72, 10, 14, 18, 54, 55, 56, 60, 62, 63]",3,Multiplication,daniel and his brother ben went to their grandfather 's farm for a few weeks of vacation . during their stay at the farm they were asked to take care of the animals . number0 day his grandfather asked if he could count the total number of sheep that they have . if there are number1 herds of sheep and each herd has number2 sheep,how many sheep do they have in total ?
ben on the other hand was asked to count the number of cows that they have . he saw that there are a total of number0 cows for every cow herd . how many cows do they have in total if there are number1 cow herds in the farm ?,40 8,* number0 number1,320.0,"[1, 5, 42, 43, 44, 45, 10, 46, 47, 48, 24, 25, 26, 28]",3,Multiplication,ben on the other hand was asked to count the number of cows that they have . he saw that there are a total of number0 cows for every cow herd .,how many cows do they have in total if there are number1 cow herds in the farm ?
both of them were also asked to take note of the total number of chicken in the farm . ben counted a total of number0 chicken coops and daniel said that there are number1 chickens in number2 coop . how many chickens do they have in total ?,9 60 1,* number0 number1,540.0,"[32, 33, 34, 35, 36, 37, 1, 5, 44, 13, 45, 46, 23, 24, 25, 26]",3,Multiplication,both of them were also asked to take note of the total number of chicken in the farm . ben counted a total of number0 chicken coops and daniel said that there are number1 chickens in number2 coop .,how many chickens do they have in total ?
ben was also given number0 trays of eggs to examine . if each tray has number1 eggs how many eggs did ben examine in total ?,7 10,* number0 number1,70.0,"[3, 4, 5, 7, 11, 12, 14, 15, 16, 22, 23, 24]",3,Multiplication,ben was also given number0 trays of eggs to examine . if each tray has number1 eggs,how many eggs did ben examine in total ?
after they vacation they figured out that the farm was divided into number0 sections and each section has a land area of number1 acres . what is the total area of the farm ?,5 60,* number1 number0,300.0,"[32, 11, 12, 13, 15, 21, 22, 23, 30, 31]",3,Multiplication,after they vacation they figured out that the farm was divided into number0 sections and each section has a land area of number1 acres .,what is the total area of the farm ?
jenny and her family just moved into a new city and today would be her first day on a new school . she wanted to make sure that she is well rested so she made sure that she had number0 hours of sleep . if an hour is composed of number1 minutes how many minutes of sleep did she have ?,8 60,* number0 number1,480.0,"[38, 39, 40, 9, 16, 49, 50, 51, 57, 58, 59]",3,Multiplication,jenny and her family just moved into a new city and today would be her first day on a new school . she wanted to make sure that she is well rested so she made sure that she had number0 hours of sleep . if an hour is composed of number1 minutes,how many minutes of sleep did she have ?
she also ate a hearty breakfast so that she would have enough energy . she bought number0 pieces of her favorite bread . if each piece of bread costs number1 cents how much did jenny spend for her breakfast ?,5 30,* number0 number1,150.0,"[1, 36, 5, 37, 38, 15, 16, 17, 24, 28, 29, 30]",3,Multiplication,she also ate a hearty breakfast so that she would have enough energy . she bought number0 pieces of her favorite bread . if each piece of bread costs number1 cents,how much did jenny spend for her breakfast ?
to get to school jenny decided to ride the school 's double decker bus . the bus has a total of number0 rows of seats and each row has a capacity of number1 kids . how many kids in total can ride the school bus ?,20 4,* number0 number1,80.0,"[32, 33, 1, 6, 42, 43, 44, 20, 21, 22, 26, 31]",3,Multiplication,to get to school jenny decided to ride the school 's double decker bus . the bus has a total of number0 rows of seats and each row has a capacity of number1 kids .,how many kids in total can ride the school bus ?
when she got to school she saw that the school is composed of number0 buildings each having number1 classrooms . how many classrooms does the school have ?,9 30,* number0 number1,270.0,"[1, 6, 12, 13, 14, 15, 16, 17, 18, 24, 25, 26]",3,Multiplication,when she got to school she saw that the school is composed of number0 buildings each having number1 classrooms .,how many classrooms does the school have ?
she also tried to get to know the teachers in the school . she found out that there are number0 departments in the school and each department has number1 teachers . how many teachers are there in total ?,7 20,* number0 number1,140.0,"[1, 35, 4, 5, 6, 36, 37, 14, 18, 19, 20, 25, 27, 28, 29]",3,Multiplication,she also tried to get to know the teachers in the school . she found out that there are number0 departments in the school and each department has number1 teachers .,how many teachers are there in total ?
stanley a car enthusiast loves to drive across different places as a hobby . so for his vacation he decided to go around his favorite places . his first destination is the famous sky falls number0 of the tallest waterfalls in his country . it is said to be number1 times as tall as the tallest building in their city . if the building is number2 feet tall how tall is sky falls ?,1 20 9,* number1 number2,180.0,"[64, 65, 34, 35, 36, 66, 70, 71, 72, 48, 49, 50]",3,Multiplication,stanley a car enthusiast loves to drive across different places as a hobby . so for his vacation he decided to go around his favorite places . his first destination is the famous sky falls number0 of the tallest waterfalls in his country . it is said to be number1 times as tall as the tallest building in their city . if the building is number2 feet tall,how tall is sky falls ?
when he arrived there he went on to climb to the top of the falls . it usually takes number0 minutes for someone to get to the top . stanley took time to see the view so his climb took number1 times longer than the usual . how many minutes did it take stanley to get to the top ?,30 7,* number0 number1,210.0,"[1, 2, 5, 39, 40, 41, 18, 19, 20, 56, 57, 58]",3,Multiplication,when he arrived there he went on to climb to the top of the falls . it usually takes number0 minutes for someone to get to the top . stanley took time to see the view so his climb took number1 times longer than the usual .,how many minutes did it take stanley to get to the top ?
after going down the falls he then went to rock mist mountains . if the mountain is number0 times farther from the city than sky falls and sky falls is number1 miles from the city how far is the rocky mist from the city ?,50 8,* number0 number1,400.0,"[41, 42, 43, 16, 17, 18, 29, 30, 31]",3,Multiplication,after going down the falls he then went to rock mist mountains . if the mountain is number0 times farther from the city than sky falls and sky falls is number1 miles from the city,how far is the rocky mist from the city ?
before reaching the mountains stanley stopped over a car shop to buy new tires for the road . if he bought number0 tires each for $ number1 how much did he spend for tires in total ?,4 60.00,* number0 number1,240.0,"[33, 2, 34, 35, 11, 12, 20, 21, 22, 23, 25, 26, 27]",3,Multiplication,before reaching the mountains stanley stopped over a car shop to buy new tires for the road . if he bought number0 tires each for $ number1,how much did he spend for tires in total ?
tyler an animal rights advocate decided to build his own animal sanctuary to protect different animals from poachers . the sanctuary was divided into different regions . the first region to be built was a bird sanctuary . initially he had number0 endangered bird species on that region . if each species has number1 pairs of birds how many pairs does he have in total ?,29 7,* number0 number1,203.0,"[64, 2, 3, 4, 40, 41, 42, 9, 44, 13, 50, 52, 53, 54, 62, 63]",3,Multiplication,tyler an animal rights advocate decided to build his own animal sanctuary to protect different animals from poachers . the sanctuary was divided into different regions . the first region to be built was a bird sanctuary . initially he had number0 endangered bird species on that region . if each species has number1 pairs of birds,how many pairs does he have in total ?
another region was the aquatic reserve for freshwater organisms . if there are number0 bodies of water in the region each having number1 different fishes how many fishes does he have in total ?,6 175,* number0 number1,1050.0,"[32, 2, 11, 12, 13, 14, 16, 20, 21, 22, 23, 24, 30, 31]",3,Multiplication,another region was the aquatic reserve for freshwater organisms . if there are number0 bodies of water in the region each having number1 different fishes,how many fishes does he have in total ?
he also had number0 aquariums for saltwater animals . each aquarium has number1 animals in it . how many saltwater animals does tyler have ?,8 64,* number0 number1,512.0,"[1, 2, 3, 4, 6, 9, 11, 12, 13, 21, 22, 23]",3,Multiplication,he also had number0 aquariums for saltwater animals . each aquarium has number1 animals in it .,how many saltwater animals does tyler have ?
the sanctuary also includes several swamp areas where most of the reptiles usually reside . if there are number0 swamps each having number1 different reptiles how many reptiles are living in the swamp areas ?,4 356,* number0 number1,1424.0,"[32, 33, 2, 6, 8, 11, 14, 17, 18, 19, 20, 21, 22, 23, 24, 31]",3,Multiplication,the sanctuary also includes several swamp areas where most of the reptiles usually reside . if there are number0 swamps each having number1 different reptiles,how many reptiles are living in the swamp areas ?
there are number0 more sections that are undeveloped . each of the remaining sections has a land area of number1 square feet . what is the total area of the undeveloped land ?,3 2435,* number0 number1,7305.0,"[1, 2, 3, 4, 9, 18, 19, 20, 29, 30, 31]",3,Multiplication,there are number0 more sections that are undeveloped . each of the remaining sections has a land area of number1 square feet .,what is the total area of the undeveloped land ?
it 's rachel 's birthday . her parents wanted her to have fun so they went to the circus that happened to be in town that day . upon arriving at the circus they went to the ticket booth and asked how much each ticket cost . if each ticket costs $ number0 and they bought number1 tickets how much money did they spend on tickets ?,44.00 7,* number0 number1,308.0,"[64, 65, 3, 8, 43, 48, 51, 52, 53, 55, 56, 57, 63]",3,Multiplication,it 's rachel 's birthday . her parents wanted her to have fun so they went to the circus that happened to be in town that day . upon arriving at the circus they went to the ticket booth and asked how much each ticket cost . if each ticket costs $ number0 and they bought number1 tickets,how much money did they spend on tickets ?
they entered the circus tent and saw that there are number0 seating sections for the audience . if each section can accommodate number1 people how many people can the tent accommodate in total ?,4 246,* number0 number1,984.0,"[32, 4, 8, 9, 10, 11, 12, 13, 18, 21, 22, 23, 30, 31]",3,Multiplication,they entered the circus tent and saw that there are number0 seating sections for the audience . if each section can accommodate number1 people,how many people can the tent accommodate in total ?
the first act included number0 clown mobiles each stuffed with number1 clowns . how many clowns are inside all the clown mobiles combined ?,5 28,* number0 number1,140.0,"[1, 3, 4, 5, 6, 7, 8, 9, 10, 11, 20, 21, 22]",3,Multiplication,the first act included number0 clown mobiles each stuffed with number1 clowns .,how many clowns are inside all the clown mobiles combined ?
the next act involved several jugglers . if each juggler is juggling number0 balls at a time how many balls are needed if there are number1 jugglers putting a show at the same time ?,6 378,* number0 number1,2268.0,"[32, 33, 3, 4, 8, 11, 12, 13, 17, 24, 25, 26, 31]",3,Multiplication,the next act involved several jugglers . if each juggler is juggling number0 balls at a time,how many balls are needed if there are number1 jugglers putting a show at the same time ?
for the final act the circus brought out dancing animals wearing crowns . if each crown is made with number0 different colored feathers how many feathers are needed for number1 crowns ?,7 934,* number0 number1,6538.0,"[7, 8, 10, 11, 14, 18, 19, 20, 22, 28, 29, 30]",3,Multiplication,for the final act the circus brought out dancing animals wearing crowns . if each crown is made with number0 different colored feathers,how many feathers are needed for number1 crowns ?
amanda and her friends decided to go to an amusement park for the weekend . the nearest amusement park from their city is super fun-tastic land . if they cover a distance of number0 miles for every hour of travel and they travelled for number1 hours how far is sfl from the city ?,27 3,* number0 number1,81.0,"[32, 33, 34, 36, 43, 44, 45, 50, 51, 52]",3,Multiplication,amanda and her friends decided to go to an amusement park for the weekend . the nearest amusement park from their city is super fun-tastic land . if they cover a distance of number0 miles for every hour of travel and they travelled for number1 hours,how far is sfl from the city ?
when they got there they saw that sfl is already filled with people . every entrance has a long line with number0 people waiting to get in . if sfl has number1 entrances how many people in total are waiting to get in ?,283 5,* number0 number1,1415.0,"[32, 2, 6, 40, 41, 42, 11, 14, 20, 21, 22, 30, 31]",3,Multiplication,when they got there they saw that sfl is already filled with people . every entrance has a long line with number0 people waiting to get in . if sfl has number1 entrances,how many people in total are waiting to get in ?
determined to have fun they travelled to the next amusement park happyland . if they cover a distance of number0 feet for every minute of travel and they travelled for number1 minutes how far is happyland from sfl ?,328 9,* number0 number1,2952.0,"[35, 36, 37, 18, 19, 20, 22, 29, 30, 31]",3,Multiplication,determined to have fun they travelled to the next amusement park happyland . if they cover a distance of number0 feet for every minute of travel and they travelled for number1 minutes,how far is happyland from sfl ?
when they arrived at happyland they immediately went in and bought their tickets . if each ticket cost $ number0 and they bought number1 tickets how much did they spend on tickets ?,17.00 8,* number0 number1,136.0,"[3, 8, 10, 15, 18, 19, 20, 22, 23, 24, 29, 30, 31]",3,Multiplication,when they arrived at happyland they immediately went in and bought their tickets . if each ticket cost $ number0 and they bought number1 tickets,how much did they spend on tickets ?
he also has a section filled with short story booklets . if each booklet has number0 pages and there are number1 booklets in the short story section how many pages will jack need to go through if he plans to read them all ?,9 49,* number0 number1,441.0,"[3, 8, 40, 41, 42, 12, 14, 15, 16, 17, 19, 20, 21]",3,Multiplication,he also has a section filled with short story booklets . if each booklet has number0 pages and there are number1 booklets in the short story section,how many pages will jack need to go through if he plans to read them all ?
