Question,Numbers,Equation,Answer,group_nums,Grade,Type,Body,Ques_Statement
number0 red apples and number1 green apples are in the basket . how many apples are in the basket ?,7 2,+ number0 number1,9.0,"[0, 1, 2, 3, 4, 5, 6, 10, 16, 17, 18]",1,Addition,number0 red apples and number1 green apples are in the basket .,how many apples are in the basket ?
ellen has number0 more balls than marin . marin has number1 balls . how many balls does ellen have ?,6 9,+ number0 number1,15.0,"[1, 2, 3, 4, 5, 9, 10, 11, 16, 17, 18]",1,Addition,ellen has number0 more balls than marin . marin has number1 balls .,how many balls does ellen have ?
janet has number0 oranges and sharon has number1 oranges . how many oranges do janet and sharon have together ?,9 7,+ number0 number1,16.0,"[1, 2, 3, 6, 7, 8, 16, 17, 18]",1,Addition,janet has number0 oranges and sharon has number1 oranges .,how many oranges do janet and sharon have together ?
allan brought number0 balloons and jake brought number1 balloons to the park . how many balloons did allan and jake have in the park ?,2 4,+ number0 number1,6.0,"[1, 2, 3, 6, 7, 8, 21, 22, 23]",1,Addition,allan brought number0 balloons and jake brought number1 balloons to the park .,how many balloons did allan and jake have in the park ?
adam has number0 more apples than jackie . jackie has number1 apples . how many apples does adam have ?,5 9,+ number0 number1,14.0,"[1, 2, 3, 4, 5, 9, 10, 11, 16, 17, 18]",1,Addition,adam has number0 more apples than jackie . jackie has number1 apples .,how many apples does adam have ?
brian has number0 more plums than paul . paul has number1 plums . how many plums does brian have ?,4 7,+ number0 number1,11.0,"[1, 2, 3, 4, 5, 9, 10, 11, 16, 17, 18]",1,Addition,brian has number0 more plums than paul . paul has number1 plums .,how many plums does brian have ?
sandra took number0 cups of coffee and marcie took number1 cups of coffee . how many cups of coffee did sandra and marcie take in total ?,6 2,+ number1 number0,8.0,"[1, 2, 3, 8, 9, 10, 23, 24, 25]",1,Addition,sandra took number0 cups of coffee and marcie took number1 cups of coffee .,how many cups of coffee did sandra and marcie take in total ?
number0 plums were in the basket . more plums were added to the basket . now there are number1 plums . how many plums were added to the basket ?,17 21,- number1 number0,4.0,"[0, 1, 2, 5, 17, 18, 19, 26, 27, 28]",1,Subtraction,number0 plums were in the basket . more plums were added to the basket . now there are number1 plums .,how many plums were added to the basket ?
number0 red plums and number1 green plums are in the basket . how many plums are in the basket ?,14 4,+ number1 number0,18.0,"[0, 1, 2, 3, 4, 5, 6, 16, 17, 18]",1,Addition,number0 red plums and number1 green plums are in the basket .,how many plums are in the basket ?
marin has number0 apples and donald has number1 apples . how many apples do marin and donald have together ?,9 2,+ number0 number1,11.0,"[1, 2, 3, 6, 7, 8, 16, 17, 18]",1,Addition,marin has number0 apples and donald has number1 apples .,how many apples do marin and donald have together ?
number0 apples were in the basket . number1 are red and the rest are green . how many apples are green ?,46 22,- number0 number1,24.0,"[0, 1, 4, 5, 7, 8, 18, 19, 20]",1,Subtraction,number0 apples were in the basket . number1 are red and the rest are green .,how many apples are green ?
number0 red peaches and number1 green peaches are in the basket . how many peaches are in the basket ?,5 14,+ number0 number1,19.0,"[0, 1, 2, 3, 4, 5, 6, 16, 17, 18]",1,Addition,number0 red peaches and number1 green peaches are in the basket .,how many peaches are in the basket ?
number0 peaches are in the basket . number1 more peaches are put in the basket . how many peaches are in the basket now ?,20 25,+ number0 number1,45.0,"[0, 1, 5, 6, 7, 8, 9, 21, 22, 23]",1,Addition,number0 peaches are in the basket . number1 more peaches are put in the basket .,how many peaches are in the basket now ?
number0 balls were in the basket . some of the balls were removed from the basket . now there are number1 balls . how many balls were removed from the basket ?,8 6,- number0 number1,2.0,"[0, 1, 2, 5, 19, 20, 21, 28, 29, 30]",1,Subtraction,number0 balls were in the basket . some of the balls were removed from the basket . now there are number1 balls .,how many balls were removed from the basket ?
some oranges were in the basket . number0 oranges were taken from the basket . now there are number1 oranges . how many oranges were in the basket before some of the oranges were taken ?,5 3,+ number0 number1,8.0,"[32, 1, 2, 33, 34, 5, 6, 7, 8, 17, 18, 19]",1,Addition,some oranges were in the basket . number0 oranges were taken from the basket . now there are number1 oranges .,how many oranges were in the basket before some of the oranges were taken ?
jake has number0 fewer peaches than steven . steven has number1 peaches . how many peaches does jake have ?,6 13,- number1 number0,7.0,"[1, 2, 3, 4, 5, 9, 10, 11, 16, 17, 18]",1,Subtraction,jake has number0 fewer peaches than steven . steven has number1 peaches .,how many peaches does jake have ?
david has number0 fewer apples than marin . marin has number1 apples . how many apples does david have ?,0 3,- number1 number0,3.0,"[1, 2, 3, 4, 5, 9, 10, 11, 16, 17, 18]",1,Subtraction,david has number0 fewer apples than marin . marin has number1 apples .,how many apples does david have ?
jake has number0 fewer balls than audrey . audrey has number1 balls . how many balls does jake have ?,34 41,- number1 number0,7.0,"[1, 2, 3, 4, 5, 9, 10, 11, 16, 17, 18]",1,Subtraction,jake has number0 fewer balls than audrey . audrey has number1 balls .,how many balls does jake have ?
brian has number0 fewer oranges than marcie . marcie has number1 oranges . how many oranges does brian have ?,0 12,- number1 number0,12.0,"[1, 2, 3, 4, 5, 9, 10, 11, 16, 17, 18]",1,Subtraction,brian has number0 fewer oranges than marcie . marcie has number1 oranges .,how many oranges does brian have ?
number0 birds were sitting on the fence . number1 more birds came to join them . how many birds are sitting on the fence ?,2 4,+ number0 number1,6.0,"[0, 1, 3, 4, 8, 9, 10, 21, 22, 23]",1,Addition,number0 birds were sitting on the fence . number1 more birds came to join them .,how many birds are sitting on the fence ?
you have number0 cookies and you ate number1 of them . how many cookies do you have left ?,7 2,- number0 number1,5.0,"[1, 2, 3, 6, 7, 8, 15, 16, 17]",1,Subtraction,you have number0 cookies and you ate number1 of them .,how many cookies do you have left ?
you have collected number0 crickets . how many more crickets do you need to collect to have number1 crickets ?,7 11,- number1 number0,4.0,"[1, 2, 3, 4, 6, 10, 16, 17, 18]",1,Subtraction,you have collected number0 crickets .,how many more crickets do you need to collect to have number1 crickets ?
number0 birds are sitting on a branch . number1 flies away . how many birds are left on the branch ?,4 1,- number0 number1,3.0,"[0, 1, 3, 8, 9, 17, 18, 19]",1,Subtraction,number0 birds are sitting on a branch . number1 flies away .,how many birds are left on the branch ?
number0 raccoons are playing in the woods . number1 go home to eat dinner . how many raccoons are left in the woods ?,3 2,- number0 number1,1.0,"[0, 1, 3, 8, 9, 20, 21, 22]",1,Subtraction,number0 raccoons are playing in the woods . number1 go home to eat dinner .,how many raccoons are left in the woods ?
number0 owls were sitting on the fence . number1 more owls joined them . how many owls are on the fence now ?,3 2,+ number0 number1,5.0,"[0, 1, 3, 6, 8, 9, 10, 19, 20, 21]",1,Addition,number0 owls were sitting on the fence . number1 more owls joined them .,how many owls are on the fence now ?
number0 beavers were working on their home . number1 went for a swim . how many beavers are still working on their home ?,2 1,- number0 number1,1.0,"[0, 1, 3, 5, 8, 9, 20, 21, 22]",1,Subtraction,number0 beavers were working on their home . number1 went for a swim .,how many beavers are still working on their home ?
number0 toucans are sitting on a tree limb . number1 more toucan joins them . how many toucans in all ?,2 1,+ number0 number1,3.0,"[0, 1, 3, 9, 10, 11, 17, 18, 19]",1,Addition,number0 toucans are sitting on a tree limb . number1 more toucan joins them .,how many toucans in all ?
mrs. hilt 's favorite first grade classes are baking muffins . mrs. brier 's class bakes number0 muffins mrs. macadams 's class bakes number1 muffins and mrs. flannery 's class bakes number2 muffins . how many muffins does first grade bake in all ?,18 20 17,+ + number0 number1 number2,55.0,"[32, 1, 4, 6, 8, 40, 41, 11, 42, 15, 16, 17, 19, 22, 23, 24, 30, 31]",1,Sum,mrs. hilt 's favorite first grade classes are baking muffins . mrs. brier 's class bakes number0 muffins mrs. macadams 's class bakes number1 muffins and mrs. flannery 's class bakes number2 muffins .,how many muffins does first grade bake in all ?
mrs. hilt bought a yoyo for number0 cents and a whistle for number1 cents . how much did she spend in all for the number2 toys ?,24 14 2,+ number0 number1,38.0,"[5, 6, 7, 11, 12, 13, 23, 24, 25]",1,Addition,mrs. hilt bought a yoyo for number0 cents and a whistle for number1 cents .,how much did she spend in all for the number2 toys ?
mrs. hilt made number0 rice krispie treats . she used number1 large marshmallows and number2 mini marshmallows . how many marshmallows did she use altogether ?,5 8 10,+ number1 number2,18.0,"[1, 2, 3, 4, 5, 6, 9, 10, 11, 12, 13, 14, 15, 16, 22, 23, 24]",1,Addition,mrs. hilt made number0 rice krispie treats . she used number1 large marshmallows and number2 mini marshmallows .,how many marshmallows did she use altogether ?
at mrs. hilt 's house there was number0 inches of snow and brecknock elementary school received number1 inches of snow . how much more snow did mrs. hilt 's house have ?,29 17,- number0 number1,12.0,"[6, 7, 8, 15, 16, 17, 28, 29, 30]",1,Subtraction,at mrs. hilt 's house there was number0 inches of snow and brecknock elementary school received number1 inches of snow .,how much more snow did mrs. hilt 's house have ?
mrs. hilt has $ number0 . she spends $ number1 on a toy truck and $ number2 on a pencil case . how much money does she have left ?,10 3 2,- number0 + number1 number2,5.0,"[2, 3, 4, 7, 8, 9, 10, 15, 16, 17, 26, 27, 28]",1,Subtraction,mrs. hilt has $ number0 . she spends $ number1 on a toy truck and $ number2 on a pencil case .,how much money does she have left ?
mrs. hilt has number0 friends . she can only take number1 of her friends to the movies . how many friends ca n't go to the movies ?,15 8,- number0 number1,7.0,"[1, 2, 3, 4, 5, 9, 10, 11, 24, 25, 26]",1,Subtraction,mrs. hilt has number0 friends . she can only take number1 of her friends to the movies .,how many friends ca n't go to the movies ?
mrs. hilt ran number0 miles on monday number1 miles on wednesday and number2 miles on friday . how many total miles did she run that week ?,3 2 7,+ + number0 number1 number2,12.0,"[1, 2, 3, 4, 6, 7, 8, 11, 12, 13, 23, 24, 25]",1,Sum,mrs. hilt ran number0 miles on monday number1 miles on wednesday and number2 miles on friday .,how many total miles did she run that week ?
mrs. hilt picked up a book that has number0 pages in it . she read number1 of the pages . how many pages did she have left to read ?,17 11,- number0 number1,6.0,"[1, 6, 7, 8, 9, 14, 15, 16, 26, 27, 28]",1,Subtraction,mrs. hilt picked up a book that has number0 pages in it . she read number1 of the pages .,how many pages did she have left to read ?
mrs. hilt had number0 cents . she bought a pencil for number1 cents . how much money did she have left ?,15 11,- number0 number1,4.0,"[2, 3, 4, 10, 11, 12, 18, 19, 20]",1,Subtraction,mrs. hilt had number0 cents . she bought a pencil for number1 cents .,how much money did she have left ?
mrs. hilt met number0 friends . number1 of the friends were carrying pears . the rest were carrying oranges . how many friends were carrying oranges ?,15 9,- number0 number1,6.0,"[1, 2, 3, 4, 6, 7, 23, 24, 25]",1,Subtraction,mrs. hilt met number0 friends . number1 of the friends were carrying pears . the rest were carrying oranges .,how many friends were carrying oranges ?
mary 's mom is getting ready for mary 's birthday party . she blew up number0 balloons this morning and number1 balloons this afternoon . how many balloons did she blow up in all ?,6 5,+ number0 number1,11.0,"[32, 1, 33, 5, 14, 15, 16, 19, 20, 21, 31]",1,Addition,mary 's mom is getting ready for mary 's birthday party . she blew up number0 balloons this morning and number1 balloons this afternoon .,how many balloons did she blow up in all ?
shelby 's teacher gives out gold stars for great math work . yesterday shelby earned number0 gold stars . today she earned number1 more . how many gold stars did shelby earn in all ?,4 3,+ number0 number1,7.0,"[32, 1, 2, 3, 33, 6, 14, 15, 16, 17, 21, 22, 23, 31]",1,Addition,shelby 's teacher gives out gold stars for great math work . yesterday shelby earned number0 gold stars . today she earned number1 more .,how many gold stars did shelby earn in all ?
the litter patrol picked up number0 glass bottles and number1 aluminum cans on saturday . how many pieces of litter did they pick up altogether ?,10 8,+ number0 number1,18.0,"[3, 4, 5, 6, 7, 8, 9, 10, 11, 22, 23, 24]",1,Addition,the litter patrol picked up number0 glass bottles and number1 aluminum cans on saturday .,how many pieces of litter did they pick up altogether ?
millie had number0 bracelets . she lost number1 of them . how many bracelets does millie have left ?,9 2,- number0 number1,7.0,"[1, 2, 3, 6, 7, 8, 15, 16, 17]",1,Subtraction,millie had number0 bracelets . she lost number1 of them .,how many bracelets does millie have left ?
sammy has number0 math problems to do for homework . he has already finished number1 of them . how many math problems does sammy have left ?,9 2,- number0 number1,7.0,"[1, 2, 3, 4, 7, 13, 14, 15, 23, 24, 25]",1,Subtraction,sammy has number0 math problems to do for homework . he has already finished number1 of them .,how many math problems does sammy have left ?
there were number0 students riding on the school bus . at the first stop number1 students got off of the bus . how many students are left on the bus ?,10 3,- number0 number1,7.0,"[1, 2, 3, 13, 14, 15, 16, 27, 28, 29]",1,Subtraction,there were number0 students riding on the school bus . at the first stop number1 students got off of the bus .,how many students are left on the bus ?
there were number0 ducks swimming in the pond . number1 ducks flew away . how many ducks are still swimming in the pond ?,8 3,- number0 number1,5.0,"[1, 2, 3, 5, 9, 10, 20, 21, 22]",1,Subtraction,there were number0 ducks swimming in the pond . number1 ducks flew away .,how many ducks are still swimming in the pond ?
lucy went to the grocery store . she bought number0 packs of cookies and number1 packs of noodles . how many packs of groceries did she buy in all ?,12 16,+ number0 number1,28.0,"[1, 7, 8, 9, 10, 13, 14, 15, 26, 27, 28]",2,Addition,lucy went to the grocery store . she bought number0 packs of cookies and number1 packs of noodles .,how many packs of groceries did she buy in all ?
roden went to a pet shop . he bought number0 gold fish and number1 blue fish . how many fish did he buy ?,15 7,+ number0 number1,22.0,"[1, 5, 7, 8, 9, 10, 11, 12, 13, 14, 15, 20, 21, 22]",2,Addition,roden went to a pet shop . he bought number0 gold fish and number1 blue fish .,how many fish did he buy ?
i read number0 pages of my english book yesterday . today i read number1 pages . what is the total number of pages did i read ?,21 17,+ number0 number1,38.0,"[1, 2, 3, 12, 13, 14, 23, 24, 25]",2,Addition,i read number0 pages of my english book yesterday . today i read number1 pages .,what is the total number of pages did i read ?
in a school there are number0 girls and number1 boys . how many pupils are there in that school ?,542 387,+ number0 number1,929.0,"[4, 5, 6, 7, 8, 9, 16, 17, 18]",2,Addition,in a school there are number0 girls and number1 boys .,how many pupils are there in that school ?
linda has number0 candies . chloe has number1 how many candies do they have in all ?,34 28,+ number0 number1,62.0,"[1, 2, 3, 5, 6, 7, 8, 13, 14, 15]",2,Addition,linda has number0 candies . chloe has number1 how,many candies do they have in all ?
jose has number0 chickens and number1 ducks . how many fowls does he have ?,28 18,+ number0 number1,46.0,"[1, 2, 3, 4, 5, 6, 11, 12, 13]",2,Addition,jose has number0 chickens and number1 ducks .,how many fowls does he have ?
gino has number0 popsicle sticks . i have number1 popsicle sticks . what is the sum of our popsicle sticks ?,63 50,+ number0 number1,113.0,"[1, 2, 3, 4, 7, 8, 9, 10, 17, 18, 19]",2,Addition,gino has number0 popsicle sticks . i have number1 popsicle sticks .,what is the sum of our popsicle sticks ?
lino picked up number0 shells at the seashore in the morning and number1 shells in the afternoon . how many shells did he pick up in all ?,292 324,+ number0 number1,616.0,"[1, 2, 3, 4, 5, 11, 12, 13, 24, 25, 26]",2,Addition,lino picked up number0 shells at the seashore in the morning and number1 shells in the afternoon .,how many shells did he pick up in all ?
there were number0 parents in the program and number1 pupils too . how many people were present in the program ?,105 698,+ number0 number1,803.0,"[1, 2, 3, 7, 8, 9, 17, 18, 19]",2,Addition,there were number0 parents in the program and number1 pupils too .,how many people were present in the program ?
last saturday marie sold number0 magazines and number1 newspapers . what is the total number of reading materials she sold ?,425 275,+ number0 number1,700.0,"[3, 4, 5, 6, 7, 8, 17, 18, 19]",2,Addition,last saturday marie sold number0 magazines and number1 newspapers .,what is the total number of reading materials she sold ?
there are number0 birds on the fence . number1 more birds land on the fence . how many birds are on the fence ?,12 8,+ number0 number1,20.0,"[1, 2, 3, 6, 8, 9, 10, 20, 21, 22]",2,Addition,there are number0 birds on the fence . number1 more birds land on the fence .,how many birds are on the fence ?
number0 boys went down the slide . number1 more boys went down the slide . how many boys went down the slide ?,22 13,+ number0 number1,35.0,"[0, 1, 7, 8, 9, 10, 19, 20, 21]",2,Addition,number0 boys went down the slide . number1 more boys went down the slide .,how many boys went down the slide ?
number0 ducks are swimming in a lake . number1 more ducks come to join them . how many ducks are swimming in the lake ?,13 20,+ number0 number1,33.0,"[0, 1, 3, 4, 8, 9, 10, 21, 22, 23]",2,Addition,number0 ducks are swimming in a lake . number1 more ducks come to join them .,how many ducks are swimming in the lake ?
number0 dogs are barking . number1 more dogs start to bark . how many dogs are barking ?,30 10,+ number0 number1,40.0,"[0, 1, 3, 4, 5, 6, 14, 15, 16]",2,Addition,number0 dogs are barking . number1 more dogs start to bark .,how many dogs are barking ?
bobby ate number0 pieces of candy . then he ate number1 more . how many pieces of candy did bobby eat ?,26 17,+ number0 number1,43.0,"[1, 2, 3, 7, 9, 10, 11, 18, 19, 20]",2,Addition,bobby ate number0 pieces of candy . then he ate number1 more .,how many pieces of candy did bobby eat ?
sandy had number0 pet fish . she bought number1 more fish . how many pet fish does sandy have now ?,26 6,+ number0 number1,32.0,"[1, 2, 3, 4, 6, 7, 8, 9, 10, 17, 18, 19]",2,Addition,sandy had number0 pet fish . she bought number1 more fish .,how many pet fish does sandy have now ?
the clown blew up number0 balloons . then he blew up number1 more balloons . how many balloons does the clown have now ?,47 13,+ number0 number1,60.0,"[1, 2, 3, 4, 5, 6, 10, 11, 12, 13, 20, 21, 22]",2,Addition,the clown blew up number0 balloons . then he blew up number1 more balloons .,how many balloons does the clown have now ?
our class got number0 books from the library . then we got number1 more books from the library . how many books did our class get from the library ?,54 23,+ number0 number1,77.0,"[1, 2, 3, 4, 6, 11, 12, 13, 14, 26, 27, 28]",2,Addition,our class got number0 books from the library . then we got number1 more books from the library .,how many books did our class get from the library ?
julia played tag with number0 kids on monday . she played tag with number1 kids on tuesday . how many kids did she play with altogether ?,12 7,+ number0 number1,19.0,"[1, 3, 4, 5, 12, 13, 14, 23, 24, 25]",2,Addition,julia played tag with number0 kids on monday . she played tag with number1 kids on tuesday .,how many kids did she play with altogether ?
molly had number0 candles on her birthday cake . she grew older and got number1 more on her birthday cake . how old is molly now ?,14 6,+ number0 number1,20.0,"[1, 2, 3, 4, 13, 14, 15, 23, 24, 25]",2,Addition,molly had number0 candles on her birthday cake . she grew older and got number1 more on her birthday cake .,how old is molly now ?
james ate number0 carrot sticks before dinner and number1 more after dinner . how many carrot sticks did he eat ?,22 15,+ number0 number1,37.0,"[1, 2, 3, 4, 6, 7, 8, 9, 17, 18, 19]",2,Addition,james ate number0 carrot sticks before dinner and number1 more after dinner .,how many carrot sticks did he eat ?
jovana filled her bucket with number0 pounds of shells . if she adds number1 more pounds of shell to fill her bucket how many pounds does she have ?,5 12,+ number0 number1,17.0,"[2, 4, 5, 6, 12, 13, 14, 15, 17, 25, 26, 27]",2,Addition,jovana filled her bucket with number0 pounds of shells . if she adds number1 more pounds of shell to fill her bucket,how many pounds does she have ?
jovana filled her bucket with number0 pounds of shells . if a friend comes to add number1 pounds of shells and another friend comes to add number2 pounds of shells how many pounds does she have altogether ?,5 15 17,+ + number0 number1 number2,37.0,"[34, 35, 4, 5, 6, 36, 15, 16, 17, 21, 25, 26, 27]",2,Sum,jovana filled her bucket with number0 pounds of shells . if a friend comes to add number1 pounds of shells and another friend comes to add number2 pounds of shells,how many pounds does she have altogether ?
isabella 's hair is number0 cubes long . if her hair grows number1 more inches how long will it be ?,18 4,+ number0 number1,22.0,"[3, 4, 5, 11, 12, 13, 14, 17, 18, 19]",2,Addition,isabella 's hair is number0 cubes long . if her hair grows number1 more inches,how long will it be ?
mrs. sheridan has number0 cats . mr. sheridan gave her number1 more cats . how many cats does mrs. sheridan have altogether ?,17 14,+ number0 number1,31.0,"[1, 2, 3, 4, 5, 6, 9, 10, 11, 12, 19, 20, 21]",2,Addition,mrs. sheridan has number0 cats . mr. sheridan gave her number1 more cats .,how many cats does mrs. sheridan have altogether ?
mrs. sheridan has number0 fish . her sister gave her number1 more fish . how many fish does she have now ?,22 47,+ number0 number1,69.0,"[1, 2, 3, 4, 5, 9, 10, 11, 12, 18, 19, 20]",2,Addition,mrs. sheridan has number0 fish . her sister gave her number1 more fish .,how many fish does she have now ?
cade had number0 marbles . he gave number1 to dylan . how many does he have left ?,87 8,- number0 number1,79.0,"[1, 2, 3, 6, 7, 8, 14, 15, 16]",2,Subtraction,cade had number0 marbles . he gave number1 to dylan .,how many does he have left ?
michael has some fish in his fish tank . ben gave him number0 more fish . now he has number1 how many fish did he have to begin with ?,18 49,- number1 number0,31.0,"[1, 4, 7, 11, 12, 13, 14, 18, 19, 20, 26, 27, 28]",2,Subtraction,michael has some fish in his fish tank . ben gave him number0 more fish . now he has number1 how,many fish did he have to begin with ?
daniel had some noodles . he gave number0 noodles to william . now daniel only has number1 noodles . how many noodles did daniel have to begin with ?,12 54,+ number1 number0,66.0,"[1, 3, 6, 7, 8, 15, 16, 17, 25, 26, 27]",2,Addition,daniel had some noodles . he gave number0 noodles to william . now daniel only has number1 noodles .,how many noodles did daniel have to begin with ?
hayley had number0 meatballs on her plate . kirsten stole some of her meatballs . now she has number1 meatballs on her plate . how many meatballs did kirsten steal ?,25 11,- number0 number1,14.0,"[1, 2, 3, 5, 17, 18, 19, 27, 28, 29]",2,Subtraction,hayley had number0 meatballs on her plate . kirsten stole some of her meatballs . now she has number1 meatballs on her plate .,how many meatballs did kirsten steal ?
isabella 's hair is number0 inches long . if she gets a haircut and now her hair is number1 inches long how much of isabella 's hair got cut off ?,18 9,- number0 number1,9.0,"[3, 4, 5, 17, 18, 19, 27, 28, 29]",2,Subtraction,isabella 's hair is number0 inches long . if she gets a haircut and now her hair is number1 inches long,how much of isabella 's hair got cut off ?
isabella 's hair is number0 inches long . by the end of the year her hair is number1 inches long . how much hair did she grow ?,18 24,- number1 number0,6.0,"[3, 4, 5, 16, 17, 18, 24, 25, 26]",2,Subtraction,isabella 's hair is number0 inches long . by the end of the year her hair is number1 inches long .,how much hair did she grow ?
jovana had number0 pounds of shells in her bucket . she added some shells and now has number1 pounds of shells . how many pounds did she add ?,5 28,- number1 number0,23.0,"[1, 2, 3, 5, 6, 16, 17, 18, 25, 26, 27]",2,Subtraction,jovana had number0 pounds of shells in her bucket . she added some shells and now has number1 pounds of shells .,how many pounds did she add ?
isha 's pencil is number0 inches long . if she sharpens it now her pencil is number1 inches long . how much did she sharpen off of her pencil ?,31 14,- number0 number1,17.0,"[3, 4, 5, 15, 16, 17, 26, 27, 28]",2,Subtraction,isha 's pencil is number0 inches long . if she sharpens it now her pencil is number1 inches long .,how much did she sharpen off of her pencil ?
mrs. sheridan has number0 cats . how many more cats does mrs. sheridan need to have number1 cats ?,11 43,- number1 number0,32.0,"[1, 2, 3, 4, 7, 9, 15, 16, 17]",2,Subtraction,mrs. sheridan has number0 cats .,how many more cats does mrs. sheridan need to have number1 cats ?
mrs. wong had number0 valentines . she gave number1 valentines to her children . how many does she have left ?,30 8,- number0 number1,22.0,"[1, 2, 3, 4, 7, 8, 9, 17, 18, 19]",2,Subtraction,mrs. wong had number0 valentines . she gave number1 valentines to her children .,how many does she have left ?
mrs. franklin had number0 valentines . mrs. franklin gave some to her students . now she has number1 how many valentines did mrs. franklin give to her students ?,58 16,- number0 number1,42.0,"[1, 2, 3, 4, 6, 16, 17, 18, 25, 26, 27]",2,Subtraction,mrs. franklin had number0 valentines . mrs. franklin gave some to her students . now she has number1 how,many valentines did mrs. franklin give to her students ?
mrs. snyder made number0 heart cookies . she made number1 red cookies and the rest are pink . how many pink cookies did she make ?,86 36,- number0 number1,50.0,"[1, 2, 3, 4, 5, 6, 8, 9, 10, 11, 22, 23, 24]",2,Subtraction,mrs. snyder made number0 heart cookies . she made number1 red cookies and the rest are pink .,how many pink cookies did she make ?
number0 birds were sitting in a tree . some more fly up to the tree . then there were number1 birds in the tree . how many more flew up to the tree ?,29 42,- number1 number0,13.0,"[0, 1, 2, 3, 32, 18, 19, 20, 30, 31]",2,Subtraction,number0 birds were sitting in a tree . some more fly up to the tree . then there were number1 birds in the tree .,how many more flew up to the tree ?
number0 children were riding on the bus . at the bus stop some more children got on the bus . then there were number1 children altogether on the bus . how many children got on the bus at the bus stop ?,18 25,- number1 number0,7.0,"[0, 1, 2, 3, 38, 39, 40, 13, 15, 22, 23, 24]",2,Subtraction,number0 children were riding on the bus . at the bus stop some more children got on the bus . then there were number1 children altogether on the bus .,how many children got on the bus at the bus stop ?
there were number0 girls and number1 boys on the playground at recess . how many children were there in all ?,28 35,+ number0 number1,63.0,"[1, 2, 3, 4, 5, 6, 17, 18, 19]",2,Addition,there were number0 girls and number1 boys on the playground at recess .,how many children were there in all ?
the elephant had number0 peanuts . she ate number1 of them . how many peanuts did the elephant have left ?,407 129,- number0 number1,278.0,"[1, 2, 3, 4, 7, 8, 9, 17, 18, 19]",2,Subtraction,the elephant had number0 peanuts . she ate number1 of them .,how many peanuts did the elephant have left ?
there were number0 geese and number1 ducks in the marsh . how many birds were there in all ?,58 37,+ number0 number1,95.0,"[1, 2, 3, 4, 5, 6, 15, 16, 17]",2,Addition,there were number0 geese and number1 ducks in the marsh .,how many birds were there in all ?
robin had number0 pieces of gum . her brother gave her some more pieces . now robin has number1 pieces in all . how many pieces of gum did robin 's brother give her ?,18 44,- number1 number0,26.0,"[32, 1, 2, 3, 33, 5, 9, 17, 18, 19, 31]",2,Subtraction,robin had number0 pieces of gum . her brother gave her some more pieces . now robin has number1 pieces in all .,how many pieces of gum did robin 's brother give her ?
tommy had some balloons . his mom gave him number0 more balloons for his birthday . then tommy had number1 balloons . how many balloons did tommy have to start with ?,34 60,- number1 number0,26.0,"[1, 2, 5, 7, 8, 9, 10, 11, 18, 19, 20, 28, 29, 30]",2,Subtraction,tommy had some balloons . his mom gave him number0 more balloons for his birthday . then tommy had number1 balloons .,how many balloons did tommy have to start with ?
alex had some candles for his jack o'lanterns . he used number0 of them . now he has number1 left . how many candles did alex have to start with ?,32 12,+ number0 number1,44.0,"[10, 11, 12, 17, 18, 19, 27, 28, 29]",2,Addition,alex had some candles for his jack o'lanterns . he used number0 of them . now he has number1 left .,how many candles did alex have to start with ?
there were number0 kids on the soccer field . number1 kids decided to join in . now how many kids are on the soccer field ?,14 22,+ number0 number1,36.0,"[1, 2, 3, 8, 9, 10, 11, 22, 23, 24]",2,Addition,there were number0 kids on the soccer field . number1 kids decided to join in .,now how many kids are on the soccer field ?
finn has number0 goldfish . number1 of the goldfish die . how many goldfish are left ?,89 32,- number0 number1,57.0,"[1, 2, 3, 5, 6, 13, 14, 15]",2,Subtraction,finn has number0 goldfish . number1 of the goldfish die .,how many goldfish are left ?
jane has number0 old brown sheets of drawing paper and number1 old yellow sheets of drawing paper . how many pieces of drawing paper does she have ?,28 27,+ number0 number1,55.0,"[1, 2, 3, 4, 5, 9, 10, 11, 12, 13, 24, 25, 26]",2,Addition,jane has number0 old brown sheets of drawing paper and number1 old yellow sheets of drawing paper .,how many pieces of drawing paper does she have ?
mikey had number0 leaves . some of her leaves blew away . now she has number1 leaves left . how many of her leaves blew away ?,356 112,- number0 number1,244.0,"[1, 2, 3, 14, 15, 16, 23, 24, 25]",2,Subtraction,mikey had number0 leaves . some of her leaves blew away . now she has number1 leaves left .,how many of her leaves blew away ?
marcus has number0 baseball cards . he has number1 more than carter . how many baseball cards does carter have ?,210 58,- number0 number1,152.0,"[1, 2, 3, 4, 6, 7, 8, 9, 17, 18, 19]",2,Subtraction,marcus has number0 baseball cards . he has number1 more than carter .,how many baseball cards does carter have ?
gavin has number0 shirts . number1 are blue the rest are green . how many green shirts does gavin have ?,23 6,- number0 number1,17.0,"[1, 2, 3, 5, 6, 7, 17, 18, 19]",2,Subtraction,gavin has number0 shirts . number1 are blue the rest are green .,how many green shirts does gavin have ?
ethan has number0 presents . alissa has number1 more than ethan . how many presents does alissa have ?,31 22,+ number0 number1,53.0,"[1, 2, 3, 5, 6, 7, 8, 15, 16, 17]",2,Addition,ethan has number0 presents . alissa has number1 more than ethan .,how many presents does alissa have ?
cindy had number0 pieces of candy . she ate number1 pieces in the morning and number2 more pieces in the afternoon . how many pieces of candy does she have left ?,41 6 12,- - number0 number1 number2,23.0,"[1, 2, 3, 8, 9, 10, 14, 15, 16, 17, 28, 29, 30]",2,TVQ-Final,cindy had number0 pieces of candy . she ate number1 pieces in the morning and number2 more pieces in the afternoon .,how many pieces of candy does she have left ?
robert wants to practice goal kicks for soccer . he decides to have number0 kicks before going home from the park . he takes number1 kicks before taking a break to get a drink of water . he then takes another number2 kicks . how many more kicks does he need to make before he goes home ?,98 43 36,- - number0 number1 number2,19.0,"[1, 2, 3, 40, 41, 42, 12, 13, 14, 55, 54, 23, 24, 25, 56]",2,TVQ-Final,robert wants to practice goal kicks for soccer . he decides to have number0 kicks before going home from the park . he takes number1 kicks before taking a break to get a drink of water . he then takes another number2 kicks .,how many more kicks does he need to make before he goes home ?
cindy has number0 stickers . she uses number1 stickers . she buys number2 more stickers . how many stickers does cindy have now ?,105 23 45,+ - number0 number1 number2,127.0,"[1, 2, 3, 5, 6, 7, 8, 11, 12, 13, 14, 20, 21, 22]",2,TVQ-Final,cindy has number0 stickers . she uses number1 stickers . she buys number2 more stickers .,how many stickers does cindy have now ?
brian has number0 pencils . he gives number1 pencils to a friend . he buys number2 more pencils . how many pencils does brian have now ?,39 18 22,+ - number0 number1 number2,43.0,"[1, 2, 3, 5, 6, 7, 8, 14, 15, 16, 17, 23, 24, 25]",2,TVQ-Final,brian has number0 pencils . he gives number1 pencils to a friend . he buys number2 more pencils .,how many pencils does brian have now ?
karen has number0 markers . her mother gives her number1 more markers . karen loses number2 markers . how many markers does she have now ?,252 34 11,- + number0 number1 number2,275.0,"[1, 2, 3, 5, 7, 8, 9, 10, 11, 14, 15, 16, 22, 23, 24]",2,TVQ-Final,karen has number0 markers . her mother gives her number1 more markers . karen loses number2 markers .,how many markers does she have now ?
kelly had number0 apples . how many more apples does kelly need to pick to have number1 apples altogether ?,56 105,- number1 number0,49.0,"[1, 2, 3, 6, 10, 15, 16, 17, 18]",2,Subtraction,kelly had number0 apples .,how many more apples does kelly need to pick to have number1 apples altogether ?
todd has some gum . steve gave him number0 more pieces of gum . now todd has number1 pieces of gum . how many pieces did todd have to start with ?,16 54,- number1 number0,38.0,"[1, 2, 4, 7, 8, 9, 10, 16, 17, 18, 28, 29, 30]",2,Subtraction,todd has some gum . steve gave him number0 more pieces of gum . now todd has number1 pieces of gum .,how many pieces did todd have to start with ?
josh had number0 pencils . he gave number1 pencils to dorothy . how many pencils does josh have left ?,142 31,- number0 number1,111.0,"[1, 2, 3, 6, 7, 8, 16, 17, 18]",2,Subtraction,josh had number0 pencils . he gave number1 pencils to dorothy .,how many pencils does josh have left ?
nell collects baseball cards . she had number0 cards . she gave some of her cards to jeff and now has number1 cards left . how many cards did nell give to jeff ?,304 276,- number0 number1,28.0,"[32, 1, 5, 6, 7, 8, 10, 20, 21, 22, 30, 31]",2,Subtraction,nell collects baseball cards . she had number0 cards . she gave some of her cards to jeff and now has number1 cards left .,how many cards did nell give to jeff ?
there are number0 boys and some girls on the playground . there are number1 children altogether . how many girls are on the playground ?,40 117,- number1 number0,77.0,"[1, 2, 3, 12, 13, 14, 21, 22, 23]",2,Subtraction,there are number0 boys and some girls on the playground . there are number1 children altogether .,how many girls are on the playground ?
carla has some marbles . she bought number0 marbles . now she has number1 marbles . how many did she start with ?,134 187,- number1 number0,53.0,"[1, 2, 6, 7, 8, 12, 13, 14, 19, 20, 21]",2,Subtraction,carla has some marbles . she bought number0 marbles . now she has number1 marbles .,how many did she start with ?
paco had number0 cookies . he ate number1 of them . how many cookies did paco have left ?,35 6,- number0 number1,29.0,"[1, 2, 3, 6, 7, 8, 15, 16, 17]",2,Subtraction,paco had number0 cookies . he ate number1 of them .,how many cookies did paco have left ?
maria had number0 pieces of gum . tommy gave her number1 more pieces . luis gave her number2 more pieces . how many pieces of gum does maria have now ?,25 16 20,+ + number0 number1 number2,61.0,"[1, 2, 3, 4, 7, 9, 10, 11, 12, 16, 17, 18, 19, 27, 28, 29]",2,Sum,maria had number0 pieces of gum . tommy gave her number1 more pieces . luis gave her number2 more pieces .,how many pieces of gum does maria have now ?
there are number0 pigs in the barn . some more come to join them . now there are number1 pigs . how many pigs came to join them ?,64 86,- number1 number0,22.0,"[1, 2, 3, 17, 18, 19, 25, 26, 27]",2,Subtraction,there are number0 pigs in the barn . some more come to join them . now there are number1 pigs .,how many pigs came to join them ?
rosa had number0 flowers . andre gave her some more flowers . now rosa has number1 flowers . how many flowers did andre give to rosa ?,67 90,- number1 number0,23.0,"[1, 2, 3, 4, 5, 14, 15, 16, 23, 24, 25]",2,Subtraction,rosa had number0 flowers . andre gave her some more flowers . now rosa has number1 flowers .,how many flowers did andre give to rosa ?
adolfo made a tower with number0 blocks . he added some more blocks and now he has number1 blocks . how many did he have to add ?,35 65,- number1 number0,30.0,"[1, 3, 4, 5, 6, 8, 16, 17, 18, 24, 25, 26]",2,Subtraction,adolfo made a tower with number0 blocks . he added some more blocks and now he has number1 blocks .,how many did he have to add ?
lucy put number0 shells in her bucket . she found some more shells and now she has number1 shells . how many more did she find ?,68 89,- number1 number0,21.0,"[1, 2, 3, 8, 16, 17, 18, 23, 24, 25]",2,Subtraction,lucy put number0 shells in her bucket . she found some more shells and now she has number1 shells .,how many more did she find ?
josh had number0 marbles in his collection . he lost number1 marbles . how many marbles does he have now ?,16 7,- number0 number1,9.0,"[1, 2, 3, 5, 9, 10, 11, 17, 18, 19]",2,Subtraction,josh had number0 marbles in his collection . he lost number1 marbles .,how many marbles does he have now ?
megan has number0 seashells . how many more seashells does she need to find to have number1 seashells in her collection ?,19 25,- number1 number0,6.0,"[1, 2, 3, 6, 10, 15, 16, 17, 18, 19, 20]",2,Subtraction,megan has number0 seashells .,how many more seashells does she need to find to have number1 seashells in her collection ?
brad has number0 balloons . number1 balloons are red and the rest are green . how many green balloons does brad have ?,17 8,- number0 number1,9.0,"[1, 2, 3, 5, 6, 8, 19, 20, 21]",2,Subtraction,brad has number0 balloons . number1 balloons are red and the rest are green .,how many green balloons does brad have ?
a bee has number0 legs . how many legs do number1 bees have ?,6 8,* number0 number1,48.0,"[1, 2, 3, 4, 6, 9, 10, 11, 12]",2,Multiplication,a bee has number0 legs .,how many legs do number1 bees have ?
mrs. hilt wants to make a border around her garden . she needs number0 rocks to complete the border . she has number1 rocks . how many more rocks does she need to complete the border ?,125 64,- number0 number1,61.0,"[1, 2, 33, 34, 35, 6, 12, 13, 14, 21, 22, 23]",2,Subtraction,mrs. hilt wants to make a border around her garden . she needs number0 rocks to complete the border . she has number1 rocks .,how many more rocks does she need to complete the border ?
mrs. hilt had number0 marbles . she lost number1 of them . how many marbles does she have left ?,38 15,- number0 number1,23.0,"[1, 2, 3, 4, 6, 7, 8, 9, 16, 17, 18]",2,Subtraction,mrs. hilt had number0 marbles . she lost number1 of them .,how many marbles does she have left ?
mrs. hilt and her sister drove to a concert number0 miles away . they drove number1 miles and then stopped for gas . her sister put number2 gallons of gas in the car . how many miles did they have left to drive ?,78 32 28,- number0 number1,46.0,"[1, 2, 6, 8, 9, 10, 40, 41, 42, 14, 15, 16, 25, 26, 27]",2,Subtraction,mrs. hilt and her sister drove to a concert number0 miles away . they drove number1 miles and then stopped for gas . her sister put number2 gallons of gas in the car .,how many miles did they have left to drive ?
mrs. hilt bought number0 hot dogs . each hot dog cost number1 cents . how much money did she pay for all of the hot dogs ?,6 50,* number0 number1,300.0,"[2, 3, 4, 5, 7, 10, 11, 12, 23, 24, 25]",2,Multiplication,mrs. hilt bought number0 hot dogs . each hot dog cost number1 cents .,how much money did she pay for all of the hot dogs ?
mrs. hilt has number0 cents . a pencil costs number1 cents . how many pencils can she buy with the money she has ?,50 5,/ number0 number1,10.0,"[2, 3, 4, 8, 9, 10, 20, 21, 22]",2,Common-Division,mrs. hilt has number0 cents . a pencil costs number1 cents .,how many pencils can she buy with the money she has ?
mrs. hilt saw number0 butterflies . some of the butterflies were red and others were orange . if number1 of the butterflies were orange how many of them were red ?,33 20,- number0 number1,13.0,"[2, 3, 4, 17, 18, 19, 27, 28, 29]",2,Subtraction,mrs. hilt saw number0 butterflies . some of the butterflies were red and others were orange . if number1 of the butterflies were orange,how many of them were red ?
mrs. hilt had number0 cents . she bought a pencil for number1 cents and a piece of candy for number2 cents . how much money did she have left ?,43 20 5,- - number0 number1 number2,18.0,"[2, 3, 4, 10, 11, 12, 18, 19, 20, 26, 27, 28]",2,TVQ-Final,mrs. hilt had number0 cents . she bought a pencil for number1 cents and a piece of candy for number2 cents .,how much money did she have left ?
on tuesday mrs. hilt saw number0 raisins on a tray in the cafeteria . that was number1 more raisins than she saw the day before . how many raisins were on the table on monday ?,88 8,- number0 number1,80.0,"[32, 1, 33, 3, 4, 5, 6, 34, 15, 16, 17, 18]",2,Subtraction,on tuesday mrs. hilt saw number0 raisins on a tray in the cafeteria . that was number1 more raisins than she saw the day before .,how many raisins were on the table on monday ?
mrs. hilt bought carnival tickets . the tickets cost $ number0 for number1 tickets . if mrs. hilt bought number2 tickets how much did she pay ?,1 4 12,/ number2 number1,3.0,"[2, 3, 9, 10, 11, 12, 13, 18, 19, 20, 23, 24, 25]",2,Common-Division,mrs. hilt bought carnival tickets . the tickets cost $ number0 for number1 tickets . if mrs. hilt bought number2 tickets,how much did she pay ?
the hawks scored number0 touchdowns worth number1 points each . how many points do they have ?,3 7,* number1 number0,21.0,"[1, 2, 3, 4, 5, 6, 7, 8, 13, 14, 15]",2,Multiplication,the hawks scored number0 touchdowns worth number1 points each .,how many points do they have ?
zach scored number0 points in the football game . ben scored number1 points . how many more points did zach score ?,42 21,- number0 number1,21.0,"[1, 2, 3, 6, 10, 11, 12, 18, 19, 20]",2,Subtraction,zach scored number0 points in the football game . ben scored number1 points .,how many more points did zach score ?
a quarter equals $ number0 . how many quarters equal $ number1 ?,0.25 2.25,/ number1 number0,9.0,"[2, 3, 4, 9, 10, 11, 12]",2,Common-Division,a quarter equals $ number0 .,how many quarters equal $ number1 ?
kate has number0 pennies . john has number1 pennies . how many more pennies does john have ?,223 388,- number1 number0,165.0,"[1, 2, 3, 6, 7, 8, 14, 15, 16]",2,Subtraction,kate has number0 pennies . john has number1 pennies .,how many more pennies does john have ?
kim has number0 cousins . she wants to give each one number1 pieces of gum . how much gum will she need ?,4 5,* number0 number1,20.0,"[1, 2, 3, 9, 10, 11, 12, 19, 20, 21]",2,Multiplication,kim has number0 cousins . she wants to give each one number1 pieces of gum .,how much gum will she need ?
number0 boats are in the lake . each boat has number1 people . how many people are on boats in the lake ?,5 3,* number0 number1,15.0,"[0, 1, 2, 5, 7, 9, 10, 11, 19, 20, 21]",2,Multiplication,number0 boats are in the lake . each boat has number1 people .,how many people are on boats in the lake ?
there are number0 dogs number1 fish and number2 cats at my farm . how many pets do i have at my farm ?,43 72 34,+ + number0 number1 number2,149.0,"[1, 2, 3, 4, 5, 6, 7, 8, 19, 20, 21]",2,Sum,there are number0 dogs number1 fish and number2 cats at my farm .,how many pets do i have at my farm ?
gino has number0 brown bears number1 white bears and number2 black bears . how many bears does gino have ?,15 24 27,+ + number0 number1 number2,66.0,"[1, 2, 3, 4, 5, 6, 7, 8, 9, 10, 11, 16, 17, 18]",2,Sum,gino has number0 brown bears number1 white bears and number2 black bears .,how many bears does gino have ?
morgan has number0 red pens number1 blue pens and number2 black pens . how many pens does she have ?,65 45 58,+ + number0 number1 number2,168.0,"[1, 2, 3, 4, 5, 6, 7, 8, 9, 10, 11, 16, 17, 18]",2,Sum,morgan has number0 red pens number1 blue pens and number2 black pens .,how many pens does she have ?
while building the house charlie noticed that they were running out of nails so he told his father he 's going to buy some . if they still have number0 nails left and charlie bought number1 boxes of nails the big number2 containing number3 nails and the small number4 containing number5 how many nails will they have ?,9 2 1 55 1 31,+ + number0 number5 number3,95.0,"[3, 9, 17, 27, 28, 29, 30, 31, 34, 35, 36, 40, 41, 42, 43, 44, 47, 48, 49, 50, 51, 54, 55, 56]",3,Sum,while building the house charlie noticed that they were running out of nails so he told his father he 's going to buy some . if they still have number0 nails left and charlie bought number1 boxes of nails the big number2 containing number3 nails and the small number4 containing number5,how many nails will they have ?
the treehouse is almost done ; all they need is to paint it . his father estimated that they will use number0 ounces of white paint number1 ounces of green paint and number2 ounces of brown paint . how many ounces of paint would they buy in total ?,20 15 34,+ + number0 number1 number2,69.0,"[32, 33, 1, 6, 7, 45, 46, 47, 20, 21, 22, 25, 26, 27, 31]",3,Sum,the treehouse is almost done ; all they need is to paint it . his father estimated that they will use number0 ounces of white paint number1 ounces of green paint and number2 ounces of brown paint .,how many ounces of paint would they buy in total ?
upon finishing the treehouse charlie 's mother served them freshly baked cookies . if charlie ate number0 cookies his father ate number1 and his mother only ate number2 how many cookies were eaten in total ?,15 10 5,+ + number0 number1 number2,30.0,"[32, 33, 2, 34, 7, 10, 15, 16, 17, 20, 21, 22, 26, 27, 28]",3,Sum,upon finishing the treehouse charlie 's mother served them freshly baked cookies . if charlie ate number0 cookies his father ate number1 and his mother only ate number2,how many cookies were eaten in total ?
the friends then proceeded to the rest of the houses in their village . however sam had to go home earlier . she got her share of candies which are composed of number0 chewing gums number1 chocolate bars and number2 assorted fruit candies . how many candies did she get in total ?,10 15 20,+ + number0 number1 number2,45.0,"[32, 33, 34, 35, 36, 37, 38, 39, 40, 1, 42, 5, 49, 18, 50, 51, 31]",3,Sum,the friends then proceeded to the rest of the houses in their village . however sam had to go home earlier . she got her share of candies which are composed of number0 chewing gums number1 chocolate bars and number2 assorted fruit candies .,how many candies did she get in total ?
after sam and bob left mary john and sue decided to go home as well . they counted the total amount of treats that the number0 of them got . they were able to sort out number1 chewing gums number2 chocolate bars and another number3 candies of different flavors . how many treats did mary john and sue have in total ?,3 60 55 40,+ + number1 number2 number3,155.0,"[35, 36, 37, 38, 39, 40, 41, 4, 43, 44, 45, 58, 24, 25, 26, 59, 60]",3,Sum,after sam and bob left mary john and sue decided to go home as well . they counted the total amount of treats that the number0 of them got . they were able to sort out number1 chewing gums number2 chocolate bars and another number3 candies of different flavors .,how many treats did mary john and sue have in total ?
it is easter time and the kids in the neighborhood of easterville are very excited about the annual easter egg hunt . the parents have decided to hide the eggs in a lot of different places . they hid number0 eggs around the club house number1 eggs around the village park and number2 eggs in the town hall garden . how many eggs were hidden in total ?,55 33 22,+ + number0 number1 number2,110.0,"[64, 1, 65, 66, 5, 38, 39, 40, 44, 45, 46, 51, 52, 53]",3,Sum,it is easter time and the kids in the neighborhood of easterville are very excited about the annual easter egg hunt . the parents have decided to hide the eggs in a lot of different places . they hid number0 eggs around the club house number1 eggs around the village park and number2 eggs in the town hall garden .,how many eggs were hidden in total ?
joe number0 of the best easter egg hunters found number1 eggs around the club house number2 eggs around the park and number3 eggs in the town hall garden . how many eggs did joe find ?,1 12 5 3,+ + number1 number2 number3,20.0,"[0, 1, 2, 32, 33, 5, 34, 8, 9, 10, 14, 15, 16, 20, 21, 22]",3,Sum,joe number0 of the best easter egg hunters found number1 eggs around the club house number2 eggs around the park and number3 eggs in the town hall garden .,how many eggs did joe find ?
the rest of the kids around town got number0 more eggs around the club house number1 eggs around the park and number2 eggs in the town hall garden . if we add all the eggs that they got how many eggs would that be ?,13 9 8,+ + number0 number2 number1,30.0,"[2, 7, 8, 9, 10, 41, 42, 43, 14, 15, 16, 20, 21, 22]",3,Sum,the rest of the kids around town got number0 more eggs around the club house number1 eggs around the park and number2 eggs in the town hall garden . if we add all the eggs that they got,how many eggs would that be ?
if the all the participants found a total number0 eggs from the club house number1 eggs from the park and number2 eggs from the town hall how many easter eggs were found that day ?,40 25 15,+ + number0 number1 number2,80.0,"[32, 33, 5, 7, 8, 9, 13, 14, 15, 19, 20, 21, 27, 31]",3,Sum,if the all the participants found a total number0 eggs from the club house number1 eggs from the park and number2 eggs from the town hall,how many easter eggs were found that day ?
penny 's class is going to animaland the largest zoo on earth for their science field trip . the zoo has a variety of wild animals in captivity . their first destination was the aviary . the aviary has number0 species of eagles on show that day . they have number1 bald eagles number2 harpy eagles and number3 crowned eagles . how many eagles are on display that day ?,3 20 15 30,+ + number1 number2 number3,65.0,"[1, 2, 5, 10, 38, 39, 40, 49, 50, 51, 52, 53, 54, 55, 56, 57, 58, 59, 66, 67, 68]",3,Sum,penny 's class is going to animaland the largest zoo on earth for their science field trip . the zoo has a variety of wild animals in captivity . their first destination was the aviary . the aviary has number0 species of eagles on show that day . they have number1 bald eagles number2 harpy eagles and number3 crowned eagles .,how many eagles are on display that day ?
after the aviary was the zoo 's swamp area . penny counted a total of number0 tree frogs number1 poison frogs and number2 wood frogs . how many frogs was penny able to count ?,55 10 13,+ + number0 number1 number2,78.0,"[32, 1, 33, 5, 14, 15, 16, 17, 18, 19, 20, 21, 22, 23, 24, 31]",3,Sum,after the aviary was the zoo 's swamp area . penny counted a total of number0 tree frogs number1 poison frogs and number2 wood frogs .,how many frogs was penny able to count ?
aside from frogs the swamp area is also home to a few dangerous animals . penny 's teacher pointed out number0 crocodiles number1 alligators and number2 vipers . how many dangerous animals did the teacher point out in total ?,22 23 5,+ + number0 number1 number2,50.0,"[3, 36, 37, 38, 19, 20, 21, 22, 23, 24, 25, 26]",3,Sum,aside from frogs the swamp area is also home to a few dangerous animals . penny 's teacher pointed out number0 crocodiles number1 alligators and number2 vipers .,how many dangerous animals did the teacher point out in total ?
next in their itinerary was the insectarium home to hundreds of insect species . penny who likes butterflies and ants took pictures of the different species . she was able to capture number0 species of butterflies number1 species of ants and number2 species of other insects . how many species of insects did penny capture ?,60 15 20,+ + number0 number1 number2,95.0,"[32, 33, 1, 35, 36, 37, 4, 7, 40, 41, 42, 11, 10, 52, 53, 54, 31]",3,Sum,next in their itinerary was the insectarium home to hundreds of insect species . penny who likes butterflies and ants took pictures of the different species . she was able to capture number0 species of butterflies number1 species of ants and number2 species of other insects .,how many species of insects did penny capture ?
last stop in their field trip was the aquarium . penny identified number0 species of sharks number1 species of eels and number2 different species of whales . how many species was penny able to identify ?,35 15 5,+ + number0 number1 number2,55.0,"[32, 1, 33, 34, 5, 11, 12, 13, 15, 16, 17, 20, 21, 22, 23]",3,Sum,last stop in their field trip was the aquarium . penny identified number0 species of sharks number1 species of eels and number2 different species of whales .,how many species was penny able to identify ?
the following week they decided to go to lake huron and lake michigan . during their stay there they caught a total of number0 pikes number1 sturgeons and number2 herrings . how many fishes did they catch from the number3 lakes ?,30 40 75 2,+ + number0 number1 number2,145.0,"[38, 39, 40, 22, 23, 24, 25, 26, 27, 28, 29]",3,Sum,the following week they decided to go to lake huron and lake michigan . during their stay there they caught a total of number0 pikes number1 sturgeons and number2 herrings .,how many fishes did they catch from the number3 lakes ?
during recess buddy went to the cafeteria where he met other students from different grades . if he met number0 second grade students number1 number2 grade students and number3 fifth grade students how many more students did buddy meet during recess ?,14 10 4 16,+ + number0 number1 number3,40.0,"[2, 4, 9, 10, 13, 17, 18, 19, 20, 22, 23, 24, 25, 26, 27, 28, 29, 31, 38, 39, 40]",3,Sum,during recess buddy went to the cafeteria where he met other students from different grades . if he met number0 second grade students number1 number2 grade students and number3 fifth grade students,how many more students did buddy meet during recess ?
after the final bell rang buddy ran to the school bus with his new friends . on his ride home he counted number0 students sitting on the left side of the bus and number1 sitting on the right . how many students are on the bus ride home ?,36 27,+ number0 number1,63.0,"[32, 33, 34, 1, 5, 7, 45, 46, 47, 21, 22, 23]",3,Addition,after the final bell rang buddy ran to the school bus with his new friends . on his ride home he counted number0 students sitting on the left side of the bus and number1 sitting on the right .,how many students are on the bus ride home ?
helen the hippo and her friends are preparing for thanksgiving at helen 's house . helen baked number0 chocolate chip cookies yesterday and number1 cookies this morning . how many cookies did helen bake ?,435 139,+ number0 number1,574.0,"[32, 1, 33, 5, 16, 17, 18, 20, 22, 23, 24, 31]",3,Addition,helen the hippo and her friends are preparing for thanksgiving at helen 's house . helen baked number0 chocolate chip cookies yesterday and number1 cookies this morning .,how many cookies did helen bake ?
pinky the pig bought number0 apples while danny the duck bought number1 how many apples do they have altogether ?,36 73,+ number0 number1,109.0,"[1, 3, 4, 5, 10, 11, 12, 16, 17, 18]",3,Addition,pinky the pig bought number0 apples while danny the duck bought number1 how,many apples do they have altogether ?
dylan the dog prepared number0 hotdog sticks in a brown bag . his father placed number1 more hotdog sticks in the same brown bag . how many hotdog sticks did dylan and his father place in the brown bag ?,241 426,+ number0 number1,667.0,"[1, 2, 3, 4, 5, 6, 36, 37, 38, 14, 15, 16, 18]",3,Addition,dylan the dog prepared number0 hotdog sticks in a brown bag . his father placed number1 more hotdog sticks in the same brown bag .,how many hotdog sticks did dylan and his father place in the brown bag ?
helen 's mother brought number0 hotdogs . after a few hours dylan 's mother arrived with number1 hotdogs . how many hotdogs do they have altogether ?,101 379,+ number0 number1,480.0,"[1, 3, 4, 5, 15, 16, 17, 23, 24, 25]",3,Addition,helen 's mother brought number0 hotdogs . after a few hours dylan 's mother arrived with number1 hotdogs .,how many hotdogs do they have altogether ?
pinky made number0 miniature pumpkin pies for everyone and helen made number1 how many miniature pies do they have in total ?,147 56,+ number0 number1,203.0,"[1, 2, 3, 5, 6, 10, 11, 12, 18, 19, 20]",3,Addition,pinky made number0 miniature pumpkin pies for everyone and helen made number1 how,many miniature pies do they have in total ?
it 's spring break at rosewood high so rachel and her family decided to take a trip across europe . since rachel has always been fascinated by the french people they began their tour with a visit to france . during their stay there rachel went to the famous eiffel tower . if she climbed number0 flights of stairs going up and number1 going down what is the total number of steps that she took ?,567 325,+ number0 number1,892.0,"[2, 72, 73, 74, 54, 55, 56, 61, 62, 63]",3,Addition,it 's spring break at rosewood high so rachel and her family decided to take a trip across europe . since rachel has always been fascinated by the french people they began their tour with a visit to france . during their stay there rachel went to the famous eiffel tower . if she climbed number0 flights of stairs going up and number1 going down,what is the total number of steps that she took ?
after visiting france rachel 's sister bella requested that they see the buckingham palace in london . if they travelled number0 miles by land and number1 miles by sea across the english channel what is the total distance that they travelled ?,451 150,+ number0 number1,601.0,"[2, 38, 39, 40, 19, 20, 21, 24, 25, 26]",3,Addition,after visiting france rachel 's sister bella requested that they see the buckingham palace in london . if they travelled number0 miles by land and number1 miles by sea across the english channel,what is the total distance that they travelled ?
the very first thing that rachel tried when they reached england was the food . if she ate number0 grams of bacon and number1 grams of sausages how much food did she eat in total ?,276 147,+ number0 number1,423.0,"[32, 33, 2, 34, 17, 18, 19, 22, 23, 24]",3,Addition,the very first thing that rachel tried when they reached england was the food . if she ate number0 grams of bacon and number1 grams of sausages,how much food did she eat in total ?
after eating a hearty meal they went to see the buckingham palace . there rachel learned that number0 visitors came to the palace that day . if there were number1 visitors the previous day how many visited the palace within number2 days ?,583 246 2,+ number0 number1,829.0,"[2, 6, 39, 40, 41, 16, 17, 18, 28, 29, 30]",3,Addition,after eating a hearty meal they went to see the buckingham palace . there rachel learned that number0 visitors came to the palace that day . if there were number1 visitors the previous day,how many visited the palace within number2 days ?
the last stop of their tour was italy ; there they visited naples the place where modern pizza was invented . during their stay there she ate number0 grams of pizza and her sister ate number1 how many grams of pizza did rachel and bella ate there ?,598 354,+ number0 number1,952.0,"[1, 34, 35, 36, 5, 9, 44, 45, 46, 26, 27, 28]",3,Addition,the last stop of their tour was italy ; there they visited naples the place where modern pizza was invented . during their stay there she ate number0 grams of pizza and her sister ate number1 how,many grams of pizza did rachel and bella ate there ?
christmas is near . mr. anderson president of nice people inc. organized a charity event to share happiness to the less fortunate people . the first thing that he did is to visit an orphanage . there he dressed up as santa and gave toys to the children . if he gave number0 toy cars to the boys and number1 dolls to the girls how many toys did he give to all ?,134 269,+ number0 number1,403.0,"[2, 69, 70, 71, 51, 52, 53, 54, 58, 59, 60]",3,Addition,christmas is near . mr. anderson president of nice people inc. organized a charity event to share happiness to the less fortunate people . the first thing that he did is to visit an orphanage . there he dressed up as santa and gave toys to the children . if he gave number0 toy cars to the boys and number1 dolls to the girls,how many toys did he give to all ?
next on his list is the nursing home near his office . there he number0 boxes of vitamins and number1 boxes of supplements . how many boxes of medicine did the nursing home receive from mr. anderson ?,472 288,+ number0 number1,760.0,"[1, 34, 35, 36, 5, 13, 14, 15, 18, 19, 20]",3,Addition,next on his list is the nursing home near his office . there he number0 boxes of vitamins and number1 boxes of supplements .,how many boxes of medicine did the nursing home receive from mr. anderson ?
feeling good about what he did mr. anderson decided to continue giving to others . he went around the city and gave clothes to homeless people . if he gave number0 shirts and number1 trousers how many pieces of clothing did he gave out in total ?,589 345,+ number0 number1,934.0,"[32, 33, 34, 35, 2, 43, 44, 45, 30, 31]",3,Addition,feeling good about what he did mr. anderson decided to continue giving to others . he went around the city and gave clothes to homeless people . if he gave number0 shirts and number1 trousers,how many pieces of clothing did he gave out in total ?
after giving out clothes he invited the homeless to the nearest soup kitchen to give them a proper meal . if he fed number0 men and number1 women how many homeless people was he able to feed ?,219 328,+ number0 number1,547.0,"[2, 34, 35, 36, 22, 23, 24, 25, 26, 27]",3,Addition,after giving out clothes he invited the homeless to the nearest soup kitchen to give them a proper meal . if he fed number0 men and number1 women,how many homeless people was he able to feed ?
the last place that he went to was the city animal shelter . there he donated some money to make sure the dogs and cats there are being taken care of . if there are number0 cats and number1 dogs there how many animals are there in the shelter ?,645 567,+ number0 number1,1212.0,"[34, 35, 36, 37, 38, 39, 2, 46, 47, 48]",3,Addition,the last place that he went to was the city animal shelter . there he donated some money to make sure the dogs and cats there are being taken care of . if there are number0 cats and number1 dogs there,how many animals are there in the shelter ?
denver the dog is a famous architect in the city of animapolis . together with his engineer friend wally the wolf they decided to build the tallest building ever the animus tower . to make sure the framework of the tower is strongly built they hired the best builders in town . if they hired number0 beavers and number1 spiders how many workers in total did they hire to make the framework ?,318 544,+ number0 number1,862.0,"[2, 69, 70, 71, 54, 55, 56, 57, 58, 59]",3,Addition,denver the dog is a famous architect in the city of animapolis . together with his engineer friend wally the wolf they decided to build the tallest building ever the animus tower . to make sure the framework of the tower is strongly built they hired the best builders in town . if they hired number0 beavers and number1 spiders,how many workers in total did they hire to make the framework ?
to carry heavy construction materials they employed number0 red ants and number1 black ants . how many ants did they employ in total ?,413 487,+ number0 number1,900.0,"[1, 5, 6, 7, 8, 9, 10, 11, 12, 13, 20, 21, 22]",3,Addition,to carry heavy construction materials they employed number0 red ants and number1 black ants .,how many ants did they employ in total ?
after the framework was finished they asked number0 monkeys and number1 termites to finish the rest of the building . how many workers finished the rest of the construction ?,239 622,+ number0 number1,861.0,"[6, 7, 8, 9, 10, 11, 26, 27, 28]",3,Addition,after the framework was finished they asked number0 monkeys and number1 termites to finish the rest of the building .,how many workers finished the rest of the construction ?
when the building is done they wanted to make it shine brightly in the night . to fix that they commissioned number0 fireflies and number1 glow worms . how many animals worked in the lights ?,432 297,+ number0 number1,729.0,"[32, 33, 34, 4, 20, 21, 22, 23, 24, 25, 26]",3,Addition,when the building is done they wanted to make it shine brightly in the night . to fix that they commissioned number0 fireflies and number1 glow worms .,how many animals worked in the lights ?
it took all of the workers number0 year to finish the animus tower and it was indeed the brightest and tallest structure that can be seen at animapolis ' skyline . if the first half of the building has number1 stories and the second half has number2 stories . how many stories do the animus tower has ?,1 145 255,+ number1 number2,400.0,"[1, 5, 38, 39, 6, 7, 40, 45, 46, 47, 14, 54, 55, 56]",3,Addition,it took all of the workers number0 year to finish the animus tower and it was indeed the brightest and tallest structure that can be seen at animapolis ' skyline . if the first half of the building has number1 stories and the second half has number2 stories .,how many stories do the animus tower has ?
it 's new year 's eve . benjamin and his family went to new york city to take part in the celebration that is going to take place later that night . before the evening celebrations benjamin wanted to see some of the famous places in nyc first . from the hotel he walked number0 steps to the nearest restaurant then another number1 steps to central park . how many steps did he take to get to central park from the hotel ?,234 378,+ number0 number1,612.0,"[1, 4, 7, 79, 80, 81, 53, 54, 55, 61, 62, 63]",3,Addition,it 's new year 's eve . benjamin and his family went to new york city to take part in the celebration that is going to take place later that night . before the evening celebrations benjamin wanted to see some of the famous places in nyc first . from the hotel he walked number0 steps to the nearest restaurant then another number1 steps to central park .,how many steps did he take to get to central park from the hotel ?
next on his list is the famous empire state building . there he learned that the building stands number0 feet to the top floor and the antenna spire is number1 feet . how tall is the empire state building ?,1250 204,+ number0 number1,1454.0,"[36, 37, 6, 38, 17, 18, 19, 28, 29, 30]",3,Addition,next on his list is the famous empire state building . there he learned that the building stands number0 feet to the top floor and the antenna spire is number1 feet .,how tall is the empire state building ?
at the top of the empire state building he saw the madison square garden so he decided to go there as well . it took him number0 steps to get down the building and number1 steps from the building to madison square garden . how many steps did he take to get to madison square ?,676 315,+ number0 number1,991.0,"[33, 34, 35, 1, 5, 6, 52, 53, 54, 25, 26, 27]",3,Addition,at the top of the empire state building he saw the madison square garden so he decided to go there as well . it took him number0 steps to get down the building and number1 steps from the building to madison square garden .,how many steps did he take to get to madison square ?
it 's getting dark so he decided to take number0 last stop . he took a cab to the metropolitan museum of art . if he saw number1 pieces of asian art and number2 pieces of egyptian art how many pieces of art did he see ?,1 465 527,+ number1 number2,992.0,"[32, 33, 34, 2, 8, 9, 10, 11, 43, 44, 45, 15, 21, 26, 27, 28]",3,Addition,it 's getting dark so he decided to take number0 last stop . he took a cab to the metropolitan museum of art . if he saw number1 pieces of asian art and number2 pieces of egyptian art,how many pieces of art did he see ?
after visiting the museum benjamin went back to the hotel where he prepared for new year 's eve at the annual times square ball drop . to get there he took number0 steps to the rockefeller center then number1 steps to times square itself . how many steps did he take before reaching times square ?,354 228,+ number0 number1,582.0,"[32, 1, 37, 38, 39, 5, 52, 53, 54, 30, 31]",3,Addition,after visiting the museum benjamin went back to the hotel where he prepared for new year 's eve at the annual times square ball drop . to get there he took number0 steps to the rockefeller center then number1 steps to times square itself .,how many steps did he take before reaching times square ?
sofia president of the school student organization held a meeting to talk about the food being served at the school cafeteria . the first order of business is to discuss whether the students like the food being served at the school . if number0 students said that they like the food and number1 students said they did n't how many students participated in the discussion ?,383 431,+ number0 number1,814.0,"[64, 3, 42, 43, 44, 11, 17, 51, 52, 53, 19, 62, 63]",3,Addition,sofia president of the school student organization held a meeting to talk about the food being served at the school cafeteria . the first order of business is to discuss whether the students like the food being served at the school . if number0 students said that they like the food and number1 students said they did n't,how many students participated in the discussion ?
after agreeing that the school menu needs to be changed they had a vote for food suggestions . if number0 voted to add more veggies to the menu and number1 voted to add more meat how many students voted ?,337 335,+ number0 number1,672.0,"[36, 37, 38, 18, 19, 20, 28, 29, 30]",3,Addition,after agreeing that the school menu needs to be changed they had a vote for food suggestions . if number0 voted to add more veggies to the menu and number1 voted to add more meat,how many students voted ?
since the result of the vote was close it was decided that they will balance the menu with both meat and vegetables . this decision was agreed upon by number0 third grade students and number1 number2 grade students . how many students agreed with the decision ?,154 237 4,+ number0 number1,391.0,"[32, 33, 34, 35, 36, 37, 1, 7, 3, 43, 44, 45, 28, 29, 30]",3,Addition,since the result of the vote was close it was decided that they will balance the menu with both meat and vegetables . this decision was agreed upon by number0 third grade students and number1 number2 grade students .,how many students agreed with the decision ?
because of the decision sofia asked the students to suggest specific types of food . if number0 students suggested adding mashed potatoes while number1 suggested adding bacon to the menu how many students participated in the suggestion of new food items ?,279 234,+ number0 number1,513.0,"[33, 5, 38, 39, 40, 15, 16, 17, 18, 22, 23, 24, 31]",3,Addition,because of the decision sofia asked the students to suggest specific types of food . if number0 students suggested adding mashed potatoes while number1 suggested adding bacon to the menu,how many students participated in the suggestion of new food items ?
after a week sofia did a survey to ask if the students liked the new menu . she found out that number0 students liked the new menu while number1 did n't . how many students took part in sofia 's survey ?,235 165,+ number0 number1,400.0,"[1, 3, 6, 38, 39, 40, 12, 20, 21, 22, 27, 28, 29]",3,Addition,after a week sofia did a survey to ask if the students liked the new menu . she found out that number0 students liked the new menu while number1 did n't .,how many students took part in sofia 's survey ?
rob also compared the empire state building and the petronas towers . what is the height difference between the number0 if the empire state building is number1 m tall and the petronas towers is number2 m tall ?,2 443 452,- number2 number1,9.0,"[33, 34, 35, 36, 18, 19, 20, 25, 26, 27]",3,Subtraction,rob also compared the empire state building and the petronas towers .,what is the height difference between the number0 if the empire state building is number1 m tall and the petronas towers is number2 m tall ?
rob also matched the london eye which stands at number0 ft and las vegas ' high roller standing at number1 ft. being the tallest ferris wheel in the world how much taller is high roller than the london eye ?,443 550,- number1 number0,107.0,"[36, 37, 38, 8, 9, 10, 18, 19, 20]",3,Subtraction,rob also matched the london eye which stands at number0 ft and las vegas ' high roller standing at number1 ft. being the tallest ferris wheel in the world,how much taller is high roller than the london eye ?
lastly rob compared canada 's cn tower and seattle 's space needle . how tall is the space needle if the cn tower stands at number0 m high and it is taller than the space needle by number1 m ?,553 369,- number0 number1,184.0,"[36, 37, 38, 14, 24, 25, 26]",3,Subtraction,lastly rob compared canada 's cn tower and seattle 's space needle .,how tall is the space needle if the cn tower stands at number0 m high and it is taller than the space needle by number1 m ?
mike and his brother joe found a map leading to a buried treasure in an unknown island so they decided to go on a treasure hunt . after decoding the clues on the map they found out that they need to go to the island of mysteries . to get there they could either take a plane for $ number0 or a boat for $ number1 . how much money can they save if they took a boat to the island ?,600.00 254.00,- number0 number1,346.0,"[64, 65, 78, 79, 80, 58, 59, 60]",3,Subtraction,mike and his brother joe found a map leading to a buried treasure in an unknown island so they decided to go on a treasure hunt . after decoding the clues on the map they found out that they need to go to the island of mysteries . to get there they could either take a plane for $ number0 or a boat for $ number1 .,how much money can they save if they took a boat to the island ?
when they arrived at the island 's starting point they looked at the clues and found out that the number of steps they need to take to get to the next clue is the difference between number0 and number1 how many steps do they have to take to get to the next clue ?,537 369,- number0 number1,168.0,"[35, 36, 37, 38, 39, 50, 51, 52]",3,Subtraction,when they arrived at the island 's starting point they looked at the clues and found out that the number of steps they need to take to get to the next clue is the difference between number0 and number1 how,many steps do they have to take to get to the next clue ?
the map led them through the forest and into a cave . to open the cave doors they need to put weights on the switch . if the switch already has number0 lbs . of weights and the total needed is number1 lbs . how much more weight to they need to add ?,234 712,- number1 number0,478.0,"[32, 4, 40, 41, 42, 50, 51, 52, 30, 31]",3,Subtraction,the map led them through the forest and into a cave . to open the cave doors they need to put weights on the switch . if the switch already has number0 lbs . of weights and the total needed is number1 lbs .,how much more weight to they need to add ?
if the cave is number0 feet deep and they are already at number1 feet how much farther until they reach the end of the cave ?,974 588,- number0 number1,386.0,"[3, 4, 5, 11, 12, 13, 22, 23, 24]",3,Subtraction,if the cave is number0 feet deep and they are already at number1 feet,how much farther until they reach the end of the cave ?
at the end of the cave they found a golden chest . if the chest contains number0 diamonds and number1 rubies how many more diamonds are there than rubies ?,421 377,- number0 number1,44.0,"[3, 10, 11, 14, 15, 16, 17, 18, 19, 20, 26, 27, 28]",3,Subtraction,at the end of the cave they found a golden chest . if the chest contains number0 diamonds and number1 rubies,how many more diamonds are there than rubies ?
the path opened to a beautiful garden enclosed by a wall . the exit door will open when the number of white flowers is the same as the number of red flowers . if there are number0 white flowers and number1 red flowers how many more red flowers are needed ?,555 347,- number0 number1,208.0,"[2, 35, 36, 37, 38, 39, 40, 41, 42, 9, 4, 8, 11, 12, 13, 47, 18, 48, 49]",3,Subtraction,the path opened to a beautiful garden enclosed by a wall . the exit door will open when the number of white flowers is the same as the number of red flowers . if there are number0 white flowers and number1 red flowers,how many more red flowers are needed ?
the exit door leads to a river number0 inches across if the bridge he needs to cross is only number1 inches how much longer does he need to build if he wants to cross the river using the bridge ?,487 295,- number0 number1,192.0,"[36, 37, 6, 7, 8, 38, 18, 19, 20]",3,Subtraction,the exit door leads to a river number0 inches across if the bridge he needs to cross is only number1 inches,how much longer does he need to build if he wants to cross the river using the bridge ?
across the river he fell into a hole . to get out he needs to fill it with number0 gallons of water . if the hole initially has number1 gallons how much water does he need to fill it ?,823 676,- number0 number1,147.0,"[4, 36, 37, 38, 17, 18, 19, 27, 28, 29]",3,Subtraction,across the river he fell into a hole . to get out he needs to fill it with number0 gallons of water . if the hole initially has number1 gallons,how much water does he need to fill it ?
at the edge of the forest an anthill is blocking the way out . in order to pass through he needs to help the ants gather food . if the ants need number0 grains of food and they already have number1 how many more grains are needed to be gathered ?,911 762,- number0 number1,149.0,"[32, 33, 39, 40, 41, 47, 48, 49, 31]",3,Subtraction,at the edge of the forest an anthill is blocking the way out . in order to pass through he needs to help the ants gather food . if the ants need number0 grains of food and they already have number1,how many more grains are needed to be gathered ?
charlie an aspiring inventor is planning to make some wings to fulfill his dream to fly around the world . he started by collecting feathers . he needs number0 feathers and he already has number1 how many more feathers does he need to collect ?,900 387,- number0 number1,513.0,"[33, 34, 35, 3, 1, 2, 8, 41, 42, 43, 27, 28, 29]",3,Subtraction,charlie an aspiring inventor is planning to make some wings to fulfill his dream to fly around the world . he started by collecting feathers . he needs number0 feathers and he already has number1 how,many more feathers does he need to collect ?
next on his checklist are wax glues to stick the feathers together . if the feathers require number0 g of wax and right now he just needs number1 g how many grams of wax glue does he already have ?,469 257,- number0 number1,212.0,"[3, 36, 37, 38, 13, 16, 17, 18, 26, 27, 28]",3,Subtraction,next on his checklist are wax glues to stick the feathers together . if the feathers require number0 g of wax and right now he just needs number1 g,how many grams of wax glue does he already have ?
the wings now need to be heated . if the oven is at number0 degrees and the required temperature is number1 degrees how many more degrees does the oven temperature need to increase ?,150 546,- number1 number0,396.0,"[32, 12, 13, 14, 15, 16, 19, 20, 21, 22, 30, 31]",3,Subtraction,the wings now need to be heated . if the oven is at number0 degrees and the required temperature is number1 degrees,how many more degrees does the oven temperature need to increase ?
while heating the wings charlie decided to make metal supports for the wings . if he needs number0 lbs of metal and he has number1 lbs in storage how much additional metal does he need to buy ?,635 276,- number0 number1,359.0,"[2, 34, 35, 36, 9, 16, 17, 18, 23, 24, 25]",3,Subtraction,while heating the wings charlie decided to make metal supports for the wings . if he needs number0 lbs of metal and he has number1 lbs in storage,how much additional metal does he need to buy ?
finally he wanted to add color to the wings so he decided to paint it like a rainbow . if he wanted to use number0 liters of paint and he still have number1 liters left from his last project how much more paint does he need to buy ?,333 157,- number0 number1,176.0,"[32, 33, 4, 12, 45, 46, 47, 23, 24, 25, 31]",3,Subtraction,finally he wanted to add color to the wings so he decided to paint it like a rainbow . if he wanted to use number0 liters of paint and he still have number1 liters left from his last project,how much more paint does he need to buy ?
willie the town baker wanted to make the biggest cake their town has ever seen . first he prepared the flour . he is planning to use number0 lbs . of flour . if he has number1 lbs . of flour stored in his bakery how much more flour does he need to buy ?,501 294,- number0 number1,207.0,"[2, 35, 36, 37, 4, 51, 52, 53, 26, 27, 28]",3,Subtraction,willie the town baker wanted to make the biggest cake their town has ever seen . first he prepared the flour . he is planning to use number0 lbs . of flour . if he has number1 lbs . of flour stored in his bakery,how much more flour does he need to buy ?
next on his shopping list are the eggs . if he needs number0 eggs for his cake and his friend andrew gave him number1 how many more eggs should he buy ?,222 155,- number0 number1,67.0,"[2, 11, 12, 13, 16, 17, 21, 22, 23, 24, 28, 29, 30]",3,Subtraction,next on his shopping list are the eggs . if he needs number0 eggs for his cake and his friend andrew gave him number1,how many more eggs should he buy ?
to make sure that the cake is sweet he needs number0 lbs . of sugar . if he has number1 lbs . of sugar stored in his house how much additional sugar will he need ?,450 287,- number0 number1,163.0,"[32, 33, 2, 34, 9, 10, 11, 18, 19, 20]",3,Subtraction,to make sure that the cake is sweet he needs number0 lbs . of sugar . if he has number1 lbs . of sugar stored in his house,how much additional sugar will he need ?
since the townspeople requested that he makes a chocolate cake he will need number0 lbs . of cocoa powder . if the mayor already gave him number1 lbs . how much cocoa powder does he still need ?,306 259,- number0 number1,47.0,"[34, 35, 4, 36, 12, 13, 14, 25, 26, 27]",3,Subtraction,since the townspeople requested that he makes a chocolate cake he will need number0 lbs . of cocoa powder . if the mayor already gave him number1 lbs .,how much cocoa powder does he still need ?
for the frosting and final touches willie will need to have number0 lbs . of whipped cream . if he got number1 lbs . of cream from his farm how much more cream is needed to be bought ?,300 149,- number0 number1,151.0,"[2, 35, 36, 37, 10, 11, 12, 20, 21, 22]",3,Subtraction,for the frosting and final touches willie will need to have number0 lbs . of whipped cream . if he got number1 lbs . of cream from his farm,how much more cream is needed to be bought ?
there 's only a week left before christmas . john went out to buy gifts for his family . having $ number0 for his budget he went to a sports store and bought his brother a new pair of shoes for $ number1 . how much money does he have left ?,999.00 165.00,- number0 number1,834.0,"[0, 41, 42, 48, 49, 50, 20, 21, 22]",3,Subtraction,there 's only a week left before christmas . john went out to buy gifts for his family . having $ number0 for his budget he went to a sports store and bought his brother a new pair of shoes for $ number1 .,how much money does he have left ?
after buying a dress he went to a gardening store and bought his mom some ornamental plants . if the plants originally cost $ number0 and he was able to get a $ number1 discount how much did he actually spend on buying the plants ?,467.00 399.00,- number0 number1,68.0,"[32, 33, 34, 4, 42, 43, 44, 23, 24, 25]",3,Subtraction,after buying a dress he went to a gardening store and bought his mom some ornamental plants . if the plants originally cost $ number0 and he was able to get a $ number1 discount,how much did he actually spend on buying the plants ?
lastly he went to a music store and bought a new set of speakers for his dad 's entertainment system . if the initial price of the speakers is $ number0 he got it for $ number1 how much money was he able to save from having a discount ?,475.00 199.00,- number0 number1,276.0,"[35, 36, 37, 46, 47, 48, 29, 30, 31]",3,Subtraction,lastly he went to a music store and bought a new set of speakers for his dad 's entertainment system . if the initial price of the speakers is $ number0 he got it for $ number1,how much money was he able to save from having a discount ?
if he spent a total of $ number0 and all the gifts cost a total of $ number1 how much money did he spend on giftwrapping and other expenses ?,700.00 561.00,- number0 number1,139.0,"[6, 7, 8, 16, 17, 18, 26, 27, 28]",3,Subtraction,if he spent a total of $ number0 and all the gifts cost a total of $ number1,how much money did he spend on giftwrapping and other expenses ?
janine owns a catering service company . she was hired to cater for the mayor 's number0 birthday . for the appetizers she needs to make number1 mini meat pies . she divided her crew into number2 teams . if the first team made number3 and the second made number4 how many pies should the third team make ?,50 750 3 235 275,- number1 + number3 number4,240.0,"[35, 36, 37, 43, 44, 45, 12, 48, 49, 50, 18, 55, 56, 25, 26, 27, 29, 57]",3,Subtraction,janine owns a catering service company . she was hired to cater for the mayor 's number0 birthday . for the appetizers she needs to make number1 mini meat pies . she divided her crew into number2 teams . if the first team made number3 and the second made number4,how many pies should the third team make ?
next food item she has to prepare is soup . she needs number0 cups of mushroom soup . if the first team made number1 cups and the third team made number2 cups how any cups should the second team prepare in order to meet the required amount of soup ?,280 90 70,- number0 + number1 number2,120.0,"[1, 4, 11, 12, 13, 46, 47, 48, 21, 22, 23, 24, 29, 30, 31]",3,Subtraction,next food item she has to prepare is soup . she needs number0 cups of mushroom soup . if the first team made number1 cups and the third team made number2 cups,how any cups should the second team prepare in order to meet the required amount of soup ?
for the second main course they were asked to make number0 pieces of fish fillets . if the first team made number1 pieces and the second team made number2 pieces how many pieces should the third team make ?,500 189 131,- number0 + number1 number2,180.0,"[35, 4, 36, 37, 9, 10, 11, 15, 20, 21, 22, 27, 28, 29]",3,Subtraction,for the second main course they were asked to make number0 pieces of fish fillets . if the first team made number1 pieces and the second team made number2 pieces,how many pieces should the third team make ?
they served a total of number0 adults and number1 children if number2 of all the people they served are male how many are female ?,179 141 156,- + number0 number1 number2,164.0,"[4, 5, 6, 7, 8, 9, 10, 11, 12, 21, 22, 23]",3,Subtraction,they served a total of number0 adults and number1 children if number2 of all the people they served are male,how many are female ?
alvin is trying to build a small house in the forest so that he has a place to stay whenever he goes hunting . he started by gathering some wood . according to his blueprint he will need number0 pieces of wood . if his friend gave him number1 pieces and his brother gave him number2 pieces how many more wood does he need to gather ?,376 123 136,- - number0 number1 number2,117.0,"[64, 65, 3, 37, 38, 39, 6, 10, 47, 48, 49, 54, 55, 56, 63]",3,TVQ-Change,alvin is trying to build a small house in the forest so that he has a place to stay whenever he goes hunting . he started by gathering some wood . according to his blueprint he will need number0 pieces of wood . if his friend gave him number1 pieces and his brother gave him number2 pieces,how many more wood does he need to gather ?
he also needed some nails . if he already has number0 nails with him and he found another number1 in his toolshed how many more nails does he need to buy if he needs a total of number2 nails ?,247 144 500,- number2 + number0 number1,109.0,"[2, 3, 36, 37, 38, 9, 10, 11, 17, 18, 19, 24]",3,Subtraction,he also needed some nails . if he already has number0 nails with him and he found another number1 in his toolshed,how many more nails does he need to buy if he needs a total of number2 nails ?
to add support on the house 's connections he decided to tie the wood joints with rope . he needs number0 feet of rope . if he has number1 feet of rope with him and at the moment he only needed number2 feet how many feet of rope did his friends give to him ?,185 46 57,- number0 + number2 number1,82.0,"[1, 2, 40, 41, 42, 15, 19, 20, 21, 51, 52, 53, 26, 27, 28, 29]",3,Subtraction,to add support on the house 's connections he decided to tie the wood joints with rope . he needs number0 feet of rope . if he has number1 feet of rope with him and at the moment he only needed number2 feet,how many feet of rope did his friends give to him ?
he wanted to make sure that he is protected from the cold evenings in the forest so he decided to build a fireplace made of cement . if he bought number0 lbs of cement and his son brought another number1 lbs how much cement did he have originally if he now has number2 lbs ?,215 137 450,- number2 + number0 number1,98.0,"[2, 38, 39, 40, 10, 51, 52, 53, 24, 29, 30, 31]",3,Subtraction,he wanted to make sure that he is protected from the cold evenings in the forest so he decided to build a fireplace made of cement . if he bought number0 lbs of cement and his son brought another number1 lbs,how much cement did he have originally if he now has number2 lbs ?
for finishing touches he needed number0 gallons of paint . if he bought number1 gallons to add to his existing number2 gallons of paint how much more paint will he need ?,70 23 36,- - number0 number1 number2,11.0,"[2, 4, 5, 6, 9, 12, 13, 14, 19, 20, 21, 28, 29, 30]",3,TVQ-Change,for finishing touches he needed number0 gallons of paint . if he bought number1 gallons to add to his existing number2 gallons of paint,how much more paint will he need ?
after the cleaning the rivers they went on to tidy up the farmlands . if lizzie 's group covered number0 square feet of land and the other group covered number1 how many more square feet of land remains to be cleaned if there is total of number2 square feet of land ?,250 265 900,- number2 + number0 number1,385.0,"[4, 45, 46, 47, 48, 17, 18, 19, 20, 21, 49, 23, 50, 28, 29, 30]",3,Subtraction,after the cleaning the rivers they went on to tidy up the farmlands . if lizzie 's group covered number0 square feet of land and the other group covered number1,how many more square feet of land remains to be cleaned if there is total of number2 square feet of land ?
the number0 groups will also collect garbage from all the number1 houses in the city . if lizzie 's group covered number2 houses while the other group covered number3 how many more houses remain ?,2 453 238 190,- number1 + number2 number3,25.0,"[0, 1, 2, 32, 4, 5, 33, 9, 10, 11, 14, 15, 17, 20, 21, 22, 27, 28, 29, 31]",3,Subtraction,the number0 groups will also collect garbage from all the number1 houses in the city . if lizzie 's group covered number2 houses while the other group covered number3,how many more houses remain ?
finally they had to roam around number0 factories to make sure they are throwing their wastes properly . if their group went to number1 factories and the second went to number2 how many factories remain unchecked ?,169 69 52,- number0 + number1 number2,48.0,"[33, 34, 35, 4, 5, 6, 7, 14, 16, 22, 23, 24, 29, 30, 31]",3,Subtraction,finally they had to roam around number0 factories to make sure they are throwing their wastes properly . if their group went to number1 factories and the second went to number2,how many factories remain unchecked ?
kevin and his family just moved to a new neighborhood so they are holding a party to be able to meet their new neighbors . for the party they prepared a few snacks for everyone . if his sister prepared number0 mini cupcakes and his mother prepared number1 how many did his grandmother prepare if they have a total of number2 cupcakes ?,25 30 100,- number2 + number0 number1,45.0,"[3, 39, 40, 41, 42, 46, 47, 48, 59, 60, 61]",3,Subtraction,kevin and his family just moved to a new neighborhood so they are holding a party to be able to meet their new neighbors . for the party they prepared a few snacks for everyone . if his sister prepared number0 mini cupcakes and his mother prepared number1,how many did his grandmother prepare if they have a total of number2 cupcakes ?
they also prepared some chips . if he prepared number0 grams of chips and his father prepared number1 grams how much chips should his brother prepare if they are to have number2 grams of chips ?,350 268 800,- number2 + number0 number1,182.0,"[32, 33, 2, 34, 8, 9, 10, 16, 17, 18, 24, 30, 31]",3,Subtraction,they also prepared some chips . if he prepared number0 grams of chips and his father prepared number1 grams,how much chips should his brother prepare if they are to have number2 grams of chips ?
after the party kevin estimated that the total money they spent on food drinks and utensils sums up to $ number0 . if they spent $ number1 on food and $ number2 on utensils and other stuff how much did they spend on drinks ?,560.00 268.00 118.00,- number0 + number1 number2,174.0,"[32, 2, 41, 42, 43, 19, 20, 25, 26, 27, 30, 31]",3,Subtraction,after the party kevin estimated that the total money they spent on food drinks and utensils sums up to $ number0 . if they spent $ number1 on food and $ number2 on utensils and other stuff,how much did they spend on drinks ?
katie loves to travel . on her birthday she decided to go on a trip on a mysterious continent . her first destination was in an island of statues which is number0 miles from her place . she took a plane that made number1 stopovers the number2 stopover after covering number3 miles and the number4 stopover after another number5 miles . how much farther is the island from the number6 stopover ?,436 2 1 132 2 236 2,- number0 + number3 number5,68.0,"[32, 68, 5, 69, 70, 42, 43, 44, 12, 49, 50, 51, 57, 58, 59, 30, 31]",3,Subtraction,katie loves to travel . on her birthday she decided to go on a trip on a mysterious continent . her first destination was in an island of statues which is number0 miles from her place . she took a plane that made number1 stopovers the number2 stopover after covering number3 miles and the number4 stopover after another number5 miles .,how much farther is the island from the number6 stopover ?
katie spent a total $ number0 on her whole stay in the island . if she spent $ number1 on food and $ number2 on hotel rooms how much did she spend on buying other stuff ?,350.00 125.00 135.00,- number0 + number1 number2,90.0,"[1, 2, 3, 4, 5, 6, 33, 34, 35, 17, 18, 19, 22, 23, 24]",3,Subtraction,katie spent a total $ number0 on her whole stay in the island . if she spent $ number1 on food and $ number2 on hotel rooms,how much did she spend on buying other stuff ?
next she went to a country full of mountains . there she saw number0 species of insects reptiles and birds . if she saw number1 insect species and number2 bird species how many reptile species did she see ?,532 253 143,- number0 + number1 number2,136.0,"[2, 35, 36, 37, 11, 12, 13, 14, 16, 23, 24, 25, 26, 27, 28, 29, 30]",3,Subtraction,next she went to a country full of mountains . there she saw number0 species of insects reptiles and birds . if she saw number1 insect species and number2 bird species,how many reptile species did she see ?
after the mountain country she went to the famous beach on the continent . there she collected number0 seashells of different colors . if she has number1 red shells and number2 green shells how many shells are not red or green ?,291 76 49,- number0 + number1 number2,166.0,"[32, 2, 4, 38, 39, 8, 40, 11, 15, 16, 17, 18, 25, 26, 27, 28, 29, 30, 31]",3,Subtraction,after the mountain country she went to the famous beach on the continent . there she collected number0 seashells of different colors . if she has number1 red shells and number2 green shells,how many shells are not red or green ?
thanksgiving is coming and dr. mary wants to celebrate it by sharing her blessing to different charities . she first went to oldtown where she donated $ number0 in total to number1 different nursing homes . if she gave $ number2 to the first home and $ number3 to the second how much did she give to the third home ?,700.00 3 245.00 225.00,- number0 + number2 number3,230.0,"[32, 34, 2, 58, 39, 40, 41, 7, 59, 46, 47, 48, 14, 57, 26, 27, 28, 30, 31]",3,Subtraction,thanksgiving is coming and dr. mary wants to celebrate it by sharing her blessing to different charities . she first went to oldtown where she donated $ number0 in total to number1 different nursing homes . if she gave $ number2 to the first home and $ number3 to the second,how much did she give to the third home ?
she then went to number0 orphanages and donated a total of $ number1 . if she gave $ number2 to the first orphanage and $ number3 to the third how much did she donate to the second orphanage ?,3 650.00 175.00 250.00,- number1 + number2 number3,225.0,"[2, 3, 4, 5, 35, 36, 37, 11, 12, 17, 18, 19, 24, 25, 26]",3,Subtraction,she then went to number0 orphanages and donated a total of $ number1 . if she gave $ number2 to the first orphanage and $ number3 to the third,how much did she donate to the second orphanage ?
next on her list are the homeless people where she spent a total of $ number0 . if she gave $ number1 to the first set of homeless families and $ number2 to the second set of families how much did she give to the last set of homeless families ?,900.00 325.00 260.00,- number0 + number1 number2,315.0,"[32, 2, 14, 15, 47, 48, 49, 20, 21, 22, 30, 31]",3,Subtraction,next on her list are the homeless people where she spent a total of $ number0 . if she gave $ number1 to the first set of homeless families and $ number2 to the second set of families,how much did she give to the last set of homeless families ?
lastly she donated $ number0 to number1 different soup kitchens in her town . if she gave $ number2 to the first soup kitchen and $ number3 to the second how much did she donate to the third ?,800.00 3 300.00 238.00,- number0 + number2 number3,262.0,"[2, 3, 4, 5, 6, 7, 35, 9, 36, 37, 17, 18, 19, 25, 26, 27]",3,Subtraction,lastly she donated $ number0 to number1 different soup kitchens in her town . if she gave $ number2 to the first soup kitchen and $ number3 to the second,how much did she donate to the third ?
andrew is having his friends over for game night . so he decided to prepare the snacks and the games . he started by making mini sandwiches . if he has number0 friends coming over and he made number1 sandwiches for each one of them how many sandwiches did he make in total ?,4 3,* number0 number1,12.0,"[32, 2, 3, 37, 38, 39, 41, 9, 18, 50, 51, 52, 22, 30, 31]",3,Multiplication,andrew is having his friends over for game night . so he decided to prepare the snacks and the games . he started by making mini sandwiches . if he has number0 friends coming over and he made number1 sandwiches for each one of them,how many sandwiches did he make in total ?
he also made some juice from fresh oranges . if he used number0 oranges per glass of juice and he made number1 glasses of juice how many oranges did he use ?,2 6,* number0 number1,12.0,"[2, 6, 11, 12, 13, 14, 17, 20, 21, 22, 28, 29, 30]",3,Multiplication,he also made some juice from fresh oranges . if he used number0 oranges per glass of juice and he made number1 glasses of juice,how many oranges did he use ?
lastly andrew tried to compute his expenses for the game night . if he spent $ number0 for each game they played and they played a total of number1 games how much money did he spend that night ?,9.00 5,* number0 number1,45.0,"[2, 35, 36, 37, 15, 16, 17, 18, 27, 28, 29]",3,Multiplication,lastly andrew tried to compute his expenses for the game night . if he spent $ number0 for each game they played and they played a total of number1 games,how much money did he spend that night ?
her mom also baked some cookies . if she baked number0 pans of cookies and there are number1 cookies per pan how many cookies did her mom bake for her birthday ?,5 8,* number0 number1,40.0,"[2, 3, 9, 10, 11, 15, 16, 17, 18, 19, 20, 28, 29, 30]",3,Multiplication,her mom also baked some cookies . if she baked number0 pans of cookies and there are number1 cookies per pan,how many cookies did her mom bake for her birthday ?
they planned to serve some cold drinks as well . if they plan to make number0 pitchers of drinks and each pitcher can fill number1 glasses how many glasses of drinks are they planning to prepare in total ?,9 6,* number0 number1,54.0,"[35, 4, 36, 37, 13, 14, 15, 16, 17, 20, 23, 24, 25]",3,Multiplication,they planned to serve some cold drinks as well . if they plan to make number0 pitchers of drinks and each pitcher can fill number1 glasses,how many glasses of drinks are they planning to prepare in total ?
they decided to hold the party in their backyard . if they have number0 sets of tables and each set has number1 chairs how many chairs do they have for the guests ?,8 7,* number0 number1,56.0,"[2, 10, 12, 13, 14, 18, 20, 21, 22, 29, 30, 31]",3,Multiplication,they decided to hold the party in their backyard . if they have number0 sets of tables and each set has number1 chairs,how many chairs do they have for the guests ?
at the end of the party mona gave away some souvenirs to her number0 closest friends . if each of them received number1 souvenir items how many souvenirs did mona give away ?,6 2,* number0 number1,12.0,"[4, 12, 13, 14, 15, 18, 21, 22, 23, 24, 29, 30, 31]",3,Multiplication,at the end of the party mona gave away some souvenirs to her number0 closest friends . if each of them received number1 souvenir items,how many souvenirs did mona give away ?
john is building a tree house to serve as his hideout whenever he wanted to spend some time alone with himself . the first thing he did is to gather some materials . for the pillars he needs number0 sets of wood with different lengths . if the first set of wood is number1 feet long and the second set is number2 times longer than the first set how long is the second set of wood ?,2 4 5,* number1 number2,20.0,"[37, 38, 39, 73, 74, 75, 15, 52, 53, 54, 60, 61, 62]",3,Multiplication,john is building a tree house to serve as his hideout whenever he wanted to spend some time alone with himself . the first thing he did is to gather some materials . for the pillars he needs number0 sets of wood with different lengths . if the first set of wood is number1 feet long and the second set is number2 times longer than the first set,how long is the second set of wood ?
another material that he needs is rope . if he already has number0 feet of rope and he needs additional ropes having number1 times the length of what he already have how long should be the additional rope ?,6 5,* number0 number1,30.0,"[3, 35, 36, 37, 11, 12, 13, 21, 22, 23]",3,Multiplication,another material that he needs is rope . if he already has number0 feet of rope and he needs additional ropes having number1 times the length of what he already have,how long should be the additional rope ?
for the walls of the house he would use number0 large planks of wood . if each plank of wood needs number1 pieces of nails to be secured how many nails does john need for the house wall ?,9 8,* number0 number1,72.0,"[35, 36, 5, 37, 8, 9, 10, 11, 16, 20, 21, 22]",3,Multiplication,for the walls of the house he would use number0 large planks of wood . if each plank of wood needs number1 pieces of nails to be secured,how many nails does john need for the house wall ?
for the roof john would need number0 sets of metal bars for support . if each set has number1 metal bars how many metal bars are there in all ?,2 7,* number0 number1,14.0,"[3, 5, 6, 7, 8, 12, 15, 17, 18, 19, 20, 26, 27, 28]",3,Multiplication,for the roof john would need number0 sets of metal bars for support . if each set has number1 metal bars,how many metal bars are there in all ?
for the final touches john wanted to paint the house using the number0 primary colors . if he has number1 liters of paint for each color how many liters of paint does he have in all ?,3 5,* number0 number1,15.0,"[33, 2, 34, 35, 10, 11, 12, 13, 14, 17, 18, 19, 20, 24]",3,Multiplication,for the final touches john wanted to paint the house using the number0 primary colors . if he has number1 liters of paint for each color,how many liters of paint does he have in all ?
the kids from oakwood elementary school are visiting a bird zoo for their field trip . to get to the bird zoo from the school the kids have to ride some buses . if there are number0 buses and each bus has number1 adult supervisors to guide the children how many supervisors are there in total ?,7 3,* number0 number1,21.0,"[2, 35, 36, 37, 39, 8, 41, 42, 43, 44, 10, 17, 20, 53, 54, 55, 29]",3,Multiplication,the kids from oakwood elementary school are visiting a bird zoo for their field trip . to get to the bird zoo from the school the kids have to ride some buses . if there are number0 buses and each bus has number1 adult supervisors to guide the children,how many supervisors are there in total ?
if each bus have number0 rows of seats and each row of seats can accommodate number1 children how many children can each bus accommodate ?,9 4,* number0 number1,36.0,"[1, 3, 4, 5, 9, 14, 15, 16, 18, 21, 22, 23]",3,Multiplication,if each bus have number0 rows of seats and each row of seats can accommodate number1 children,how many children can each bus accommodate ?
at the bird zoo the kids were able to visit number0 different bird cages each containing number1 different kinds of birds . how many different kinds of birds did the children see from the bird cages ?,5 8,* number0 number1,40.0,"[1, 2, 33, 34, 35, 9, 10, 11, 13, 14, 15, 16, 17, 18]",3,Multiplication,at the bird zoo the kids were able to visit number0 different bird cages each containing number1 different kinds of birds .,how many different kinds of birds did the children see from the bird cages ?
at the back of the zoo is a mountain where the birds can roam free in a natural habitat . the children saw number0 types of eagles living on each section of the mountain . if the mountain has number1 sections how many types of eagles did the children see in total ?,6 3,* number0 number1,18.0,"[2, 3, 38, 39, 40, 7, 14, 49, 50, 51, 22, 23, 24, 29]",3,Multiplication,at the back of the zoo is a mountain where the birds can roam free in a natural habitat . the children saw number0 types of eagles living on each section of the mountain . if the mountain has number1 sections,how many types of eagles did the children see in total ?
their last stop before leaving the zoo is the bird museum . there they went through number0 bird exhibits spending number1 minutes going around each exhibit . how much time did they spend going through the museum ?,7 9,* number0 number1,63.0,"[34, 35, 36, 7, 15, 16, 17, 18, 19, 20, 21, 24]",3,Multiplication,their last stop before leaving the zoo is the bird museum . there they went through number0 bird exhibits spending number1 minutes going around each exhibit .,how much time did they spend going through the museum ?
annie takes trick or treating seriously . so days before halloween she makes sure that the details of her trick or treating are well planned . first she wanted to find out the number of houses in her village . if the village has number0 houses per block and has a total of number1 blocks how many houses are there in her village ?,5 9,* number0 number1,45.0,"[3, 43, 44, 45, 46, 16, 19, 52, 53, 54, 60, 61, 62]",3,Multiplication,annie takes trick or treating seriously . so days before halloween she makes sure that the details of her trick or treating are well planned . first she wanted to find out the number of houses in her village . if the village has number0 houses per block and has a total of number1 blocks,how many houses are there in her village ?
she also estimated the number of candies that she will receive from each block . if she will receive around number0 pieces of candies from every house and there are number1 houses in a block how many candies will she receive from each block ?,7 5,* number0 number1,35.0,"[3, 41, 42, 43, 12, 14, 19, 20, 21, 25, 29, 30, 31]",3,Multiplication,she also estimated the number of candies that she will receive from each block . if she will receive around number0 pieces of candies from every house and there are number1 houses in a block,how many candies will she receive from each block ?
she wants to know how many children will go trick or treating in their village . if there are number0 children on each of the number1 blocks how many children will go trick or treating in annie 's village ?,6 9,* number0 number1,54.0,"[2, 36, 5, 37, 38, 8, 12, 15, 18, 19, 20, 22, 24, 25, 26]",3,Multiplication,she wants to know how many children will go trick or treating in their village . if there are number0 children on each of the number1 blocks,how many children will go trick or treating in annie 's village ?
annie also planned the time she would spend going around the number0 blocks in her village . if she plans on spending just number1 minutes on each block how much time would it take for her to finish trick or treating ?,9 8,* number0 number1,72.0,"[4, 38, 39, 40, 10, 11, 12, 22, 23, 24, 26]",3,Multiplication,annie also planned the time she would spend going around the number0 blocks in her village . if she plans on spending just number1 minutes on each block,how much time would it take for her to finish trick or treating ?
finally she planned on going to the halloween party in the village club house . she wanted to make sure that she will have the perfect costume so she rented number0 different costumes from the halloween store . if each costume rent costs $ number1 how much did she spend on all the costumes ?,4 2.00,* number0 number1,8.0,"[32, 4, 39, 43, 44, 45, 14, 16, 51, 52, 53, 29, 30, 31]",3,Multiplication,finally she planned on going to the halloween party in the village club house . she wanted to make sure that she will have the perfect costume so she rented number0 different costumes from the halloween store . if each costume rent costs $ number1,how much did she spend on all the costumes ?
being his favorite michael has number0 times more flying robots than tom . if tom has number1 flying robots how many flying robots does michael have ?,4 3,* number0 number1,12.0,"[2, 4, 5, 6, 7, 8, 12, 15, 16, 17, 18, 23, 24, 25]",3,Multiplication,being his favorite michael has number0 times more flying robots than tom . if tom has number1 flying robots,how many flying robots does michael have ?
tom saw that michael has the rare robot that would complete number0 of his robot sets . michael offered to sell it but he said that tom will need to pay number1 times the original price . if the rare robot has an original price of $ number2 how much should tom pay ?,1 3 3.00,* number1 number2,9.0,"[32, 10, 11, 12, 46, 47, 48, 50, 51, 52, 30, 31]",3,Multiplication,tom saw that michael has the rare robot that would complete number0 of his robot sets . michael offered to sell it but he said that tom will need to pay number1 times the original price . if the rare robot has an original price of $ number2,how much should tom pay ?
before they end the meeting tom counted the total number of robots in his collection . he has number0 sets of robots and each set is composed of number1 robots . how many robots does tom have in his collection ?,6 7,* number0 number1,42.0,"[1, 5, 37, 38, 39, 17, 18, 19, 23, 27, 28, 29]",3,Multiplication,before they end the meeting tom counted the total number of robots in his collection . he has number0 sets of robots and each set is composed of number1 robots .,how many robots does tom have in his collection ?
it 's valentine 's day in the city and mayor harvey wants to celebrate by giving the institutions for women some flowers . his first beneficiary was the nursing home for old women . he bought number0 sets of flowers number1 pieces each . how many flowers did he buy for the nursing home ?,3 90,* number0 number1,270.0,"[1, 35, 36, 37, 39, 40, 41, 42, 51, 52, 53]",3,Multiplication,it 's valentine 's day in the city and mayor harvey wants to celebrate by giving the institutions for women some flowers . his first beneficiary was the nursing home for old women . he bought number0 sets of flowers number1 pieces each .,how many flowers did he buy for the nursing home ?
vice-mayor alexander wanted to join in with the mayor 's advocacy . he organized a party and invited the whole city to attend . if he hired number0 caterers having number1 employees each how many people are working for the party ?,5 50,* number0 number1,250.0,"[32, 2, 5, 38, 39, 40, 26, 27, 28, 29, 30, 31]",3,Multiplication,vice-mayor alexander wanted to join in with the mayor 's advocacy . he organized a party and invited the whole city to attend . if he hired number0 caterers having number1 employees each,how many people are working for the party ?
after the day they were able to make number0 institutions happy . if each institution has number1 people . how many people were made happy by the mayor and vice-mayor ?,6 80,* number0 number1,480.0,"[1, 3, 7, 8, 9, 13, 15, 16, 17, 27, 28, 29]",3,Multiplication,after the day they were able to make number0 institutions happy . if each institution has number1 people .,how many people were made happy by the mayor and vice-mayor ?
dean went to the beach with his friends to enjoy the last weeks of summer . when they got to the beach they rented a house for them to stay in for a couple of weeks . if there are number0 of them including dean and each paid $ number1 for the rent how much did they pay in total ?,7 70.00,* number0 number1,490.0,"[39, 40, 41, 10, 46, 48, 49, 50, 57, 58, 59]",3,Multiplication,dean went to the beach with his friends to enjoy the last weeks of summer . when they got to the beach they rented a house for them to stay in for a couple of weeks . if there are number0 of them including dean and each paid $ number1 for the rent,how much did they pay in total ?
dean knew that they are going to stay at the beach for a while so he brought number0 sets of clothes for every week of their stay . if dean is staying for number1 weeks there how many sets of clothes did he bring ?,30 4,* number0 number1,120.0,"[32, 33, 34, 9, 41, 42, 43, 15, 16, 17, 18, 22]",3,Multiplication,dean knew that they are going to stay at the beach for a while so he brought number0 sets of clothes for every week of their stay . if dean is staying for number1 weeks there,how many sets of clothes did he bring ?
after resting they decided to go for a swim . if the depth of the water is number0 times dean 's height and he stands at number1 feet how deep was the water ?,10 6,* number0 number1,60.0,"[32, 16, 17, 18, 25, 26, 27, 30, 31]",3,Multiplication,after resting they decided to go for a swim . if the depth of the water is number0 times dean 's height and he stands at number1 feet,how deep was the water ?
mark dean 's friend decided to go for a boat ride . if the ride costs $ number0 for every mile and they travelled for number1 miles how much would the ride cost mark ?,8.00 40,* number0 number1,320.0,"[32, 33, 3, 16, 17, 18, 19, 24, 25, 26, 31]",3,Multiplication,mark dean 's friend decided to go for a boat ride . if the ride costs $ number0 for every mile and they travelled for number1 miles,how much would the ride cost mark ?
bryan has always been fond of studying rocks and minerals . he has a room full of books about and samples of the different types of rocks . number0 particular day he went in the room to take a look at his mineral samples . if he has number1 samples of minerals per shelf and he has a total of number2 shelves how many mineral samples does he have ?,1 65 7,* number1 number2,455.0,"[1, 2, 66, 67, 68, 60, 47, 48, 49, 14, 61, 52, 18, 19, 23, 59, 28, 29, 30]",3,Multiplication,bryan has always been fond of studying rocks and minerals . he has a room full of books about and samples of the different types of rocks . number0 particular day he went in the room to take a look at his mineral samples . if he has number1 samples of minerals per shelf and he has a total of number2 shelves,how many mineral samples does he have ?
bryan took a look at his books as well . if he has number0 books in each of his number1 bookshelves how many books does he have in total ?,56 9,* number0 number1,504.0,"[2, 12, 13, 14, 16, 18, 19, 20, 26, 27, 28]",3,Multiplication,bryan took a look at his books as well . if he has number0 books in each of his number1 bookshelves,how many books does he have in total ?
bryan had number0 precious stones in his collection which he sold to his friend from the jewelry store . if the stones were sold at $ number1 each how much money did bryan get in total ?,8 1785.00,* number0 number1,14280.0,"[1, 2, 3, 4, 33, 34, 35, 25, 26, 27]",3,Multiplication,bryan had number0 precious stones in his collection which he sold to his friend from the jewelry store . if the stones were sold at $ number1 each,how much money did bryan get in total ?
it is harvest season in the country . lewis whose family owns a fruit farm is busy overseeing their farmers while they are harvesting the fruits . his day starts by going to the apple orchard . the farmers reported that they harvest number0 sacks of apples from each of the number1 sections of the orchard daily . how many apples are harvested every day ?,45 8,* number0 number1,360.0,"[64, 5, 42, 43, 44, 48, 50, 51, 52, 62, 63]",3,Multiplication,it is harvest season in the country . lewis whose family owns a fruit farm is busy overseeing their farmers while they are harvesting the fruits . his day starts by going to the apple orchard . the farmers reported that they harvest number0 sacks of apples from each of the number1 sections of the orchard daily .,how many apples are harvested every day ?
next on his checklist are the strawberry fields . there he found out that they can get number0 kg of fruit for every row of strawberry plants . if there are number1 rows of strawberry plants how many kilograms of strawberries can they harvest ?,268 7,* number0 number1,1876.0,"[32, 2, 7, 41, 42, 43, 16, 17, 18, 22, 30, 31]",3,Multiplication,next on his checklist are the strawberry fields . there he found out that they can get number0 kg of fruit for every row of strawberry plants . if there are number1 rows of strawberry plants,how many kilograms of strawberries can they harvest ?
he then went to see the oranges being harvested . he found out that they harvest number0 sacks per day . how many sacks of oranges will they have after number1 days of harvest ?,83 6,* number0 number1,498.0,"[32, 1, 33, 5, 7, 15, 16, 17, 18, 29, 30, 31]",3,Multiplication,he then went to see the oranges being harvested . he found out that they harvest number0 sacks per day .,how many sacks of oranges will they have after number1 days of harvest ?
being his favorite he saved checking on the grapevines for his last stop . he was told by number0 the pickers that they fill number1 drums of grapes per day . how many drums of grapes would be filled in number2 days ?,1 324 9,* number1 number2,2916.0,"[1, 39, 40, 41, 9, 17, 18, 19, 20, 23, 24, 25, 28]",3,Multiplication,being his favorite he saved checking on the grapevines for his last stop . he was told by number0 the pickers that they fill number1 drums of grapes per day .,how many drums of grapes would be filled in number2 days ?
if lewis earns $ number0 every week during the number1 weeks of harvest . how much money does he earn during harvest season ?,1367.00 5,* number0 number1,6835.0,"[2, 3, 4, 5, 8, 9, 10, 20, 21, 22]",3,Multiplication,if lewis earns $ number0 every week during the number1 weeks of harvest .,how much money does he earn during harvest season ?
tyler an animal rights advocate decided to build his own animal sanctuary to protect different animals from poachers . the sanctuary was divided into different regions . the first region to be built was a bird sanctuary . initially he had number0 endangered bird species on that region . if each species has number1 pairs of birds how many pairs does he have in total ?,29 7,* number0 number1,203.0,"[64, 2, 3, 4, 40, 41, 42, 9, 44, 13, 50, 52, 53, 54, 62, 63]",3,Multiplication,tyler an animal rights advocate decided to build his own animal sanctuary to protect different animals from poachers . the sanctuary was divided into different regions . the first region to be built was a bird sanctuary . initially he had number0 endangered bird species on that region . if each species has number1 pairs of birds,how many pairs does he have in total ?
another region was the aquatic reserve for freshwater organisms . if there are number0 bodies of water in the region each having number1 different fishes how many fishes does he have in total ?,6 175,* number0 number1,1050.0,"[32, 2, 11, 12, 13, 14, 16, 20, 21, 22, 23, 24, 30, 31]",3,Multiplication,another region was the aquatic reserve for freshwater organisms . if there are number0 bodies of water in the region each having number1 different fishes,how many fishes does he have in total ?
he also had number0 aquariums for saltwater animals . each aquarium has number1 animals in it . how many saltwater animals does tyler have ?,8 64,* number0 number1,512.0,"[1, 2, 3, 4, 6, 9, 11, 12, 13, 21, 22, 23]",3,Multiplication,he also had number0 aquariums for saltwater animals . each aquarium has number1 animals in it .,how many saltwater animals does tyler have ?
the sanctuary also includes several swamp areas where most of the reptiles usually reside . if there are number0 swamps each having number1 different reptiles how many reptiles are living in the swamp areas ?,4 356,* number0 number1,1424.0,"[32, 33, 2, 6, 8, 11, 14, 17, 18, 19, 20, 21, 22, 23, 24, 31]",3,Multiplication,the sanctuary also includes several swamp areas where most of the reptiles usually reside . if there are number0 swamps each having number1 different reptiles,how many reptiles are living in the swamp areas ?
there are number0 more sections that are undeveloped . each of the remaining sections has a land area of number1 square feet . what is the total area of the undeveloped land ?,3 2435,* number0 number1,7305.0,"[1, 2, 3, 4, 9, 18, 19, 20, 29, 30, 31]",3,Multiplication,there are number0 more sections that are undeveloped . each of the remaining sections has a land area of number1 square feet .,what is the total area of the undeveloped land ?
it 's rachel 's birthday . her parents wanted her to have fun so they went to the circus that happened to be in town that day . upon arriving at the circus they went to the ticket booth and asked how much each ticket cost . if each ticket costs $ number0 and they bought number1 tickets how much money did they spend on tickets ?,44.00 7,* number0 number1,308.0,"[64, 65, 3, 8, 43, 48, 51, 52, 53, 55, 56, 57, 63]",3,Multiplication,it 's rachel 's birthday . her parents wanted her to have fun so they went to the circus that happened to be in town that day . upon arriving at the circus they went to the ticket booth and asked how much each ticket cost . if each ticket costs $ number0 and they bought number1 tickets,how much money did they spend on tickets ?
they entered the circus tent and saw that there are number0 seating sections for the audience . if each section can accommodate number1 people how many people can the tent accommodate in total ?,4 246,* number0 number1,984.0,"[32, 4, 8, 9, 10, 11, 12, 13, 18, 21, 22, 23, 30, 31]",3,Multiplication,they entered the circus tent and saw that there are number0 seating sections for the audience . if each section can accommodate number1 people,how many people can the tent accommodate in total ?
the first act included number0 clown mobiles each stuffed with number1 clowns . how many clowns are inside all the clown mobiles combined ?,5 28,* number0 number1,140.0,"[1, 3, 4, 5, 6, 7, 8, 9, 10, 11, 20, 21, 22]",3,Multiplication,the first act included number0 clown mobiles each stuffed with number1 clowns .,how many clowns are inside all the clown mobiles combined ?
the next act involved several jugglers . if each juggler is juggling number0 balls at a time how many balls are needed if there are number1 jugglers putting a show at the same time ?,6 378,* number0 number1,2268.0,"[32, 33, 3, 4, 8, 11, 12, 13, 17, 24, 25, 26, 31]",3,Multiplication,the next act involved several jugglers . if each juggler is juggling number0 balls at a time,how many balls are needed if there are number1 jugglers putting a show at the same time ?
for the final act the circus brought out dancing animals wearing crowns . if each crown is made with number0 different colored feathers how many feathers are needed for number1 crowns ?,7 934,* number0 number1,6538.0,"[7, 8, 10, 11, 14, 18, 19, 20, 22, 28, 29, 30]",3,Multiplication,for the final act the circus brought out dancing animals wearing crowns . if each crown is made with number0 different colored feathers,how many feathers are needed for number1 crowns ?
amanda and her friends decided to go to an amusement park for the weekend . the nearest amusement park from their city is super fun-tastic land . if they cover a distance of number0 miles for every hour of travel and they travelled for number1 hours how far is sfl from the city ?,27 3,* number0 number1,81.0,"[32, 33, 34, 36, 43, 44, 45, 50, 51, 52]",3,Multiplication,amanda and her friends decided to go to an amusement park for the weekend . the nearest amusement park from their city is super fun-tastic land . if they cover a distance of number0 miles for every hour of travel and they travelled for number1 hours,how far is sfl from the city ?
when they got there they saw that sfl is already filled with people . every entrance has a long line with number0 people waiting to get in . if sfl has number1 entrances how many people in total are waiting to get in ?,283 5,* number0 number1,1415.0,"[32, 2, 6, 40, 41, 42, 11, 14, 20, 21, 22, 30, 31]",3,Multiplication,when they got there they saw that sfl is already filled with people . every entrance has a long line with number0 people waiting to get in . if sfl has number1 entrances,how many people in total are waiting to get in ?
determined to have fun they travelled to the next amusement park happyland . if they cover a distance of number0 feet for every minute of travel and they travelled for number1 minutes how far is happyland from sfl ?,328 9,* number0 number1,2952.0,"[35, 36, 37, 18, 19, 20, 22, 29, 30, 31]",3,Multiplication,determined to have fun they travelled to the next amusement park happyland . if they cover a distance of number0 feet for every minute of travel and they travelled for number1 minutes,how far is happyland from sfl ?
when they arrived at happyland they immediately went in and bought their tickets . if each ticket cost $ number0 and they bought number1 tickets how much did they spend on tickets ?,17.00 8,* number0 number1,136.0,"[3, 8, 10, 15, 18, 19, 20, 22, 23, 24, 29, 30, 31]",3,Multiplication,when they arrived at happyland they immediately went in and bought their tickets . if each ticket cost $ number0 and they bought number1 tickets,how much did they spend on tickets ?
he also has a section filled with short story booklets . if each booklet has number0 pages and there are number1 booklets in the short story section how many pages will jack need to go through if he plans to read them all ?,9 49,* number0 number1,441.0,"[3, 8, 40, 41, 42, 12, 14, 15, 16, 17, 19, 20, 21]",3,Multiplication,he also has a section filled with short story booklets . if each booklet has number0 pages and there are number1 booklets in the short story section,how many pages will jack need to go through if he plans to read them all ?
number0 of his favorites is a book called encyclopedia of life and everything else . the book has number1 large chapters each having number2 pages . how many pages does the encyclopedia have in total ?,1 7 566,* number1 number2,3962.0,"[0, 1, 2, 32, 4, 33, 6, 7, 34, 17, 18, 19, 20, 21, 22, 23, 24]",3,Multiplication,number0 of his favorites is a book called encyclopedia of life and everything else . the book has number1 large chapters each having number2 pages .,how many pages does the encyclopedia have in total ?
the mini library also has a section for the classics . if jack has a collection of number0 classic authors with each author having number1 books how many books does he have in the classics section ?,6 33,* number0 number1,198.0,"[33, 34, 35, 7, 12, 16, 17, 18, 19, 20, 21, 23, 24, 25]",3,Multiplication,the mini library also has a section for the classics . if jack has a collection of number0 classic authors with each author having number1 books,how many books does he have in the classics section ?
having this kind of collection made jack a fast reader . if he can read number0 books in a day how many books can he read in a year ( a year = number1 days ) ?,9 365,* number0 number1,3285.0,"[32, 33, 34, 3, 35, 10, 14, 15, 16]",3,Multiplication,having this kind of collection made jack a fast reader . if he can read number0 books in a day,how many books can he read in a year ( a year = number1 days ) ?
lexie has a lot of art materials . she needs to organize all these materials into containers . she counted her crayons and found out that she has number0 crayons which she will place in crayon boxes . every crayon box can contain number1 crayons . how many crayon boxes does she need ?,80 8,/ number0 number1,10.0,"[1, 4, 38, 9, 42, 43, 44, 50, 51, 52, 27, 28, 29]",3,Common-Division,lexie has a lot of art materials . she needs to organize all these materials into containers . she counted her crayons and found out that she has number0 crayons which she will place in crayon boxes . every crayon box can contain number1 crayons .,how many crayon boxes does she need ?
a pile of clean white paper was stacked in the corner of her room . she decided to place these papers in paper envelopes which can contain number0 white papers . how many paper envelopes does she need if she has number1 clean white papers ?,10 120,/ number1 number0,12.0,"[3, 40, 41, 42, 11, 44, 13, 12, 9, 43, 26, 27, 28, 29]",3,Common-Division,a pile of clean white paper was stacked in the corner of her room . she decided to place these papers in paper envelopes which can contain number0 white papers .,how many paper envelopes does she need if she has number1 clean white papers ?
beside the pile of clean white paper was a stack of number0 sheets of used paper . she wants to place it in boxes for recycling . if every box can contain number1 sheets how many boxes does she need ?,700 100,/ number0 number1,7.0,"[32, 33, 4, 37, 38, 39, 10, 11, 12, 28, 31]",3,Common-Division,beside the pile of clean white paper was a stack of number0 sheets of used paper . she wants to place it in boxes for recycling . if every box can contain number1 sheets,how many boxes does she need ?
lexie 's younger brother helped pick up all the paper clips in lexie 's room . he was able to collect number0 paper clips . if he wants to distribute the paper clips in number1 boxes how many paper clips will each box contain ?,81 9,/ number0 number1,9.0,"[33, 34, 35, 4, 5, 41, 42, 43, 12, 18, 20, 21, 22, 23]",3,Common-Division,lexie 's younger brother helped pick up all the paper clips in lexie 's room . he was able to collect number0 paper clips . if he wants to distribute the paper clips in number1 boxes,how many paper clips will each box contain ?
christian and his parents went to mt . falton national park for the weekend . they were welcomed warmly by the rangers who invite volunteers and call them `` earth keepers '' . the junior ranger asked christian to help him place number0 seedlings in packets . if every packet needs to contain number1 seeds how many packets do they need ?,420 7,/ number0 number1,60.0,"[58, 5, 41, 42, 43, 48, 52, 53, 54, 26, 59, 60]",3,Common-Division,christian and his parents went to mt . falton national park for the weekend . they were welcomed warmly by the rangers who invite volunteers and call them `` earth keepers '' . the junior ranger asked christian to help him place number0 seedlings in packets . if every packet needs to contain number1 seeds,how many packets do they need ?
christian 's mother prepared lemonade . every pitcher of lemonade can serve number0 glasses . if she was able to serve number1 glasses of lemonade how many pitchers of lemonade did she prepare ?,5 30,/ number1 number0,6.0,"[32, 5, 6, 11, 12, 13, 20, 21, 22, 30, 31]",3,Common-Division,christian 's mother prepared lemonade . every pitcher of lemonade can serve number0 glasses . if she was able to serve number1 glasses of lemonade,how many pitchers of lemonade did she prepare ?
christian 's father and the senior ranger gathered firewood as they walked towards the lake in the park and brought with them sacks . if every sack can contain around number0 pieces of wood how many sacks were they able to fill if they gathered number1 pieces of wood ?,20 80,/ number1 number0,4.0,"[4, 44, 45, 46, 47, 48, 20, 25, 29, 30, 31]",3,Common-Division,christian 's father and the senior ranger gathered firewood as they walked towards the lake in the park and brought with them sacks . if every sack can contain around number0 pieces of wood,how many sacks were they able to fill if they gathered number1 pieces of wood ?
christian and the junior ranger brought a bag of number0 nails as they visited every station assigned to the junior ranger . if they left exactly number1 nails in every station they visited how many stations did joline and the junior ranger visit ?,140 7,/ number0 number1,20.0,"[2, 8, 9, 10, 40, 41, 42, 14, 25, 26, 27, 29]",3,Common-Division,christian and the junior ranger brought a bag of number0 nails as they visited every station assigned to the junior ranger . if they left exactly number1 nails in every station they visited,how many stations did joline and the junior ranger visit ?
sunday morning was spent for making wood carvings which can be sold as souvenir for tourists . they were placed in shelves that can contain number0 wood carvings at a time . if number1 wood carvings were displayed how many shelves were filled with carvings ?,8 56,/ number1 number0,7.0,"[32, 33, 34, 35, 5, 7, 42, 43, 44, 24, 25, 26, 27]",3,Common-Division,sunday morning was spent for making wood carvings which can be sold as souvenir for tourists . they were placed in shelves that can contain number0 wood carvings at a time . if number1 wood carvings were displayed,how many shelves were filled with carvings ?
shiela has started writing a list of gifts that she plans to give to her family and friends this christmas . for her classmates she made colorful paper stars which will be placed in small clear bottles . she was able to prepare number0 paper stars . how many stars will be placed in each bottle if shiela has number1 classmates ?,45 9,/ number0 number1,5.0,"[1, 4, 5, 42, 43, 44, 45, 11, 54, 58, 59, 60]",3,Common-Division,shiela has started writing a list of gifts that she plans to give to her family and friends this christmas . for her classmates she made colorful paper stars which will be placed in small clear bottles . she was able to prepare number0 paper stars .,how many stars will be placed in each bottle if shiela has number1 classmates ?
shiela has number0 neighbors who like to collect animal drawings . shiela has a talent for drawing and so she drew number1 animals on small pieces of paper . if she plans to give the same number of animal drawings to her neighbors how many will each of them receive ?,6 54,/ number1 number0,9.0,"[1, 2, 3, 9, 46, 47, 48, 49, 20, 21, 22]",3,Common-Division,shiela has number0 neighbors who like to collect animal drawings . shiela has a talent for drawing and so she drew number1 animals on small pieces of paper . if she plans to give the same number of animal drawings to her neighbors,how many will each of them receive ?
allen shiela 's brother likes to play with blocks . shiela repainted allen 's old blocks in different colors . if allen has number0 identical blocks and there are number1 blocks for every color of paint used how many colors did shiela use ?,49 7,/ number0 number1,7.0,"[32, 1, 2, 4, 8, 40, 41, 42, 22, 23, 24, 25, 28, 29, 30]",3,Common-Division,allen shiela 's brother likes to play with blocks . shiela repainted allen 's old blocks in different colors . if allen has number0 identical blocks and there are number1 blocks for every color of paint used,how many colors did shiela use ?
aside from drawing animals shiela is fond of painting flowers . if she has number0 paintings of flowers how many paintings can she give to each of her number1 grandmothers ?,18 2,/ number0 number1,9.0,"[2, 8, 12, 13, 14, 15, 25, 27, 28, 29]",3,Common-Division,aside from drawing animals shiela is fond of painting flowers . if she has number0 paintings of flowers,how many paintings can she give to each of her number1 grandmothers ?
it has been tradition in shiela 's home to hang a sock above the fireplace for each member of the family . this year she placed a cinnamon ball every day in the socks for number0 of her family members . how long can she do this if she bought number1 cinnamon balls ?,5 50,/ number1 number0,10.0,"[34, 35, 36, 8, 16, 49, 50, 51, 52, 29]",3,Common-Division,it has been tradition in shiela 's home to hang a sock above the fireplace for each member of the family . this year she placed a cinnamon ball every day in the socks for number0 of her family members .,how long can she do this if she bought number1 cinnamon balls ?
haley loves to collect things . this year she decided to give away part of her collection as it was taking too much space in her room . number0 of her closest friends like stickers . if she plans to give all of them an equal number of stickers how many will each receive if she has number1 stickers ?,9 72,/ number1 number0,8.0,"[52, 20, 56, 57, 58, 28, 29]",3,Common-Division,haley loves to collect things . this year she decided to give away part of her collection as it was taking too much space in her room . number0 of her closest friends like stickers . if she plans to give all of them an equal number of stickers,how many will each receive if she has number1 stickers ?
in haley 's class number0 are boys who love to play marbles . if haley has number1 marbles how many will each of the boys receive ?,5 35,/ number1 number0,7.0,"[2, 3, 4, 5, 10, 15, 16, 17, 21, 23, 24, 25]",3,Common-Division,in haley 's class number0 are boys who love to play marbles . if haley has number1 marbles,how many will each of the boys receive ?
when relatives visit haley and her family she and her cousins do origami . if she has number0 origami papers to give away to her number1 cousins how many will each receive if she gives everyone the same number of origami papers ?,48 6,/ number0 number1,8.0,"[2, 7, 39, 40, 41, 16, 17, 18, 19, 24, 25, 26, 30]",3,Common-Division,when relatives visit haley and her family she and her cousins do origami . if she has number0 origami papers to give away to her number1 cousins,how many will each receive if she gives everyone the same number of origami papers ?
a large bag of balls was kept under haley 's bed . her mom placed the balls in bags for children in foster homes . if every bag can contain number0 balls and haley has number1 balls how many bags will be used ?,4 36,/ number1 number0,9.0,"[34, 35, 36, 2, 4, 40, 9, 41, 42, 26, 29, 30, 31]",3,Common-Division,a large bag of balls was kept under haley 's bed . her mom placed the balls in bags for children in foster homes . if every bag can contain number0 balls and haley has number1 balls,how many bags will be used ?
haley has number0 magazines in her cabinet . she plans to send it to the recycling office in their area . if she places it in boxes which can contain number1 magazines how many boxes will she use ?,63 9,/ number0 number1,7.0,"[1, 2, 3, 35, 36, 37, 8, 29, 30, 31]",3,Common-Division,haley has number0 magazines in her cabinet . she plans to send it to the recycling office in their area . if she places it in boxes which can contain number1 magazines,how many boxes will she use ?
number0 bright sunny day betty decided to make bracelets from beautiful stones she bought from a local store . she bought number1 pink flower stones and wanted to make number2 bracelets out of these stones . how many pink flower stones will each bracelet have if she used the same number of stones in each bracelet ?,1 88 8,/ number1 number2,11.0,"[0, 1, 2, 3, 7, 8, 9, 42, 10, 20, 21, 22, 54, 24, 53, 55, 28, 29, 30]",3,Common-Division,number0 bright sunny day betty decided to make bracelets from beautiful stones she bought from a local store . she bought number1 pink flower stones and wanted to make number2 bracelets out of these stones .,how many pink flower stones will each bracelet have if she used the same number of stones in each bracelet ?
betty also bought number0 shiny blue round stones . if number1 pieces of this stone is in each bracelet how many bracelets of blue shiny round stones will there be ?,140 14,/ number0 number1,10.0,"[2, 3, 4, 5, 6, 7, 9, 10, 11, 14, 15, 16, 17, 27, 28, 29]",3,Common-Division,betty also bought number0 shiny blue round stones . if number1 pieces of this stone is in each bracelet,how many bracelets of blue shiny round stones will there be ?
brenda betty 's sister wanted to have number0 bracelets with star-shaped stones . she also bought number1 star-shaped stones from the local store and gave it to betty . how many star-shaped stones will there be in each of the bracelet betty makes for brenda ?,3 36,/ number1 number0,12.0,"[1, 2, 4, 37, 6, 7, 8, 10, 42, 43, 44, 15, 16, 17, 18]",3,Common-Division,brenda betty 's sister wanted to have number0 bracelets with star-shaped stones . she also bought number1 star-shaped stones from the local store and gave it to betty .,how many star-shaped stones will there be in each of the bracelet betty makes for brenda ?
shannon brenda 's neighbor joined brenda in making bracelets . she brought number0 heart-shaped stones and wanted to have number1 of this type of stone in each of the bracelet she makes . how many bracelets with heart-shaped stones can shannon make ?,48 8,/ number0 number1,6.0,"[1, 4, 39, 40, 41, 11, 12, 13, 14, 18, 19, 20, 26]",3,Common-Division,shannon brenda 's neighbor joined brenda in making bracelets . she brought number0 heart-shaped stones and wanted to have number1 of this type of stone in each of the bracelet she makes .,how many bracelets with heart-shaped stones can shannon make ?
brenda 's mother made cookies for number0 . if she prepared number1 cookies and each of them had the same number of cookies how many did each of them have ?,5 35,/ number1 number0,7.0,"[2, 3, 5, 6, 10, 11, 12, 14, 26, 27, 28, 29]",3,Common-Division,brenda 's mother made cookies for number0 . if she prepared number1 cookies and each of them had the same number of cookies,how many did each of them have ?
on the first saturday of spring jane woke up early to enjoy the whole day and help with chores at home . jane had been saving large empty cans to serve as pots for sunflowers . if she has number0 sunflower seeds and there are number1 cans how many seeds will be placed in each can if she places an equal number of seeds in each can ?,54 9,/ number0 number1,6.0,"[64, 65, 2, 3, 4, 5, 38, 39, 40, 41, 8, 66, 44, 45, 46, 12, 54]",3,Common-Division,on the first saturday of spring jane woke up early to enjoy the whole day and help with chores at home . jane had been saving large empty cans to serve as pots for sunflowers . if she has number0 sunflower seeds and there are number1 cans,how many seeds will be placed in each can if she places an equal number of seeds in each can ?
paul got a box of number0 crayons for his birthday . at the end of the school year he only had number1 left . how many crayons had been lost or given away ?,479 134,- number0 number1,345.0,"[32, 1, 4, 5, 6, 20, 21, 22, 30, 31]",3,Subtraction,paul got a box of number0 crayons for his birthday . at the end of the school year he only had number1 left .,how many crayons had been lost or given away ?
number0 birds were sitting in a tree . number1 more birds flew up to the tree . how many birds were there altogether in the tree ?,179 38,+ number0 number1,217.0,"[0, 1, 3, 4, 8, 9, 10, 23, 24, 25]",3,Addition,number0 birds were sitting in a tree . number1 more birds flew up to the tree .,how many birds were there altogether in the tree ?
cindy 's mom baked number0 cookies . paul 's dad baked number1 cookies . they both brought them to school for a party . how many cookies did they have altogether ?,1215 1112,+ number0 number1,2327.0,"[1, 3, 4, 5, 10, 11, 12, 28, 29, 30]",3,Addition,cindy 's mom baked number0 cookies . paul 's dad baked number1 cookies . they both brought them to school for a party .,how many cookies did they have altogether ?
beth has number0 crayons . she gives number1 of them away to jen . how many crayons does beth have left ?,106 54,- number0 number1,52.0,"[1, 2, 3, 6, 7, 8, 18, 19, 20]",3,Subtraction,beth has number0 crayons . she gives number1 of them away to jen .,how many crayons does beth have left ?
misha has number0 dollars . how many dollars does she have to earn to have number1 dollars to buy a dog ?,34 47,- number1 number0,13.0,"[1, 2, 3, 7, 9, 14, 15, 16, 18, 19, 20]",3,Subtraction,misha has number0 dollars .,how many dollars does she have to earn to have number1 dollars to buy a dog ?
james had number0 stickers . he got some more stickers for his birthday . then he had number1 stickers . how many stickers did james get for his birthday ?,39 61,- number1 number0,22.0,"[1, 2, 3, 5, 16, 17, 18, 26, 27, 28]",3,Subtraction,james had number0 stickers . he got some more stickers for his birthday . then he had number1 stickers .,how many stickers did james get for his birthday ?
there were number0 geese in the farmer 's field . number1 of the geese flew away . how many geese were left in the field ?,51 28,- number0 number1,23.0,"[1, 2, 3, 10, 11, 22, 23, 24]",3,Subtraction,there were number0 geese in the farmer 's field . number1 of the geese flew away .,how many geese were left in the field ?
there were number0 boys and number1 girls on the playground at recess . how many children were on the playground at recess ?,27 35,+ number0 number1,62.0,"[1, 2, 3, 4, 5, 6, 19, 20, 21]",3,Addition,there were number0 boys and number1 girls on the playground at recess .,how many children were on the playground at recess ?
paul had number0 strawberries in his basket . he picked number1 more strawberries . how many strawberries did he have then ?,28 35,+ number0 number1,63.0,"[1, 2, 3, 5, 9, 10, 11, 12, 18, 19, 20]",3,Addition,paul had number0 strawberries in his basket . he picked number1 more strawberries .,how many strawberries did he have then ?
gary had number0 dollars . he spent number1 dollars on a pet snake . how many dollars did gary have left ?,73 55,- number0 number1,18.0,"[1, 2, 3, 6, 7, 8, 18, 19, 20]",3,Subtraction,gary had number0 dollars . he spent number1 dollars on a pet snake .,how many dollars did gary have left ?
if you had number0 bags of cookies with number1 cookies in each bag how many cookies would you have ?,37 19,* number0 number1,703.0,"[2, 3, 4, 7, 8, 9, 11, 14, 16, 17, 18]",3,Multiplication,if you had number0 bags of cookies with number1 cookies in each bag,how many cookies would you have ?
for the fifth grade play the chairs have been put into number0 rows with number1 chairs in each row . how many chairs have been put out for the play ?,27 16,* number0 number1,432.0,"[1, 4, 10, 11, 12, 13, 14, 15, 17, 27, 28, 29]",3,Multiplication,for the fifth grade play the chairs have been put into number0 rows with number1 chairs in each row .,how many chairs have been put out for the play ?
a garden has number0 rows and number1 columns of bean plants . how many plants are there in all ?,52 15,* number0 number1,780.0,"[2, 3, 4, 5, 6, 7, 16, 17, 18]",3,Multiplication,a garden has number0 rows and number1 columns of bean plants .,how many plants are there in all ?
sarah picked number0 apples . her brother picked number1 apples . how many times as many apples did sarah pick ?,45 9,/ number0 number1,5.0,"[1, 2, 3, 4, 7, 8, 9, 17, 18, 19]",3,Common-Division,sarah picked number0 apples . her brother picked number1 apples .,how many times as many apples did sarah pick ?
there are number0 fishbowls . each fishbowl has number1 fish . how many fish are there ?,261 23,* number0 number1,6003.0,"[1, 2, 3, 4, 5, 7, 8, 9, 13, 14, 15]",3,Multiplication,there are number0 fishbowls . each fishbowl has number1 fish .,how many fish are there ?
chris gave his number0 friends number1 pieces of candy each . how many pieces of candy did chris give his friends ?,35 12,* number0 number1,420.0,"[1, 2, 3, 4, 5, 6, 7, 9, 18, 19, 20]",3,Multiplication,chris gave his number0 friends number1 pieces of candy each .,how many pieces of candy did chris give his friends ?
there were number0 book shelves . each book shelf had number1 books . how many books were on the shelves ?,150 15,* number0 number1,2250.0,"[1, 2, 3, 4, 6, 9, 10, 11, 17, 18, 19]",3,Multiplication,there were number0 book shelves . each book shelf had number1 books .,how many books were on the shelves ?
there are number0 baskets . there are number1 apples in each basket . how many apples are there in all ?,37 17,* number0 number1,629.0,"[1, 2, 3, 4, 6, 7, 8, 10, 17, 18, 19]",3,Multiplication,there are number0 baskets . there are number1 apples in each basket .,how many apples are there in all ?
there are number0 pots . each pot has number1 flowers in it . how many flowers are there in all ?,544 32,* number0 number1,17408.0,"[1, 2, 3, 4, 5, 7, 8, 9, 17, 18, 19]",3,Multiplication,there are number0 pots . each pot has number1 flowers in it .,how many flowers are there in all ?
your class is having a pizza party . you buy number0 pizzas . each pizza has number1 slices . how many slices is that altogether ?,5 4,* number0 number1,20.0,"[1, 2, 5, 9, 10, 11, 13, 15, 16, 17, 22, 23, 24]",3,Multiplication,your class is having a pizza party . you buy number0 pizzas . each pizza has number1 slices .,how many slices is that altogether ?
beth has number0 packs of crayons . each pack has number1 crayons in it . she also has number2 extra crayons . how many crayons does beth have altogether ?,4 10 6,+ * number0 number1 number2,46.0,"[1, 2, 3, 4, 5, 7, 9, 10, 11, 17, 18, 19, 20, 26, 27, 28]",3,Addition,beth has number0 packs of crayons . each pack has number1 crayons in it . she also has number2 extra crayons .,how many crayons does beth have altogether ?
ted has number0 candy bars . he wants to put them into number1 bags so there are the same number of candy bars in each bag . how many candy bars should go in each bag ?,15 5,/ number0 number1,3.0,"[1, 2, 3, 4, 34, 5, 33, 35, 11, 12, 13, 24]",3,Common-Division,ted has number0 candy bars . he wants to put them into number1 bags so there are the same number of candy bars in each bag .,how many candy bars should go in each bag ?
martha bought number0 small cakes . she has number1 children . she would like to divide the cakes among her children so that each child gets the same amount . how many cakes would each child get ?,18 3,/ number0 number1,6.0,"[1, 2, 3, 4, 34, 6, 7, 8, 9, 35, 36, 23]",3,Common-Division,martha bought number0 small cakes . she has number1 children . she would like to divide the cakes among her children so that each child gets the same amount .,how many cakes would each child get ?
julian is writing a comic book . his story has number0 frames in all . if he wants to put exactly number1 frames on each page how many pages would he have ?,143 11,/ number0 number1,13.0,"[2, 4, 9, 10, 11, 20, 21, 22, 24, 29, 30, 31]",3,Common-Division,julian is writing a comic book . his story has number0 frames in all . if he wants to put exactly number1 frames on each page,how many pages would he have ?
jesse 's room is number0 feet long and number1 feet wide . how much carpet does she need to cover the whole floor ?,12 8,* number0 number1,96.0,"[3, 4, 5, 7, 8, 9, 20, 21, 22]",3,Multiplication,jesse 's room is number0 feet long and number1 feet wide .,how much carpet does she need to cover the whole floor ?
it takes number0 feet of cotton to make a tee-shirt . how many tee-shirts can be made with number1 feet of material ?,4 60,/ number1 number0,15.0,"[1, 2, 3, 17, 18, 19, 20, 21]",3,Common-Division,it takes number0 feet of cotton to make a tee-shirt .,how many tee-shirts can be made with number1 feet of material ?
lukas averages number0 points per game in basketball . how many points would he score in number1 games ?,12 5,* number0 number1,60.0,"[1, 2, 3, 4, 5, 15, 16, 17]",3,Multiplication,lukas averages number0 points per game in basketball .,how many points would he score in number1 games ?
my car gets number0 miles per gallon . how many miles can i drive on number1 gallons of gas ?,20 5,* number0 number1,100.0,"[1, 2, 3, 4, 5, 14, 15, 16, 17, 18]",3,Multiplication,my car gets number0 miles per gallon .,how many miles can i drive on number1 gallons of gas ?
it takes number0 minutes to bake number1 pan of cookies . how long will it take to bake number2 pans of cookies ?,7 1 4,* number0 number2,28.0,"[1, 2, 3, 5, 6, 7, 17, 18, 19, 20, 21]",3,Multiplication,it takes number0 minutes to bake number1 pan of cookies .,how long will it take to bake number2 pans of cookies ?
my car gets number0 miles per gallon of gas . if grandma 's house is number1 miles away how many gallons of gas would it take to get to her house ?,20 100,/ number1 number0,5.0,"[2, 3, 4, 5, 14, 15, 16, 28, 29, 30]",3,Common-Division,my car gets number0 miles per gallon of gas . if grandma 's house is number1 miles away,how many gallons of gas would it take to get to her house ?
melissa scored number0 points in each game . how many points did she score in number1 games ?,120 10,* number0 number1,1200.0,"[1, 2, 3, 5, 14, 15, 16]",3,Multiplication,melissa scored number0 points in each game .,how many points did she score in number1 games ?
johnny practiced for the track team and ran number0 laps per minute . how many minutes did it take johnny to run number1 laps ?,3 10,/ number1 number0,3.333,"[7, 8, 9, 10, 21, 22, 23]",3,Common-Division,johnny practiced for the track team and ran number0 laps per minute .,how many minutes did it take johnny to run number1 laps ?
our watermelons have number0 seeds each . if we have number1 watermelons how many seeds should there be when all seeds are taken out of the watermelons ?,100 4,* number0 number1,400.0,"[2, 3, 4, 5, 6, 9, 10, 11, 24, 25, 26]",3,Multiplication,our watermelons have number0 seeds each . if we have number1 watermelons,how many seeds should there be when all seeds are taken out of the watermelons ?
number0 people are going to the zoo . there are number1 cars to take people to the zoo . how many will go in each car if the same number go in each car ?,63 3,/ number0 number1,21.0,"[0, 1, 32, 3, 33, 5, 9, 10, 11, 24, 31]",3,Common-Division,number0 people are going to the zoo . there are number1 cars to take people to the zoo .,how many will go in each car if the same number go in each car ?
i have number0 cents to buy candy . if each gumdrop costs number1 cents how many gumdrops can i buy ?,80 4,/ number0 number1,20.0,"[1, 2, 3, 9, 11, 12, 13, 17, 18, 19]",3,Common-Division,i have number0 cents to buy candy . if each gumdrop costs number1 cents,how many gumdrops can i buy ?
maggi had number0 packages of cupcakes . there are number1 cupcakes in each package . she ate number2 cupcakes . how many are left ?,3 4 5,- * number0 number1 number2,7.0,"[1, 2, 3, 8, 9, 10, 12, 16, 17, 18, 21, 22, 23]",3,Subtraction,maggi had number0 packages of cupcakes . there are number1 cupcakes in each package . she ate number2 cupcakes .,how many are left ?
number0 children are taking a bus to the zoo . they sit number1 children in every seat . how many seats will the children need in all ?,58 2,/ number0 number1,29.0,"[0, 1, 3, 6, 11, 12, 13, 15, 24, 25, 26]",3,Common-Division,number0 children are taking a bus to the zoo . they sit number1 children in every seat .,how many seats will the children need in all ?
the razorback t-shirt shop ordered number0 cases of t-shirts . if each case contains number1 t-shirts how many t-shirts did they order ?,12 24,* number0 number1,288.0,"[3, 4, 5, 6, 7, 11, 13, 14, 15, 19, 20, 21]",3,Multiplication,the razorback t-shirt shop ordered number0 cases of t-shirts . if each case contains number1 t-shirts,how many t-shirts did they order ?
the razorback t-shirt shop makes $ number0 dollars off each t-shirt sold . during the arkansas and texas tech game they sold number1 t-shirts . how much money did they make from selling the t-shirts ?,9 245,* number0 number1,2205.0,"[32, 33, 34, 4, 5, 6, 7, 8, 9, 21, 22, 23]",3,Multiplication,the razorback t-shirt shop makes $ number0 dollars off each t-shirt sold . during the arkansas and texas tech game they sold number1 t-shirts .,how much money did they make from selling the t-shirts ?
the razorback t-shirt shop sells their t-shirts for $ number0 . last week they sold number1 t-shirts . how much money did they make last week ?,16 45,* number0 number1,720.0,"[4, 8, 9, 14, 15, 16, 23, 24, 25]",3,Multiplication,the razorback t-shirt shop sells their t-shirts for $ number0 . last week they sold number1 t-shirts .,how much money did they make last week ?
warren has number0 guests coming to his party . each table will hold number1 guests . how many tables will he need ?,252 4,/ number0 number1,63.0,"[1, 2, 3, 9, 12, 13, 14, 19, 20, 21]",3,Common-Division,warren has number0 guests coming to his party . each table will hold number1 guests .,how many tables will he need ?
ellen had number0 legos but she lost number1 of them . how many legos does she have now ?,380 57,- number0 number1,323.0,"[1, 2, 3, 5, 6, 7, 8, 15, 16, 17]",3,Subtraction,ellen had number0 legos but she lost number1 of them .,how many legos does she have now ?
arthur baked number0 muffins . how many more muffins does arthur have to bake to have number1 muffins ?,35 83,- number1 number0,48.0,"[1, 2, 3, 6, 10, 15, 16, 17]",3,Subtraction,arthur baked number0 muffins .,how many more muffins does arthur have to bake to have number1 muffins ?
willy has number0 crayons . lucy has number1 crayons . how many more crayons does willy have then lucy ?,1400 290,- number0 number1,1110.0,"[1, 2, 3, 6, 7, 8, 16, 17, 18]",3,Subtraction,willy has number0 crayons . lucy has number1 crayons .,how many more crayons does willy have then lucy ?
there are number0 stickers on a page . if you have number1 pages of stickers how many stickers do you have ?,10 22,* number0 number1,220.0,"[1, 2, 3, 8, 10, 11, 12, 18, 19, 20]",3,Multiplication,there are number0 stickers on a page . if you have number1 pages of stickers,how many stickers do you have ?
there are number0 cupcakes for number1 children to share . how much will each person get if they share the cupcakes equally ?,96 8,/ number0 number1,12.0,"[1, 2, 3, 4, 5, 6, 8, 13, 19, 20, 21]",3,Common-Division,there are number0 cupcakes for number1 children to share .,how much will each person get if they share the cupcakes equally ?
lizette has number0 stamps . she has number1 more stamps than minerva . how many stamps does minerva have ?,813 125,- number0 number1,688.0,"[1, 2, 3, 5, 6, 7, 8, 9, 16, 17, 18]",3,Subtraction,lizette has number0 stamps . she has number1 more stamps than minerva .,how many stamps does minerva have ?
white t-shirts can be purchased in packages of number0 if mom buys number1 packages how many white t-shirts will she have ?,6 71,* number0 number1,426.0,"[2, 7, 8, 9, 12, 13, 14, 18, 19, 20]",3,Multiplication,white t-shirts can be purchased in packages of number0 if mom buys number1 packages,how many white t-shirts will she have ?
i have number0 pencils . if i put number1 pencils in each pencil box how many pencil boxes will i fill ?,648 4,/ number0 number1,162.0,"[1, 2, 3, 7, 8, 9, 11, 18, 19, 20]",3,Common-Division,i have number0 pencils . if i put number1 pencils in each pencil box,how many pencil boxes will i fill ?
uncle dave bought number0 ice cream sandwiches . if he wants to give them to his number1 hungry nieces how many can each niece get ?,143 11,/ number0 number1,13.0,"[2, 3, 4, 6, 9, 15, 16, 17, 18, 22, 23, 24]",3,Common-Division,uncle dave bought number0 ice cream sandwiches . if he wants to give them to his number1 hungry nieces,how many can each niece get ?
megan had number0 markers . robert gave her number1 more markers . how many markers does megan have altogether ?,217 109,+ number0 number1,326.0,"[1, 2, 3, 4, 5, 7, 8, 9, 10, 16, 17, 18]",3,Addition,megan had number0 markers . robert gave her number1 more markers .,how many markers does megan have altogether ?
a dvd book holds number0 dvds . there are number1 dvds already in the book . how many more dvds can be put in the book ?,126 81,- number0 number1,45.0,"[1, 2, 3, 4, 5, 8, 9, 10, 23, 24, 25]",3,Subtraction,a dvd book holds number0 dvds . there are number1 dvds already in the book .,how many more dvds can be put in the book ?
kelly has number0 nintendo games . how many does she need to give away so that she will have number1 games left ?,121 22,- number0 number1,99.0,"[1, 2, 3, 4, 12, 18, 19, 20, 21]",3,Subtraction,kelly has number0 nintendo games .,how many does she need to give away so that she will have number1 games left ?
connie had some marbles . she gave number0 to juan . now she has number1 marbles left . how many did she have to start with ?,183 593,+ number1 number0,776.0,"[1, 2, 6, 7, 8, 13, 14, 15, 23, 24, 25]",3,Addition,connie had some marbles . she gave number0 to juan . now she has number1 marbles left .,how many did she have to start with ?
iesha has number0 books . number1 are about school and the rest are about sports . how many books about sports does iesha have ?,344 136,- number0 number1,208.0,"[1, 2, 3, 5, 6, 7, 21, 22, 23]",3,Subtraction,iesha has number0 books . number1 are about school and the rest are about sports .,how many books about sports does iesha have ?
james has number0 balloons . amy has number1 balloons . how many more balloons does james have than amy ?,1222 513,- number0 number1,709.0,"[1, 2, 3, 6, 7, 8, 16, 17, 18]",3,Subtraction,james has number0 balloons . amy has number1 balloons .,how many more balloons does james have than amy ?
sean has number0 whistles . he has number1 more whistles that charles . how many whistles does charles have ?,223 95,- number0 number1,128.0,"[1, 2, 3, 5, 6, 7, 8, 9, 16, 17, 18]",3,Subtraction,sean has number0 whistles . he has number1 more whistles that charles .,how many whistles does charles have ?
connie has number0 marbles . juan has number1 more marbles than connie . how many marbles does juan have ?,323 175,+ number0 number1,498.0,"[1, 2, 3, 5, 6, 7, 8, 9, 16, 17, 18]",3,Addition,connie has number0 marbles . juan has number1 more marbles than connie .,how many marbles does juan have ?
robin has number0 packages of gum . there are number1 pieces in each package . how many pieces of gum does robin have ?,27 18,* number0 number1,486.0,"[1, 2, 3, 7, 8, 9, 10, 12, 20, 21, 22]",3,Multiplication,robin has number0 packages of gum . there are number1 pieces in each package .,how many pieces of gum does robin have ?
adam has $ number0 to buy an airplane that costs $ number1 . how much change will he get ?,5.00 4.28,- number0 number1,0.72,"[1, 2, 3, 4, 9, 10, 11, 16, 17, 18]",3,Subtraction,adam has $ number0 to buy an airplane that costs $ number1 .,how much change will he get ?
if each ball costs $ number0 how much must kyoko pay for number1 balls ?,1.54 3,* number0 number1,4.62,"[1, 3, 4, 5, 6, 11, 12, 13]",3,Multiplication,if each ball costs $ number0,how much must kyoko pay for number1 balls ?
tony had $ number0 . he paid $ number1 for a ticket to a baseball game . at the game he bought a hot dog for $ number2 . what amount of money did tony have then ?,20 8 3,- - number0 number1 number2,9.0,"[1, 2, 3, 34, 35, 6, 7, 8, 9, 36, 26, 27]",3,TVQ-Final,tony had $ number0 . he paid $ number1 for a ticket to a baseball game . at the game he bought a hot dog for $ number2 .,what amount of money did tony have then ?
mr. guzman bought number0 doughnuts packed equally into number1 boxes . how many doughnuts were in each box ?,48 4,/ number0 number1,12.0,"[1, 2, 3, 4, 6, 7, 8, 9, 15, 16, 17]",3,Common-Division,mr. guzman bought number0 doughnuts packed equally into number1 boxes .,how many doughnuts were in each box ?
number0 stamp costs $ number1 . number2 stamps cost $ number3 . number4 stamps cost $ number5 . if the cost of each stamp remains the same how much would number6 stamps cost ?,1 0.34 2 0.68 3 1.02 4,+ number5 number1,1.36,"[0, 1, 2, 3, 4, 32, 6, 7, 8, 9, 10, 12, 13, 14, 15, 16, 22, 29, 30, 31]",3,Addition,number0 stamp costs $ number1 . number2 stamps cost $ number3 . number4 stamps cost $ number5 . if the cost of each stamp remains the same,how much would number6 stamps cost ?
the town of milburg has number0 grown-ups and number1 children . how many people live in milburg ?,5256 2987,+ number0 number1,8243.0,"[4, 5, 6, 7, 8, 9, 14, 15, 16]",3,Addition,the town of milburg has number0 grown-ups and number1 children .,how many people live in milburg ?
lisa rented number0 dvds for $ number1 . how much did each dvd cost to rent ?,4 4.80,/ number1 number0,1.2,"[1, 2, 3, 5, 6, 11, 13, 14, 15]",3,Common-Division,lisa rented number0 dvds for $ number1 .,how much did each dvd cost to rent ?
there were number0 pieces of candy in a jar . if number1 pieces were red and the rest were blue how many were blue ?,3409 145,- number0 number1,3264.0,"[1, 2, 3, 4, 10, 11, 12, 21, 22, 23]",3,Subtraction,there were number0 pieces of candy in a jar . if number1 pieces were red and the rest were blue,how many were blue ?
on friday number0 people visited the zoo . number1 times as many people visited on saturday than on friday . how many people visited the zoo on saturday ?,1250 3,* number0 number1,3750.0,"[1, 2, 3, 8, 9, 25, 26, 27]",3,Multiplication,on friday number0 people visited the zoo . number1 times as many people visited on saturday than on friday .,how many people visited the zoo on saturday ?
third-grade students went to a concert in number0 buses . each bus took number1 students . how many students went to the concert ?,8 45,* number0 number1,360.0,"[0, 1, 2, 3, 6, 7, 8, 10, 12, 13, 14, 20, 21, 22]",3,Multiplication,third-grade students went to a concert in number0 buses . each bus took number1 students .,how many students went to the concert ?
there are number0 students making number1 stars each for the school wall . how many stars will they make all together ?,124 3,* number0 number1,372.0,"[1, 2, 3, 4, 5, 6, 7, 18, 19, 20]",3,Multiplication,there are number0 students making number1 stars each for the school wall .,how many stars will they make all together ?
in number0 week an airplane pilot flew number1 miles on tuesday and number2 miles on thursday . if the pilot flies the same number of miles number3 weeks in a row how many miles does he fly in all ?,1 1134 1475 3,* + number1 number2 number3,7827.0,"[0, 1, 2, 36, 37, 6, 7, 8, 38, 11, 12, 13, 15, 19, 25, 26, 27]",3,Multiplication,in number0 week an airplane pilot flew number1 miles on tuesday and number2 miles on thursday . if the pilot flies the same number of miles number3 weeks in a row,how many miles does he fly in all ?
number0 students were sitting at each table in the lunchroom . there are number1 tables . how many students were sitting in the lunchroom ?,6 34,* number0 number1,204.0,"[0, 1, 3, 4, 5, 12, 13, 14, 21, 22, 23]",3,Multiplication,number0 students were sitting at each table in the lunchroom . there are number1 tables .,how many students were sitting in the lunchroom ?
tyler had number0 dogs . each dog had number1 puppies . how many puppies does tyler now have ?,15 5,* number0 number1,75.0,"[1, 2, 3, 5, 6, 7, 8, 9, 15, 16, 17]",3,Multiplication,tyler had number0 dogs . each dog had number1 puppies .,how many puppies does tyler now have ?
the farmer had number0 apples . he gave number1 apples to his neighbor . how many apples does he have now ?,127 88,- number0 number1,39.0,"[1, 2, 3, 4, 5, 7, 8, 9, 18, 19, 20]",3,Subtraction,the farmer had number0 apples . he gave number1 apples to his neighbor .,how many apples does he have now ?
jill invited number0 people to her birthday party . they each ate number1 pieces of pizza . how many pieces of pizza did they eat ?,37 8,* number0 number1,296.0,"[1, 2, 3, 7, 10, 11, 12, 13, 22, 23, 24]",3,Multiplication,jill invited number0 people to her birthday party . they each ate number1 pieces of pizza .,how many pieces of pizza did they eat ?
mrs. hilt uses number0 ounces of detergent to wash a pound of clothes . how many ounces of soap will she use to wash number1 pounds of clothes ?,2 9,* number0 number1,18.0,"[1, 2, 3, 4, 7, 9, 23, 24, 25, 26, 27]",3,Multiplication,mrs. hilt uses number0 ounces of detergent to wash a pound of clothes .,how many ounces of soap will she use to wash number1 pounds of clothes ?
mrs. hilt went to a concert . a total of number0 people attended the concert . the next week she went to a second concert which had number1 more people in attendance . how many people were at the second concert ?,65899 119,+ number0 number1,66018.0,"[1, 38, 7, 39, 9, 10, 11, 12, 40, 26, 27, 28, 29]",3,Addition,mrs. hilt went to a concert . a total of number0 people attended the concert . the next week she went to a second concert which had number1 more people in attendance .,how many people were at the second concert ?
mrs. hilt baked pies last weekend for a holiday dinner . she baked number0 pecan pies and number1 apples pies . if she wants to arrange all of the pies in rows of number2 pies each how many rows will she have ?,16 14 5,/ + number0 number1 number2,6.0,"[32, 33, 34, 35, 2, 1, 39, 40, 41, 12, 13, 14, 15, 16, 17, 18]",3,Common-Division,mrs. hilt baked pies last weekend for a holiday dinner . she baked number0 pecan pies and number1 apples pies . if she wants to arrange all of the pies in rows of number2 pies each,how many rows will she have ?
mrs. hilt needs to share $ number0 equally among number1 total people . how much money will each person get ?,3.75 3,/ number0 number1,1.25,"[4, 5, 6, 7, 8, 9, 10, 11, 17, 18, 19]",3,Common-Division,mrs. hilt needs to share $ number0 equally among number1 total people .,how much money will each person get ?
mrs. hilt read number0 books . each book had number1 chapters in it . how many chapters did mrs. hilt read ?,4 17,* number0 number1,68.0,"[1, 2, 3, 4, 5, 6, 8, 9, 10, 18, 19, 20]",3,Multiplication,mrs. hilt read number0 books . each book had number1 chapters in it .,how many chapters did mrs. hilt read ?
mrs. hilt is baking bread . she needs number0 cups of flour to bake number1 loaves of bread . how much flour will she need to make number2 loaf of bread ?,5 2 1,/ number0 number1,2.5,"[1, 7, 8, 9, 13, 14, 15, 26, 27, 28, 29, 30]",3,Common-Division,mrs. hilt is baking bread . she needs number0 cups of flour to bake number1 loaves of bread .,how much flour will she need to make number2 loaf of bread ?
mrs. hilt saw a rollercoaster . number0 students rode the rollercoaster every number1 minutes . how many students rode the rollercoaster in number2 minutes ?,7 5 15,* number0 / number2 number1,21.0,"[1, 2, 3, 6, 7, 11, 12, 13, 21, 22, 23]",3,Multiplication,mrs. hilt saw a rollercoaster . number0 students rode the rollercoaster every number1 minutes .,how many students rode the rollercoaster in number2 minutes ?
mrs. hilt saw number0 bees in the hive . the next day she saw number1 times that many . how many bees did she see on the second day ?,144 3,* number0 number1,432.0,"[1, 2, 3, 4, 5, 13, 14, 15, 26, 27, 28]",3,Multiplication,mrs. hilt saw number0 bees in the hive . the next day she saw number1 times that many .,how many bees did she see on the second day ?
mrs. hilt measured the distance from her desk to the water fountain . it was number0 feet . how many feet will mrs. hilt walk on her trips to the fountain if she goes to the water fountain number1 times today ?,30 4,* number0 number1,120.0,"[1, 4, 37, 38, 39, 40, 14, 15, 16]",3,Multiplication,mrs. hilt measured the distance from her desk to the water fountain . it was number0 feet .,how many feet will mrs. hilt walk on her trips to the fountain if she goes to the water fountain number1 times today ?
lucy has an aquarium with number0 fish . she wants to buy number1 more fish . how many fish would lucy have then ?,212 68,+ number0 number1,280.0,"[1, 3, 4, 5, 6, 11, 12, 13, 14, 20, 21, 22]",3,Addition,lucy has an aquarium with number0 fish . she wants to buy number1 more fish .,how many fish would lucy have then ?
lucy has number0 fish . how many more fish does she need to buy to have number1 fish ?,212 280,- number1 number0,68.0,"[1, 2, 3, 6, 10, 15, 16, 17]",3,Subtraction,lucy has number0 fish .,how many more fish does she need to buy to have number1 fish ?
harry hound had a terrible earache yesterday . when i peered into his ears yesterday i found number0 frisky fleas having a party in his right ear and number1 baby fleas sleeping peacefully in his left ear . i cleaned out harry hound 's ears . how many fleas perished ?,36 85,+ number0 number1,121.0,"[1, 3, 8, 10, 47, 16, 17, 18, 19, 48, 49, 27, 28, 29, 30]",3,Addition,harry hound had a terrible earache yesterday . when i peered into his ears yesterday i found number0 frisky fleas having a party in his right ear and number1 baby fleas sleeping peacefully in his left ear . i cleaned out harry hound 's ears .,how many fleas perished ?
a pet supply store has number0 bags of dog food and number1 bags of cat food . how many more bags of dog food are there than cat food ?,600 327,- number0 number1,273.0,"[1, 2, 4, 5, 6, 8, 10, 11, 12, 26, 27, 28]",3,Subtraction,a pet supply store has number0 bags of dog food and number1 bags of cat food .,how many more bags of dog food are there than cat food ?
number0 people are watching a movie in a theater . the theater has number1 seats . how many seats are empty in the theater ?,532 750,- number1 number0,218.0,"[0, 1, 2, 3, 4, 12, 13, 14, 21, 22, 23]",3,Subtraction,number0 people are watching a movie in a theater . the theater has number1 seats .,how many seats are empty in the theater ?
each bag contains number0 pounds of oranges . how many pounds of oranges are in number1 bags ?,23 45,* number0 number1,1035.0,"[0, 1, 2, 3, 4, 8, 14, 15, 16]",3,Multiplication,each bag contains number0 pounds of oranges .,how many pounds of oranges are in number1 bags ?
there are some children at a bakery . as they were deciding what to buy number0 girls came in and number1 boys left . if there are number2 children in the bakery in the end how many children were there at first ?,24 31 78,- + number2 number1 number0,85.0,"[1, 2, 6, 39, 40, 41, 12, 14, 15, 16, 19, 20, 21, 26, 27, 28]",2,TVQ-Initial,there are some children at a bakery . as they were deciding what to buy number0 girls came in and number1 boys left . if there are number2 children in the bakery in the end,how many children were there at first ?
blithe has a lot of toys . he lost number0 of them and found number1 in his closet . if he had number2 after that how many toys did blithe have at first ?,6 9 43,+ - number2 number1 number0,40.0,"[32, 8, 9, 10, 13, 14, 15, 21, 22, 23, 30, 31]",2,TVQ-Initial,blithe has a lot of toys . he lost number0 of them and found number1 in his closet . if he had number2 after that,how many toys did blithe have at first ?
lena had some pocket money . she lost $ number0 and her mom gave her $ number1 . if she had $ number2 after that how many dollars did lena have at first ?,4 9 66,+ - number2 number1 number0,61.0,"[32, 1, 2, 7, 8, 9, 10, 15, 16, 21, 22, 23, 30, 31]",2,TVQ-Initial,lena had some pocket money . she lost $ number0 and her mom gave her $ number1 . if she had $ number2 after that,how many dollars did lena have at first ?
jennifer has an number0 cm long ribbon . she uses number1 cm of the ribbon to tie a present for her friend and number2 cm of the ribbon to make a bow . how much of the ribbon is left in the end ?,87 24 45,- - number0 number1 number2,18.0,"[1, 2, 3, 4, 40, 9, 10, 11, 41, 42, 22, 23, 24]",2,TVQ-Final,jennifer has an number0 cm long ribbon . she uses number1 cm of the ribbon to tie a present for her friend and number2 cm of the ribbon to make a bow .,how much of the ribbon is left in the end ?
robert made $ number0 at work . he spent $ number1 on a pen and $ number2 for a calculator . how much money did he have left ?,76 6 14,- - number0 number1 number2,56.0,"[1, 2, 3, 4, 9, 10, 11, 15, 16, 17, 25, 26, 27]",2,TVQ-Final,robert made $ number0 at work . he spent $ number1 on a pen and $ number2 for a calculator .,how much money did he have left ?
at a store there are number0 computers . number1 are sold . number2 are shipped away to a company . how many computers are left ?,92 31 20,- - number0 number1 number2,41.0,"[1, 4, 5, 6, 8, 9, 12, 13, 22, 23, 24]",2,TVQ-Final,at a store there are number0 computers . number1 are sold . number2 are shipped away to a company .,how many computers are left ?
there were number0 pineapples in a store . the owner sold number1 pineapples . number2 of the remaining pineapples were rotten and thrown away . how many fresh pineapples are left ?,86 48 9,- - number0 number1 number2,29.0,"[1, 2, 3, 10, 11, 12, 14, 15, 28, 29, 30]",2,TVQ-Final,there were number0 pineapples in a store . the owner sold number1 pineapples . number2 of the remaining pineapples were rotten and thrown away .,how many fresh pineapples are left ?
kendra took a road trip . in the afternoon she saw number0 minivans like hers . later in the evening she saw number1 more minivan like hers . how many minivans like hers did she see in all ?,4 1,+ number1 number0,5.0,"[1, 35, 4, 5, 36, 7, 37, 10, 11, 12, 21, 22, 23, 24]",2,Addition,kendra took a road trip . in the afternoon she saw number0 minivans like hers . later in the evening she saw number1 more minivan like hers .,how many minivans like hers did she see in all ?
there are number0 boys and number1 girls in a preschool daycare . how many children are there in the daycare ?,4 5,+ number0 number1,9.0,"[1, 2, 3, 4, 5, 6, 17, 18, 19]",2,Addition,there are number0 boys and number1 girls in a preschool daycare .,how many children are there in the daycare ?
there are number0 basketballs at a school . if the school buys another number1 basketballs how many basketballs will the school have ?,7 3,+ number0 number1,10.0,"[1, 2, 3, 8, 12, 13, 14, 19, 20, 21]",2,Addition,there are number0 basketballs at a school . if the school buys another number1 basketballs,how many basketballs will the school have ?
garrett went shopping for snack supplies and bought number0 oatmeal raisin granola bars and number1 peanut granola bars . how many granola bars did he buy in all ?,6 8,+ number0 number1,14.0,"[1, 6, 7, 8, 9, 12, 13, 14, 15, 17, 25, 26, 27]",2,Addition,garrett went shopping for snack supplies and bought number0 oatmeal raisin granola bars and number1 peanut granola bars .,how many granola bars did he buy in all ?
jack received number0 emails in the morning and number1 emails in the afternoon . how many emails did jack receive in the day ?,8 2,+ number0 number1,10.0,"[1, 2, 3, 5, 7, 8, 9, 20, 21, 22]",2,Addition,jack received number0 emails in the morning and number1 emails in the afternoon .,how many emails did jack receive in the day ?
a chess club has number0 members . if number1 new members are enrolled how many total members are there in the chess club ?,3 4,+ number0 number1,7.0,"[2, 3, 4, 5, 7, 8, 9, 10, 11, 20, 21, 22]",2,Addition,a chess club has number0 members . if number1 new members are enrolled,how many total members are there in the chess club ?
every day ryan spends number0 hours on learning english and number1 hours on learning chinese . how many hours does he spend on learning english and chinese in all ?,4 3,+ number0 number1,7.0,"[0, 1, 3, 4, 5, 7, 8, 9, 10, 11, 26, 27, 28]",2,Addition,every day ryan spends number0 hours on learning english and number1 hours on learning chinese .,how many hours does he spend on learning english and chinese in all ?
sam has number0 power ranger stickers . he bundles them up in number1 boxes . if there are number2 power ranger stickers in the first box how many more power ranger stickers are there in the second box than the first box ?,58 2 23,- number0 * number2 number1,12.0,"[1, 2, 3, 5, 39, 40, 41, 11, 12, 13, 17, 18, 19, 21]",1,Subtraction,sam has number0 power ranger stickers . he bundles them up in number1 boxes . if there are number2 power ranger stickers in the first box,how many more power ranger stickers are there in the second box than the first box ?
beryl has number0 radishes . she puts them into number1 baskets . if there are number2 radishes in the first basket how many more radishes are there in the second basket than the first ?,88 2 37,- number0 * number2 number1,14.0,"[32, 1, 2, 3, 33, 8, 9, 10, 11, 14, 15, 16, 31]",1,Subtraction,beryl has number0 radishes . she puts them into number1 baskets . if there are number2 radishes in the first basket,how many more radishes are there in the second basket than the first ?
there are number0 students in the class . the teacher wants to split them into number1 groups . the first group has number2 students . how many more students will there be in the second group ?,56 2 24,- number0 * number2 number1,8.0,"[1, 2, 3, 33, 34, 35, 10, 14, 15, 16, 21, 22, 23]",1,Subtraction,there are number0 students in the class . the teacher wants to split them into number1 groups . the first group has number2 students .,how many more students will there be in the second group ?
antonia has number0 barbie dolls . she packs away them in number1 wardrobes . if there are number2 barbie dolls in the first wardrobe how many more barbie dolls are there in the second wardrobe than the first ?,79 2 35,- number0 * number2 number1,9.0,"[1, 2, 3, 4, 35, 36, 37, 10, 11, 12, 16, 17, 18, 19]",1,Subtraction,antonia has number0 barbie dolls . she packs away them in number1 wardrobes . if there are number2 barbie dolls in the first wardrobe,how many more barbie dolls are there in the second wardrobe than the first ?
an online toy store stocked some toys . it sold number0 toys at the first week and number1 toys at the second week . if it had number2 toys left how many toys were in stock at the beginning ?,38 26 19,+ + number0 number1 number2,83.0,"[1, 2, 4, 36, 37, 7, 38, 9, 10, 11, 16, 17, 18, 26, 27, 28]",4,TVQ-Initial,an online toy store stocked some toys . it sold number0 toys at the first week and number1 toys at the second week . if it had number2 toys left,how many toys were in stock at the beginning ?
mother bought some potatoes . she used number0 of the potatoes to make salads and number1 of the potatoes for mashed potatoes . if there were number2 potatoes left how many potatoes did mother buy at first ?,15 24 13,+ + number0 number1 number2,52.0,"[1, 2, 34, 35, 36, 6, 7, 8, 11, 14, 15, 16, 25, 26, 27]",4,TVQ-Initial,mother bought some potatoes . she used number0 of the potatoes to make salads and number1 of the potatoes for mashed potatoes . if there were number2 potatoes left,how many potatoes did mother buy at first ?
joshua has number0 toy boxes for his toy cars . he puts in number1 toy cars in the first toy box number2 toy cars in the second toy box and number3 toy cars in the third box . how many toy cars does joshua have together ?,3 21 31 19,+ + number1 number2 number3,71.0,"[1, 2, 3, 4, 6, 8, 12, 13, 14, 15, 16, 20, 21, 22, 25, 29, 30, 31, 32, 43, 44, 45]",4,Sum,joshua has number0 toy boxes for his toy cars . he puts in number1 toy cars in the first toy box number2 toy cars in the second toy box and number3 toy cars in the third box .,how many toy cars does joshua have together ?
there are some rooms in a building . number0 of them are classrooms number1 of them are office and the remaining number2 are reading rooms . how many rooms are in the building ?,35 10 6,+ + number0 number1 number2,51.0,"[32, 8, 9, 12, 13, 14, 20, 21, 22, 30, 31]",4,Sum,there are some rooms in a building . number0 of them are classrooms number1 of them are office and the remaining number2 are reading rooms .,how many rooms are in the building ?
gary had some stickers . he gave number0 stickers to lucy and number1 stickers to alex . if he had number2 stickers left how many stickers did gary have at first ?,42 26 31,+ + number0 number1 number2,99.0,"[1, 2, 5, 6, 7, 8, 11, 12, 13, 19, 20, 21, 28, 29, 30]",4,TVQ-Initial,gary had some stickers . he gave number0 stickers to lucy and number1 stickers to alex . if he had number2 stickers left,how many stickers did gary have at first ?
a chef served number0 different foods for a banquet : number1 plates lobster rolls number2 plates of spicy hot noodles and number3 plates of seafood noodles . how many plates of food did the chef make altogether ?,3 25 14 16,+ + number1 number2 number3,55.0,"[1, 2, 3, 4, 5, 34, 35, 8, 9, 10, 11, 36, 13, 14, 15, 20, 21, 22]",4,Sum,a chef served number0 different foods for a banquet : number1 plates lobster rolls number2 plates of spicy hot noodles and number3 plates of seafood noodles .,how many plates of food did the chef make altogether ?
a car dealer sold number0 cars on the first day number1 cars on the second day and number2 cars on the third day . how many cars did the car dealer sell on the number3 days ?,14 16 27 3,+ + number0 number1 number2,57.0,"[33, 34, 3, 4, 5, 35, 1, 8, 9, 10, 11, 7, 14, 16, 17, 18, 21]",4,Sum,a car dealer sold number0 cars on the first day number1 cars on the second day and number2 cars on the third day .,how many cars did the car dealer sell on the number3 days ?
a washing machine can wash number0 pounds of clothes per day . if there are number1 pounds of clothes to be washed per day how many washing machines are needed ?,28 200,/ number1 number0,7.142857142857143,"[2, 4, 5, 6, 9, 14, 15, 16, 22, 27, 28, 29]",4,Ceil-Division,a washing machine can wash number0 pounds of clothes per day . if there are number1 pounds of clothes to be washed per day,how many washing machines are needed ?
if simon needs to make number0 gift bags at a rate of number1 bags per day how many days does he need to finish making all the gift boxes ?,519 42,/ number0 number1,12.357142857142858,"[4, 5, 6, 7, 11, 12, 13, 14, 26, 27, 28]",4,Ceil-Division,if simon needs to make number0 gift bags at a rate of number1 bags per day,how many days does he need to finish making all the gift boxes ?
jane can arrange number0 vases of flowers in a day . if there are number1 vases of flowers to be arranged how many days are needed for her to finish all the flower arrangements ?,16 248,/ number1 number0,15.5,"[32, 33, 2, 3, 4, 13, 14, 15, 31]",4,Ceil-Division,jane can arrange number0 vases of flowers in a day . if there are number1 vases of flowers to be arranged,how many days are needed for her to finish all the flower arrangements ?
a box can hold number0 pieces of chalk . if there are number1 pieces of chalk how many boxes are full to hold all the chalk ?,18 3484,/ number1 number0,193.55555555555554,"[2, 3, 4, 5, 11, 12, 13, 23, 24, 25]",4,Ceil-Division,a box can hold number0 pieces of chalk . if there are number1 pieces of chalk,how many boxes are full to hold all the chalk ?
a paper bag can hold number0 cookies . if edgar buys number1 cookies how many paper bags does he need ?,16 292,/ number1 number0,18.25,"[2, 4, 5, 6, 10, 11, 12, 17, 18, 19]",4,Ceil-Division,a paper bag can hold number0 cookies . if edgar buys number1 cookies,how many paper bags does he need ?
a bus can transport number0 passengers . if a school of number1 students and teachers are going on a field trip how many buses should be rented ?,48 1230,/ number1 number0,25.625,"[3, 4, 5, 10, 11, 12, 24, 25, 26]",4,Ceil-Division,a bus can transport number0 passengers . if a school of number1 students and teachers are going on a field trip,how many buses should be rented ?
if tom plans to fix number0 watches at the rate of number1 watches per day how many days does he need to fix the watches ?,158 12,/ number0 number1,13.166666666666666,"[4, 5, 6, 10, 11, 12, 13, 22, 23, 24]",4,Ceil-Division,if tom plans to fix number0 watches at the rate of number1 watches per day,how many days does he need to fix the watches ?
the capacity of a tank is number0 gallons . if a company bought number1 gallons of oil how many tanks are needed to hold all the oil ?,32 728,/ number1 number0,22.75,"[3, 5, 6, 7, 12, 13, 14, 24, 25, 26]",4,Ceil-Division,the capacity of a tank is number0 gallons . if a company bought number1 gallons of oil,how many tanks are needed to hold all the oil ?
mrs. smith gave number0 strawberries to number1 girls equally . how many strawberries did each girl get ?,53 8,/ number0 number1,6.625,"[1, 2, 3, 4, 5, 6, 7, 14, 15, 16]",3,Floor-Division,mrs. smith gave number0 strawberries to number1 girls equally .,how many strawberries did each girl get ?
tom had $ number0 and he wanted to buy as many folders as he could . if number1 folder costs $ number2 how many folders can tom buy ?,19 1 2,/ number0 number2,9.5,"[1, 2, 3, 4, 16, 17, 18, 20, 21, 22, 25, 26, 27]",3,Floor-Division,tom had $ number0 and he wanted to buy as many folders as he could . if number1 folder costs $ number2,how many folders can tom buy ?
number0 students are going hiking . each school- bus can take number1 students . how many school-buses are needed ?,86 9,/ number0 number1,9.555555555555555,"[0, 1, 3, 4, 6, 10, 11, 12, 16, 17, 18]",3,Floor-Division,number0 students are going hiking . each school- bus can take number1 students .,how many school-buses are needed ?
there were number0 laptops in the shop and mike divided them equally into number1 rows . how many laptops are there in each row ?,44 5,/ number0 number1,8.8,"[1, 2, 3, 4, 12, 13, 14, 21, 22, 23]",3,Floor-Division,there were number0 laptops in the shop and mike divided them equally into number1 rows .,how many laptops are there in each row ?
there are number0 dogs in the farm . they live in number1 dog-houses equally . how many dogs are there in each dog-house ?,22 5,/ number0 number1,4.4,"[1, 2, 3, 4, 10, 11, 12, 20, 21, 22]",3,Floor-Division,there are number0 dogs in the farm . they live in number1 dog-houses equally .,how many dogs are there in each dog-house ?
divide number0 balloons into number1 equal groups . how many balloons are there in each group ?,39 7,/ number0 number1,5.571428571428571,"[0, 1, 2, 3, 4, 5, 6, 13, 14, 15]",3,Floor-Division,divide number0 balloons into number1 equal groups .,how many balloons are there in each group ?
the school bought number0 basketballs and distribute them into number1 classes equally . how many basketballs did each class get ?,54 7,/ number0 number1,7.714285714285714,"[1, 2, 3, 4, 6, 8, 9, 10, 17, 18, 19]",3,Floor-Division,the school bought number0 basketballs and distribute them into number1 classes equally .,how many basketballs did each class get ?
there are number0 students in the class . the teacher divided them into number1 equal groups . how many students are there in each group ?,32 5,/ number0 number1,6.4,"[1, 2, 3, 4, 6, 12, 13, 14, 15, 22, 23, 24]",3,Floor-Division,there are number0 students in the class . the teacher divided them into number1 equal groups .,how many students are there in each group ?
a transport company bought number0 tons of oil . a large barrel can hold number1 tons of oil and a small barrel can hold number2 tons of oil . in order to use the least number of barrels and have every barrel fully occupied how many large barrels should be used ?,95 6 5,/ number0 number1,15.833333333333334,"[3, 4, 5, 40, 13, 14, 15, 48, 49, 50, 23, 24, 25]",5,Floor-Division,a transport company bought number0 tons of oil . a large barrel can hold number1 tons of oil and a small barrel can hold number2 tons of oil . in order to use the least number of barrels and have every barrel fully occupied,how many large barrels should be used ?
number0 students split number1 portfolios of paintings . each student should get the same number of portfolios . how many portfolios of paintings will each of them get ?,15 122,/ number1 number0,8.133333333333333,"[0, 1, 2, 3, 4, 8, 9, 24, 25, 26, 27]",5,Floor-Division,number0 students split number1 portfolios of paintings . each student should get the same number of portfolios .,how many portfolios of paintings will each of them get ?
number0 students are forming teams for a mountaineering competition . each team should have number1 students . how many teams can they form ?,172 18,/ number0 number1,9.555555555555555,"[0, 1, 3, 10, 13, 14, 15, 20, 21, 22]",5,Floor-Division,number0 students are forming teams for a mountaineering competition . each team should have number1 students .,how many teams can they form ?
mr. lee wants to load number0 tons of his fruits . a large truck can load number1 tons of fruits and small truck can load number2 tons . in order to use the least number of trucks and have every truck fully occupied how many large trucks should be used ?,134 15 7,/ number0 number1,8.933333333333334,"[4, 5, 6, 39, 13, 15, 16, 17, 47, 48, 49, 24, 25, 26]",5,Floor-Division,mr. lee wants to load number0 tons of his fruits . a large truck can load number1 tons of fruits and small truck can load number2 tons . in order to use the least number of trucks and have every truck fully occupied,how many large trucks should be used ?
a tourist group has number0 people . at a hotel they want to rent some large rooms for number1 people each and some small rooms for number2 each . in order to rent the least number of rooms and have every room fully occupied how many large rooms should be rented ?,26 3 2,/ number0 number1,8.666666666666666,"[3, 4, 5, 40, 48, 17, 18, 19, 20, 49, 50, 25, 26, 27]",5,Floor-Division,a tourist group has number0 people . at a hotel they want to rent some large rooms for number1 people each and some small rooms for number2 each . in order to rent the least number of rooms and have every room fully occupied,how many large rooms should be rented ?
a ballet class wants to divide its number0 members into some large groups at number1 members each and some small groups at number2 members each . in order to make the least number of groups how many large groups should be made ?,90 7 3,/ number0 number1,12.857142857142858,"[5, 6, 7, 8, 39, 40, 41, 13, 14, 15, 16, 21, 22, 23, 24]",5,Floor-Division,a ballet class wants to divide its number0 members into some large groups at number1 members each and some small groups at number2 members each . in order to make the least number of groups,how many large groups should be made ?
there was number0 ml of tea in a pot . anna poured the tea into some cups . if there were number1 ml of tea in each cup how many cups were filled with tea ?,1050 65,/ number0 number1,16.153846153846153,"[32, 1, 2, 3, 33, 34, 20, 21, 22, 26]",5,Floor-Division,there was number0 ml of tea in a pot . anna poured the tea into some cups . if there were number1 ml of tea in each cup,how many cups were filled with tea ?
nick saved $ number0 . if nick saved $ number1 more than lee how much did lee save ?,68.50 25.43,- number0 number1,43.07,"[1, 2, 3, 7, 8, 9, 10, 15, 16, 17]",4,Subtraction,nick saved $ number0 . if nick saved $ number1 more than lee,how much did lee save ?
dave earned $ number0 . sara earned $ number1 . how much more money did dave earn than sara ?,53.90 39.33,- number0 number1,14.57,"[1, 2, 3, 6, 7, 8, 16, 17, 18]",4,Difference,dave earned $ number0 . sara earned $ number1 .,how much more money did dave earn than sara ?
i put another number into my machine . the machine added number0 and then subtracted number1 the number number2 came out of the machine . what number did i put in ?,15 6 35,- + number2 number1 number0,26.0,"[1, 4, 10, 11, 12, 14, 15, 16, 18, 19, 20, 28, 29, 30]",2,TVQ-Initial,i put another number into my machine . the machine added number0 and then subtracted number1 the number number2 came out of the machine .,what number did i put in ?
greg and brad started reading their books at the same time . greg read number0 pages a day . brad read number1 pages a day . how many more pages did brad read than greg ?,18 26,- number1 number0,8.0,"[32, 1, 2, 33, 34, 6, 13, 14, 15, 20, 21, 22]",5,Difference,greg and brad started reading their books at the same time . greg read number0 pages a day . brad read number1 pages a day .,how many more pages did brad read than greg ?
cindy and dan have the same number of stickers . cindy used number0 of her stickers . dan bought number1 more stickers . how many more stickers did dan have than cindy then ?,15 18,+ number0 number1,33.0,"[32, 1, 2, 3, 6, 11, 12, 13, 18, 19, 20, 21, 30, 31]",5,Addition,cindy and dan have the same number of stickers . cindy used number0 of her stickers . dan bought number1 more stickers .,how many more stickers did dan have than cindy then ?
rick and todd have the same number of candy bars . rick ate number0 candy bars . todd gave away number1 of his candy bars . how many more candy bars did rick have than todd then ?,11 18,- number1 number0,7.0,"[1, 2, 34, 35, 36, 7, 12, 13, 14, 15, 19, 20, 21]",5,Difference,rick and todd have the same number of candy bars . rick ate number0 candy bars . todd gave away number1 of his candy bars .,how many more candy bars did rick have than todd then ?
ed had number0 more marbles than doug . doug lost number1 of his marbles at the playground . how many more marble did ed have than doug then ?,22 8,+ number0 number1,30.0,"[1, 2, 3, 4, 9, 10, 11, 25, 26, 27]",5,Addition,ed had number0 more marbles than doug . doug lost number1 of his marbles at the playground .,how many more marble did ed have than doug then ?
annette and caitlin weigh number0 pounds together . caitlin and sara weigh number1 pounds together . how much more does annette weigh than sara ?,95 87,- number0 number1,8.0,"[3, 4, 5, 11, 12, 13, 21, 22, 23]",3,Difference,annette and caitlin weigh number0 pounds together . caitlin and sara weigh number1 pounds together .,how much more does annette weigh than sara ?
a worm has fallen into a hole that is number0 inches deep . it climbs up number1 inches and slides back number2 inches every day . how many days will it take the worm to reach the top ?,26 8 3,/ number0 - number1 number2,5.2,"[1, 35, 36, 37, 6, 8, 9, 10, 15, 16, 17, 20, 21, 22, 23]",4,Floor-Division,a worm has fallen into a hole that is number0 inches deep . it climbs up number1 inches and slides back number2 inches every day .,how many days will it take the worm to reach the top ?
my ice cream shop was really busy today . it was number0 degrees and we sold number1 ice cream cones . we sold number2 more milkshakes than ice cream cones . how many milkshakes were sold ?,98 67 15,+ number1 number2,82.0,"[1, 33, 3, 34, 35, 6, 10, 11, 12, 15, 16, 17, 19, 22, 23, 24, 25]",3,Addition,my ice cream shop was really busy today . it was number0 degrees and we sold number1 ice cream cones . we sold number2 more milkshakes than ice cream cones .,how many milkshakes were sold ?
todd had number0 cents in his pocket . he bought a candy bar for number1 cents . he bought a box of cookies for number2 cents . how much money did todd spend altogether ?,85 14 39,+ number1 number2,53.0,"[32, 1, 2, 3, 33, 13, 14, 15, 23, 24, 25, 31]",3,Addition,todd had number0 cents in his pocket . he bought a candy bar for number1 cents . he bought a box of cookies for number2 cents .,how much money did todd spend altogether ?
the little league stadium has number0 seats . number1 people came to the game today . number2 people were holding banners . how many seats were empty ?,92 47 38,- number0 number1,45.0,"[1, 2, 3, 4, 5, 6, 8, 9, 16, 17, 24, 25, 26]",3,Subtraction,the little league stadium has number0 seats . number1 people came to the game today . number2 people were holding banners .,how many seats were empty ?
maura collects seashells every summer . her family stays at the beach house for number0 days . this summer maura found number1 seashells . she gave some to her little sister . maura then had number2 seashells . how many seashells did maura give to her sister ?,21 75 57,- number1 number2,18.0,"[1, 34, 3, 35, 36, 2, 5, 44, 13, 14, 15, 45, 46, 20, 21, 22]",3,Subtraction,maura collects seashells every summer . her family stays at the beach house for number0 days . this summer maura found number1 seashells . she gave some to her little sister . maura then had number2 seashells .,how many seashells did maura give to her sister ?
the tallest giraffe at the zoo is number0 inches tall . there are number1 adult giraffes at the zoo . the shortest giraffe is number2 inches . how much taller is the bigger giraffe ?,96 14 68,- number0 number2,28.0,"[32, 1, 33, 3, 6, 7, 8, 12, 13, 14, 15, 23, 24, 25, 31]",3,Subtraction,the tallest giraffe at the zoo is number0 inches tall . there are number1 adult giraffes at the zoo . the shortest giraffe is number2 inches .,how much taller is the bigger giraffe ?
the central city zoo has number0 chimpanzees . every day the chimps eat a total of number1 bananas . next week the zoo is moving number2 chimps to a new cage . how many chimps will stay in the old cage ?,45 72 18,- number0 number2,27.0,"[1, 4, 5, 6, 38, 8, 39, 40, 15, 16, 17, 24, 25, 26]",3,Subtraction,the central city zoo has number0 chimpanzees . every day the chimps eat a total of number1 bananas . next week the zoo is moving number2 chimps to a new cage .,how many chimps will stay in the old cage ?
the zookeeper has number0 fish to feed to the penguins . number1 penguins have already gotten a fish . the zoo has number2 penguins . how many more penguins need to get a fish ?,68 19 36,- number2 number1,17.0,"[32, 1, 2, 3, 4, 33, 6, 11, 12, 21, 22, 23, 31]",3,Subtraction,the zookeeper has number0 fish to feed to the penguins . number1 penguins have already gotten a fish . the zoo has number2 penguins .,how many more penguins need to get a fish ?
number0 zoo guide spoke to a group of number1 children . another guide spoke to a group of number2 children . there are number3 guides at the zoo . how many children did the zoo guides speak to ?,1 19 25 22,+ number1 number2,44.0,"[0, 1, 2, 3, 35, 36, 37, 7, 8, 9, 17, 18, 19, 22, 23, 24]",3,Addition,number0 zoo guide spoke to a group of number1 children . another guide spoke to a group of number2 children . there are number3 guides at the zoo .,how many children did the zoo guides speak to ?
ralph has a photo album with number0 pages . he has number1 pictures of wild animals . ralph 's friend derrick has number2 pictures of wild animals . how many fewer pictures of wild animals does ralph have ?,50 26 34,- number2 number1,8.0,"[1, 2, 35, 4, 5, 6, 7, 36, 9, 10, 11, 12, 37, 21, 22, 23]",3,Subtraction,ralph has a photo album with number0 pages . he has number1 pictures of wild animals . ralph 's friend derrick has number2 pictures of wild animals .,how many fewer pictures of wild animals does ralph have ?
lisa invited the entire third grade to her party . there are number0 students altogether . number1 of the students are boys and number2 are girls . number3 students will not be able to go to the party . how many students will be there ?,48 23 25 9,- number0 number3,39.0,"[1, 5, 42, 11, 12, 13, 43, 44, 16, 17, 22, 23, 24, 27, 28]",3,Subtraction,lisa invited the entire third grade to her party . there are number0 students altogether . number1 of the students are boys and number2 are girls . number3 students will not be able to go to the party .,how many students will be there ?
billy can play number0 songs in his music book . he knows the names of number1 different guitar chords . billy 's music book has number2 songs in it . how many songs does billy still need to learn ?,24 18 52,- number2 number0,28.0,"[1, 2, 3, 4, 36, 6, 37, 38, 14, 15, 16, 18, 24, 25, 26]",3,Subtraction,billy can play number0 songs in his music book . he knows the names of number1 different guitar chords . billy 's music book has number2 songs in it .,how many songs does billy still need to learn ?
mom made number0 chocolate chip cookies . it took number1 minutes to mix the ingredients and number2 minutes to bake . julie and matt ate number3 cookies after dinner . how many cookies were left ?,32 24 16 9,- number0 number3,23.0,"[32, 1, 2, 3, 33, 5, 34, 8, 9, 10, 15, 16, 17, 24, 25, 26]",3,Subtraction,mom made number0 chocolate chip cookies . it took number1 minutes to mix the ingredients and number2 minutes to bake . julie and matt ate number3 cookies after dinner .,how many cookies were left ?
there are number0 questions on the math test . number1 questions are word problems . number2 questions are addition and subtraction problems . steve can only answer number3 questions . how many questions did steve leave blank ?,45 17 28 38,- number0 number3,7.0,"[1, 2, 3, 34, 5, 35, 36, 9, 10, 12, 15, 16, 21, 26, 27, 28]",3,Subtraction,there are number0 questions on the math test . number1 questions are word problems . number2 questions are addition and subtraction problems . steve can only answer number3 questions .,how many questions did steve leave blank ?
kendra learns number0 new spelling words each week . her goal is to learn number1 new words before her number2 birthday . she has already learned number3 new words . how many more words does kendra need to learn ?,12 60 8 36,- number1 number3,24.0,"[1, 2, 3, 4, 5, 6, 36, 37, 38, 13, 14, 15, 16, 18, 19, 20, 25, 26, 27, 28]",3,Subtraction,kendra learns number0 new spelling words each week . her goal is to learn number1 new words before her number2 birthday . she has already learned number3 new words .,how many more words does kendra need to learn ?
jake read number0 pages of his new book . it has number1 chapters and number2 pages . jake read number3 more pages later that day . how many pages has he read in all ?,37 8 95 25,+ number0 number3,62.0,"[32, 1, 2, 3, 33, 5, 10, 11, 12, 13, 14, 15, 18, 19, 20, 21, 31]",3,Addition,jake read number0 pages of his new book . it has number1 chapters and number2 pages . jake read number3 more pages later that day .,how many pages has he read in all ?
zoe is on vacation . she has already taken number0 pictures . she has enough film left to take number1 more pictures . zoe took number2 more pictures at the dolphin show . how many pictures has zoe taken altogether ?,28 32 16,+ number0 number2,44.0,"[1, 3, 5, 6, 37, 8, 9, 10, 38, 39, 18, 19, 20, 21, 24, 25, 26, 27]",3,Addition,zoe is on vacation . she has already taken number0 pictures . she has enough film left to take number1 more pictures . zoe took number2 more pictures at the dolphin show .,how many pictures has zoe taken altogether ?
tripp and charlotte are going on a number0 mile hike . tripp 's backpack weighs number1 pounds . charlotte 's back pack weighs number2 pounds less . they hiked number3 miles the first day . how many miles do they have left ?,36 25 7 9,- number0 number3,27.0,"[1, 3, 6, 7, 8, 39, 40, 41, 14, 15, 16, 22, 23, 24, 28, 29, 30]",3,Subtraction,tripp and charlotte are going on a number0 mile hike . tripp 's backpack weighs number1 pounds . charlotte 's back pack weighs number2 pounds less . they hiked number3 miles the first day .,how many miles do they have left ?
dora is having her number0 birthday party next saurday . she invited number1 people . her mom ordered number2 sandwiches . number3 people can not come to the party . how many people will be at dora 's party ?,10 64 36 16,- number1 number3,48.0,"[1, 2, 3, 4, 5, 6, 36, 8, 37, 38, 11, 12, 13, 17, 18, 19, 21, 22]",3,Subtraction,dora is having her number0 birthday party next saurday . she invited number1 people . her mom ordered number2 sandwiches . number3 people can not come to the party .,how many people will be at dora 's party ?
there are number0 pretzels in a bowl . john ate number1 pretzels . alan ate number2 fewer pretzels than john . marcus ate number3 more pretzels than john . how many pretzels did marcus eat ?,95 28 9 12,+ number1 number3,40.0,"[32, 1, 2, 3, 33, 5, 34, 9, 10, 11, 14, 15, 16, 17, 22, 23, 24, 25]",3,Addition,there are number0 pretzels in a bowl . john ate number1 pretzels . alan ate number2 fewer pretzels than john . marcus ate number3 more pretzels than john .,how many pretzels did marcus eat ?
there were number0 passengers on the bus . number1 passengers got off at the first stop . number2 passengers got off at the second stop . how many passengers were left on the bus ?,46 19 15,- - number0 number1 number2,12.0,"[32, 1, 2, 3, 33, 8, 9, 10, 17, 18, 31]",3,TVQ-Final,there were number0 passengers on the bus . number1 passengers got off at the first stop . number2 passengers got off at the second stop .,how many passengers were left on the bus ?
the book store is very busy today . there are number0 children listening to a story . number1 people are shopping for books . number2 people are at the checkout counter . how many people are at the bookstore ?,25 36 17,+ + number0 number1 number2,78.0,"[1, 3, 36, 37, 6, 38, 9, 10, 11, 17, 18, 24, 25]",3,Sum,the book store is very busy today . there are number0 children listening to a story . number1 people are shopping for books . number2 people are at the checkout counter .,how many people are at the bookstore ?
alexa is reading a nancy drew mystery . there are number0 pages in her book . she read number1 pages the first day . the next day alexa just could n't stop reading . she read number2 pages . how many pages does alexa have left to read ?,95 18 58,- - number0 number1 number2,19.0,"[1, 35, 36, 37, 6, 9, 10, 11, 45, 46, 47, 17, 18, 19]",3,TVQ-Final,alexa is reading a nancy drew mystery . there are number0 pages in her book . she read number1 pages the first day . the next day alexa just could n't stop reading . she read number2 pages .,how many pages does alexa have left to read ?
sam put number0 pretzels in a bowl for the party . his friends ate number1 of them . sam put in number2 more pretzels . how many pretzels were in the bowl then ?,86 49 27,+ - number0 number1 number2,64.0,"[32, 1, 2, 3, 4, 6, 13, 14, 15, 20, 21, 22, 23, 30, 31]",3,TVQ-Final,sam put number0 pretzels in a bowl for the party . his friends ate number1 of them . sam put in number2 more pretzels .,how many pretzels were in the bowl then ?
tommy has $ number0 . he wants to buy a $ number1 camera . he also wants to buy a $ number2 cd player . how much more money does tommy need ?,79 35 59,- + number1 number2 number0,15.0,"[1, 2, 3, 10, 11, 12, 20, 21, 22, 29, 30, 31]",3,TVQ-Change,tommy has $ number0 . he wants to buy a $ number1 camera . he also wants to buy a $ number2 cd player .,how much more money does tommy need ?
omar loves to play checkers . he played number0 games yesterday . he played number1 games today . omar lost number2 games . how many games did he win ?,37 49 18,- + number0 number1 number2,68.0,"[1, 5, 7, 8, 9, 13, 14, 15, 19, 20, 21, 26, 27, 28]",3,TVQ-Change,omar loves to play checkers . he played number0 games yesterday . he played number1 games today . omar lost number2 games .,how many games did he win ?
number0 students signed up for computer classes . there were number1 second graders and number2 third graders . the rest of the students were number3 graders . how many number4 graders took computer classes ?,94 24 29 4 4,- - number0 number1 number2,41.0,"[0, 1, 2, 3, 4, 7, 9, 10, 11, 12, 13, 14, 15, 16, 23, 24, 25, 28, 29, 30, 31, 32, 33]",3,TVQ-Final,number0 students signed up for computer classes . there were number1 second graders and number2 third graders . the rest of the students were number3 graders .,how many number4 graders took computer classes ?
j.t . has some superhero trading cards . he lost number0 of them . he gave number1 of them to his best friend . now he has number2 cards left . how many cards did j.t . have at first ?,14 19 45,+ + number2 number0 number1,78.0,"[1, 2, 3, 37, 38, 39, 9, 10, 11, 15, 16, 17, 26, 27, 28]",3,TVQ-Initial,j.t . has some superhero trading cards . he lost number0 of them . he gave number1 of them to his best friend . now he has number2 cards left .,how many cards did j.t . have at first ?
