Question,Numbers,Equation,Answer,group_nums,Body,Ques
a grocery store had number0 bottles of regular soda and number1 bottles of diet soda . how many more bottles of regular soda than diet soda did they have ?,67 9,- number0 number1,58.0,"[1, 2, 3, 4, 5, 9, 10, 11, 12, 26, 27, 28]",a grocery store had number0 bottles of regular soda and number1 bottles of diet soda .,how many more bottles of regular soda than diet soda did they have ?
a grocery store had number0 bottles of regular soda and number1 bottles of diet soda . how many more bottles of diet soda than regular soda did they have ?,22 61,- number1 number0,39.0,"[1, 2, 3, 4, 5, 9, 10, 11, 12, 26, 27, 28]",a grocery store had number0 bottles of regular soda and number1 bottles of diet soda .,how many more bottles of diet soda than regular soda did they have ?
a grocery store had number0 bottles of regular soda number1 bottles of diet soda and number2 apples . how many bottles did they have total ?,30 8 41,+ number0 number1,38.0,"[1, 3, 4, 5, 8, 9, 10, 14, 15, 16, 22, 23, 24]",a grocery store had number0 bottles of regular soda number1 bottles of diet soda and number2 apples .,how many bottles did they have total ?
a grocery store had number0 bottles of regular soda number1 bottles of diet soda and number2 apples . how many more bottles of regular soda than diet soda did they have ?,79 53 42,- number0 number1,26.0,"[1, 2, 3, 4, 5, 8, 9, 10, 12, 14, 15, 16, 28, 29, 30]",a grocery store had number0 bottles of regular soda number1 bottles of diet soda and number2 apples .,how many more bottles of regular soda than diet soda did they have ?
a grocery store had number0 bottles of diet soda number1 bottles of regular soda and number2 apples . how many more bottles of regular soda than diet soda did they have ?,54 83 12,- number1 number0,29.0,"[1, 2, 3, 4, 5, 8, 9, 10, 12, 14, 15, 16, 28, 29, 30]",a grocery store had number0 bottles of diet soda number1 bottles of regular soda and number2 apples .,how many more bottles of regular soda than diet soda did they have ?
a grocery store had a total of number0 bottles of which number1 were bottles of regular soda and the rest were bottles of diet soda . they also had number2 apple . how many bottles of diet soda did they have ?,17 9 29,- number0 number1,8.0,"[1, 2, 6, 7, 8, 38, 10, 11, 12, 39, 40, 28, 29, 30]",a grocery store had a total of number0 bottles of which number1 were bottles of regular soda and the rest were bottles of diet soda . they also had number2 apple .,how many bottles of diet soda did they have ?
a grocery store had number0 bottles of diet soda and number1 bottles of regular soda . how many more bottles of regular soda than diet soda did they have ?,19 60,- number1 number0,41.0,"[1, 2, 3, 4, 5, 9, 10, 11, 12, 26, 27, 28]",a grocery store had number0 bottles of diet soda and number1 bottles of regular soda .,how many more bottles of regular soda than diet soda did they have ?
a grocery store had number0 bottles of regular soda number1 bottles of diet soda and number2 apples . how many more bottles than apple did they have ?,72 32 78,- + number0 number1 number2,26.0,"[1, 2, 3, 4, 5, 8, 9, 10, 14, 15, 16, 24, 25, 26]",a grocery store had number0 bottles of regular soda number1 bottles of diet soda and number2 apples .,how many more bottles than apple did they have ?
a grocery store had number0 apples number1 bottles of regular soda and number2 bottles of diet soda . how many more bottles than apple did they have ?,36 80 54,- + number1 number2 number0,98.0,"[1, 2, 3, 4, 5, 6, 7, 8, 11, 12, 13, 24, 25, 26]",a grocery store had number0 apples number1 bottles of regular soda and number2 bottles of diet soda .,how many more bottles than apple did they have ?
a grocery store had a total of number0 bottles of which number1 were bottles of regular soda and the rest were bottles of diet soda . how many bottles of diet soda did they have ?,30 28,- number0 number1,2.0,"[32, 1, 33, 34, 6, 7, 8, 10, 11, 12]",a grocery store had a total of number0 bottles of which number1 were bottles of regular soda and the rest were bottles of diet soda .,how many bottles of diet soda did they have ?
a grocery store had number0 bottles of diet soda . if they had number1 more bottles of regular soda than diet soda how many bottles of regular soda did they have ?,4 79,+ number0 number1,83.0,"[2, 3, 4, 5, 12, 13, 14, 15, 20, 28, 29, 30]",a grocery store had number0 bottles of diet soda . if they had number1 more bottles of regular soda than diet soda,how many bottles of regular soda did they have ?
a grocery store had number0 bottles of regular soda number1 bottles of diet soda and number2 bottles of lite soda . how many bottles did they have total ?,57 26 27,+ + number0 number1 number2,110.0,"[1, 3, 4, 5, 8, 9, 10, 14, 15, 16, 25, 26, 27]",a grocery store had number0 bottles of regular soda number1 bottles of diet soda and number2 bottles of lite soda .,how many bottles did they have total ?
a grocery store had number0 bottles of regular soda number1 bottles of diet soda and number2 bottles of lite soda . how many more bottles of regular soda did they have than diet soda ?,81 60 60,- number0 number1,21.0,"[32, 1, 2, 3, 4, 5, 33, 8, 9, 10, 14, 15, 16, 31]",a grocery store had number0 bottles of regular soda number1 bottles of diet soda and number2 bottles of lite soda .,how many more bottles of regular soda did they have than diet soda ?
a grocery store had number0 bottles of regular soda number1 bottles of diet soda and number2 bottles of lite soda . how many bottles of regular soda and diet soda did they have altogether ?,49 40 6,+ number1 number0,89.0,"[32, 1, 33, 3, 4, 5, 8, 9, 10, 11, 14, 15, 16, 31]",a grocery store had number0 bottles of regular soda number1 bottles of diet soda and number2 bottles of lite soda .,how many bottles of regular soda and diet soda did they have altogether ?
every day ryan spends number0 hours on learning english and number1 hours on learning chinese . how many more hours does he spend on learning english than he does on learning chinese ?,6 2,- number0 number1,4.0,"[0, 1, 2, 3, 4, 5, 6, 7, 8, 9, 10, 11, 29, 30, 31]",every day ryan spends number0 hours on learning english and number1 hours on learning chinese .,how many more hours does he spend on learning english than he does on learning chinese ?
every day ryan spends number0 hours on learning english and number1 hours on learning chinese . how many more hours does he spend on learning chinese than he does on learning english ?,6 7,- number1 number0,1.0,"[0, 1, 2, 3, 4, 5, 6, 7, 8, 9, 10, 11, 29, 30, 31]",every day ryan spends number0 hours on learning english and number1 hours on learning chinese .,how many more hours does he spend on learning chinese than he does on learning english ?
every day ryan spends number0 hours on learning english and some more hours on learning chinese . if he spends a total of number1 hours on learning english and chinese everyday how many hours does he spend on learning chinese ?,3 4,- number1 number0,1.0,"[0, 3, 4, 5, 37, 38, 39, 11, 15, 19, 22, 23, 24]",every day ryan spends number0 hours on learning english and some more hours on learning chinese . if he spends a total of number1 hours on learning english and chinese everyday,how many hours does he spend on learning chinese ?
every day ryan spends number0 hours on learning english and some more hours on learning chinese . if he spends number1 hours more on learning english than on learning chinese how many hours does he spend on learning chinese ?,7 2,- number0 number1,5.0,"[0, 3, 4, 5, 36, 37, 38, 11, 14, 19, 20, 21]",every day ryan spends number0 hours on learning english and some more hours on learning chinese . if he spends number1 hours more on learning english than on learning chinese,how many hours does he spend on learning chinese ?
every day ryan spends number0 hours on learning chinese and some more hours on learning english . if he spends number1 hours more on learning english than on learning chinese how many hours does he spend on learning english ?,5 2,+ number0 number1,7.0,"[0, 3, 4, 5, 36, 7, 37, 38, 11, 14, 19, 20, 21]",every day ryan spends number0 hours on learning chinese and some more hours on learning english . if he spends number1 hours more on learning english than on learning chinese,how many hours does he spend on learning english ?
every day ryan spends number0 hours on learning english and number1 hours on learning chinese . if he learns for number2 days how many hours does he spend on learning english and chinese in all ?,6 7 5,* + number0 number1 number2,65.0,"[0, 32, 33, 3, 4, 5, 34, 7, 8, 9, 10, 11, 19, 20, 21]",every day ryan spends number0 hours on learning english and number1 hours on learning chinese . if he learns for number2 days,how many hours does he spend on learning english and chinese in all ?
every day ryan spends number0 hours on learning english and number1 hours on learning chinese . if he learns for number2 days how many hours does he spend on learning english in all ?,6 5 2,* number0 number2,12.0,"[0, 32, 3, 4, 5, 7, 8, 9, 10, 11, 19, 20, 21, 30, 31]",every day ryan spends number0 hours on learning english and number1 hours on learning chinese . if he learns for number2 days,how many hours does he spend on learning english in all ?
every day ryan spends number0 hours on learning english and number1 hours on learning chinese . if he learns for number2 days how many hours does he spend on learning chinese in all ?,5 4 6,* number1 number2,24.0,"[0, 32, 3, 4, 5, 7, 8, 9, 10, 11, 19, 20, 21, 30, 31]",every day ryan spends number0 hours on learning english and number1 hours on learning chinese . if he learns for number2 days,how many hours does he spend on learning chinese in all ?
every day ryan spends number0 hours on learning english and number1 hours on learning chinese . if he learns for number2 days how many hours does he spend on learning english and chinese each day ?,4 6 86,+ number0 number1,10.0,"[0, 33, 32, 3, 4, 5, 34, 7, 8, 9, 10, 11, 19, 20, 21]",every day ryan spends number0 hours on learning english and number1 hours on learning chinese . if he learns for number2 days,how many hours does he spend on learning english and chinese each day ?
every day ryan spends number0 hours on learning english number1 hours on learning chinese and number2 hours on learning spanish . how many hours does he spend on learning english chinese and spanish in all ?,6 7 3,+ + number0 number1 number2,16.0,"[0, 1, 32, 3, 4, 5, 33, 7, 8, 9, 10, 34, 12, 13, 14, 15, 16]",every day ryan spends number0 hours on learning english number1 hours on learning chinese and number2 hours on learning spanish .,how many hours does he spend on learning english chinese and spanish in all ?
every day ryan spends number0 hours on learning english number1 hours on learning chinese and number2 hours on learning spanish . how many more hours does he spend on learning english than he does on learning chinese ?,6 3 58,- number0 number1,3.0,"[0, 1, 2, 3, 4, 5, 6, 7, 8, 9, 10, 34, 12, 13, 14, 15, 16, 35, 36]",every day ryan spends number0 hours on learning english number1 hours on learning chinese and number2 hours on learning spanish .,how many more hours does he spend on learning english than he does on learning chinese ?
every day ryan spends number0 hours on learning english number1 hours on learning chinese and number2 hours on learning spanish . how many more hours does he spend on learning english than he does on learning spanish ?,7 2 4,- number0 number2,3.0,"[0, 1, 2, 3, 4, 5, 6, 7, 8, 9, 10, 34, 12, 13, 14, 15, 16, 35, 36]",every day ryan spends number0 hours on learning english number1 hours on learning chinese and number2 hours on learning spanish .,how many more hours does he spend on learning english than he does on learning spanish ?
every day ryan spends number0 hours on learning english number1 hours on learning chinese and number2 hours on learning spanish . how many more hours does he spend on learning chinese than he does on learning spanish ?,2 5 4,- number1 number2,1.0,"[0, 1, 2, 3, 4, 5, 6, 7, 8, 9, 10, 34, 12, 13, 14, 15, 16, 35, 36]",every day ryan spends number0 hours on learning english number1 hours on learning chinese and number2 hours on learning spanish .,how many more hours does he spend on learning chinese than he does on learning spanish ?
every day ryan spends a total of number0 hours on learning english and chinese . if he spends number1 hours on learning english everyday how many hours does he spend on learning chinese ?,3 2,- number0 number1,1.0,"[0, 32, 2, 6, 7, 8, 10, 17, 18, 19, 30, 31]",every day ryan spends a total of number0 hours on learning english and chinese . if he spends number1 hours on learning english everyday,how many hours does he spend on learning chinese ?
ryan learns english and chinese for number0 days . every day he spends number1 hours on learning english and number2 hours on learning chinese . how many hours does he spend on learning english and chinese in all ?,7 4 5,* + number1 number2 number0,63.0,"[1, 3, 35, 5, 6, 7, 8, 9, 36, 37, 12, 13, 14, 18, 19, 20]",ryan learns english and chinese for number0 days . every day he spends number1 hours on learning english and number2 hours on learning chinese .,how many hours does he spend on learning english and chinese in all ?
the grasshopper and the frog had a jumping contest . the grasshopper jumped number0 inches and the frog jumped number1 inches . how much farther did the frog jump than the grasshopper ?,9 12,- number1 number0,3.0,"[12, 13, 14, 18, 19, 20, 29, 30, 31]",the grasshopper and the frog had a jumping contest . the grasshopper jumped number0 inches and the frog jumped number1 inches .,how much farther did the frog jump than the grasshopper ?
the grasshopper and the frog had a jumping contest . the grasshopper jumped number0 inches and the frog jumped number1 inches . how much did they jump altogether ?,31 35,+ number0 number1,66.0,"[12, 13, 14, 18, 19, 20, 25, 26, 27]",the grasshopper and the frog had a jumping contest . the grasshopper jumped number0 inches and the frog jumped number1 inches .,how much did they jump altogether ?
the grasshopper the frog and the mouse had a jumping contest . the grasshopper jumped number0 inches . the frog jumped number1 inches farther than the grasshopper and the mouse jumped number2 inches farther than the frog . how far did the frog jump ?,36 17 15,+ number0 number1,53.0,"[32, 41, 42, 43, 14, 15, 16, 20, 21, 22, 30, 31]",the grasshopper the frog and the mouse had a jumping contest . the grasshopper jumped number0 inches . the frog jumped number1 inches farther than the grasshopper and the mouse jumped number2 inches farther than the frog .,how far did the frog jump ?
the grasshopper the frog and the mouse had a jumping contest . the grasshopper jumped number0 inches . the frog jumped number1 inches farther than the grasshopper and the mouse jumped number2 inches farther than the frog . how far did the mouse jump ?,25 18 2,+ + number0 number1 number2,45.0,"[32, 41, 42, 43, 14, 15, 16, 20, 21, 22, 30, 31]",the grasshopper the frog and the mouse had a jumping contest . the grasshopper jumped number0 inches . the frog jumped number1 inches farther than the grasshopper and the mouse jumped number2 inches farther than the frog .,how far did the mouse jump ?
the grasshopper the frog and the mouse had a jumping contest . the grasshopper jumped number0 inches . the frog jumped number1 inches farther than the grasshopper and the mouse jumped number2 inches farther than the frog . how much farther did the mouse jump than the grasshopper ?,19 10 20,+ number1 number2,30.0,"[32, 45, 14, 15, 16, 46, 47, 20, 21, 22, 30, 31]",the grasshopper the frog and the mouse had a jumping contest . the grasshopper jumped number0 inches . the frog jumped number1 inches farther than the grasshopper and the mouse jumped number2 inches farther than the frog .,how much farther did the mouse jump than the grasshopper ?
the grasshopper the frog and the mouse had a jumping contest . the grasshopper jumped number0 inches . the frog jumped number1 inches farther than the grasshopper and the mouse jumped number2 inches lesser than the frog . how far did the frog jump ?,19 39 94,+ number0 number1,58.0,"[32, 41, 42, 43, 14, 15, 16, 20, 21, 22, 30, 31]",the grasshopper the frog and the mouse had a jumping contest . the grasshopper jumped number0 inches . the frog jumped number1 inches farther than the grasshopper and the mouse jumped number2 inches lesser than the frog .,how far did the frog jump ?
the grasshopper the frog and the mouse had a jumping contest . the grasshopper jumped number0 inches . the frog jumped number1 inches farther than the grasshopper and the mouse jumped number2 inches lesser than the frog . how far did the mouse jump ?,25 32 26,- + number0 number1 number2,31.0,"[32, 41, 42, 43, 14, 15, 16, 20, 21, 22, 30, 31]",the grasshopper the frog and the mouse had a jumping contest . the grasshopper jumped number0 inches . the frog jumped number1 inches farther than the grasshopper and the mouse jumped number2 inches lesser than the frog .,how far did the mouse jump ?
the grasshopper the frog and the mouse had a jumping contest . the grasshopper jumped number0 inches . the frog jumped number1 inches farther than the grasshopper and the mouse jumped number2 inches lesser than the frog . how much farther did the mouse jump than the grasshopper ?,24 33 5,- number1 number2,28.0,"[32, 45, 14, 15, 16, 46, 47, 20, 21, 22, 30, 31]",the grasshopper the frog and the mouse had a jumping contest . the grasshopper jumped number0 inches . the frog jumped number1 inches farther than the grasshopper and the mouse jumped number2 inches lesser than the frog .,how much farther did the mouse jump than the grasshopper ?
the grasshopper and the frog had a jumping contest . the grasshopper jumped number0 inches . the grasshopper jumped number1 inches farther than the grasshopper . how far did the frog jump ?,13 2,- number0 number1,11.0,"[12, 13, 14, 18, 19, 20, 29, 30, 31]",the grasshopper and the frog had a jumping contest . the grasshopper jumped number0 inches . the grasshopper jumped number1 inches farther than the grasshopper .,how far did the frog jump ?
the grasshopper and the frog had a jumping contest . the grasshopper jumped number0 inches . the grasshopper jumped number1 inches farther than the grasshopper . how much did they jump altogether ?,35 4,- + number0 number0 number1,66.0,"[12, 13, 14, 18, 19, 20, 29, 30, 31]",the grasshopper and the frog had a jumping contest . the grasshopper jumped number0 inches . the grasshopper jumped number1 inches farther than the grasshopper .,how much did they jump altogether ?
the grasshopper the frog and the mouse had a jumping contest . the grasshopper jumped number0 inches . the grasshopper jumped number1 inches farther than the frog and the mouse jumped number2 inches lesser than the frog . how far did the frog jump ?,19 4 44,- number0 number1,15.0,"[32, 41, 42, 43, 14, 15, 16, 20, 21, 22, 30, 31]",the grasshopper the frog and the mouse had a jumping contest . the grasshopper jumped number0 inches . the grasshopper jumped number1 inches farther than the frog and the mouse jumped number2 inches lesser than the frog .,how far did the frog jump ?
the grasshopper the frog and the mouse had a jumping contest . the grasshopper jumped number0 inches . the grasshopper jumped number1 inches farther than the frog and the mouse jumped number2 inches lesser than the frog . how far did the mouse jump ?,39 19 12,- - number0 number1 number2,8.0,"[32, 41, 42, 43, 14, 15, 16, 20, 21, 22, 30, 31]",the grasshopper the frog and the mouse had a jumping contest . the grasshopper jumped number0 inches . the grasshopper jumped number1 inches farther than the frog and the mouse jumped number2 inches lesser than the frog .,how far did the mouse jump ?
the grasshopper the frog and the mouse had a jumping contest . the grasshopper jumped number0 inches . the grasshopper jumped number1 inches farther than the frog and the mouse jumped number2 inches lesser than the frog . how much farther did the grasshopper jump than the mouse ?,21 25 16,+ number1 number2,41.0,"[32, 45, 14, 15, 16, 46, 47, 20, 21, 22, 30, 31]",the grasshopper the frog and the mouse had a jumping contest . the grasshopper jumped number0 inches . the grasshopper jumped number1 inches farther than the frog and the mouse jumped number2 inches lesser than the frog .,how much farther did the grasshopper jump than the mouse ?
the grasshopper and the frog had a jumping contest . the frog jumped number0 inches and the grasshopper jumped number1 inches . how much farther did the frog jump than the grasshopper ?,39 17,- number0 number1,22.0,"[12, 13, 14, 18, 19, 20, 29, 30, 31]",the grasshopper and the frog had a jumping contest . the frog jumped number0 inches and the grasshopper jumped number1 inches .,how much farther did the frog jump than the grasshopper ?
the grasshopper the frog and the mouse had a jumping contest . the grasshopper jumped number0 inches . the mouse jumped number1 inches lesser than the frog who jumped number2 inches farther than the grasshopper . how far did the mouse jump ?,9 3 33,- + number0 number2 number1,39.0,"[39, 40, 41, 14, 15, 16, 20, 21, 22, 28, 29, 30]",the grasshopper the frog and the mouse had a jumping contest . the grasshopper jumped number0 inches . the mouse jumped number1 inches lesser than the frog who jumped number2 inches farther than the grasshopper .,how far did the mouse jump ?
the grasshopper the frog and the mouse had a jumping contest . the grasshopper jumped number0 inches . the mouse jumped number1 inches lesser than the frog who jumped number2 inches farther than the grasshopper . how much farther did the mouse jump than the grasshopper ?,14 16 37,- number2 number1,21.0,"[43, 44, 45, 14, 15, 16, 20, 21, 22, 28, 29, 30]",the grasshopper the frog and the mouse had a jumping contest . the grasshopper jumped number0 inches . the mouse jumped number1 inches lesser than the frog who jumped number2 inches farther than the grasshopper .,how much farther did the mouse jump than the grasshopper ?
rachel picked number0 apples from her tree . if the tree had number1 apples initially . how many apples are still there on the tree ?,4 7,- number1 number0,3.0,"[1, 2, 3, 5, 11, 12, 13, 22, 23, 24]",rachel picked number0 apples from her tree . if the tree had number1 apples initially .,how many apples are still there on the tree ?
rachel 's tree had number0 apples initially . she picked some apples and now there are number1 apples left on the tree . how many apples did rachel pick ?,4 2,- number0 number1,2.0,"[1, 3, 4, 5, 7, 15, 16, 17, 26, 27, 28]",rachel 's tree had number0 apples initially . she picked some apples and now there are number1 apples left on the tree .,how many apples did rachel pick ?
rachel picked number0 ripe apples from her tree . now the tree has number1 apples still on it . if number2 of those are ripe and the rest are unripe how many unripe apples does the tree have now ?,7 5 3,- number1 number2,2.0,"[1, 2, 3, 4, 36, 37, 38, 12, 13, 14, 18, 19, 20, 21]",rachel picked number0 ripe apples from her tree . now the tree has number1 apples still on it . if number2 of those are ripe and the rest are unripe,how many unripe apples does the tree have now ?
rachel picked number0 ripe apples from her tree . now the tree has number1 apples still on it . if number2 of those are ripe and the rest are unripe how many ripe apples did the tree have to begin with ?,2 7 6,+ number0 number2,8.0,"[1, 2, 3, 4, 38, 39, 40, 12, 13, 14, 19, 20, 21]",rachel picked number0 ripe apples from her tree . now the tree has number1 apples still on it . if number2 of those are ripe and the rest are unripe,how many ripe apples did the tree have to begin with ?
rachel picked number0 ripe apples from her tree . now the tree has number1 ripe apples and number2 unripe apples . how many apples did the tree have to begin with ?,6 2 4,+ + number0 number1 number2,12.0,"[1, 2, 3, 4, 5, 8, 9, 12, 13, 14, 15, 16, 17, 18, 19, 28, 29, 30]",rachel picked number0 ripe apples from her tree . now the tree has number1 ripe apples and number2 unripe apples .,how many apples did the tree have to begin with ?
rachel picked number0 ripe apples from her tree . now the tree has number1 ripe apples and number2 unripe apples . how many ripe apples did the tree have to begin with ?,3 2 27,+ number0 number1,5.0,"[1, 2, 3, 4, 5, 7, 9, 12, 13, 14, 15, 16, 17, 18, 19, 29, 30, 31]",rachel picked number0 ripe apples from her tree . now the tree has number1 ripe apples and number2 unripe apples .,how many ripe apples did the tree have to begin with ?
rachel picked number0 apples from her tree . thereafter number1 new apples grew on the tree . now the tree has number2 apples still on it . how many apples did the tree have to begin with ?,7 2 6,+ - number2 number1 number0,11.0,"[1, 2, 3, 4, 34, 35, 36, 8, 9, 10, 11, 20, 21, 22]",rachel picked number0 apples from her tree . thereafter number1 new apples grew on the tree . now the tree has number2 apples still on it .,how many apples did the tree have to begin with ?
rachel 's tree had number0 apples . she picked number1 apples from her tree . thereafter number2 new apples grew on the tree . how many apples are there on the tree now ?,2 4 3,+ - number0 number1 number2,1.0,"[32, 1, 2, 3, 4, 5, 8, 9, 10, 15, 16, 17, 18, 30, 31]",rachel 's tree had number0 apples . she picked number1 apples from her tree . thereafter number2 new apples grew on the tree .,how many apples are there on the tree now ?
rachel has number0 apples trees . she picked number1 apples from number2 of her trees . now the tree has number3 apples still on it . how many apples did the tree have to begin with ?,52 2 1 7,+ number1 number3,9.0,"[1, 2, 3, 4, 33, 34, 7, 8, 9, 10, 11, 12, 35, 19, 20, 21]",rachel has number0 apples trees . she picked number1 apples from number2 of her trees . now the tree has number3 apples still on it .,how many apples did the tree have to begin with ?
rachel has number0 apples trees . she picked number1 apples from each of her trees . now the trees have a total number2 apples still on them . how many apples were there on all trees initially ?,3 8 9,+ * number0 number1 number2,33.0,"[1, 2, 3, 4, 5, 34, 7, 8, 9, 35, 11, 36, 21, 22, 23]",rachel has number0 apples trees . she picked number1 apples from each of her trees . now the trees have a total number2 apples still on them .,how many apples were there on all trees initially ?
rachel has number0 apples trees . she picked number1 apples from each of her trees . now the trees have a total number2 apples still on them . how many apples did rachel pick in all ?,4 7 29,* number0 number1,28.0,"[1, 2, 3, 4, 5, 33, 7, 8, 9, 34, 11, 35, 21, 22, 23]",rachel has number0 apples trees . she picked number1 apples from each of her trees . now the trees have a total number2 apples still on them .,how many apples did rachel pick in all ?
there were number0 parents in the program and number1 people in total . how many pupils were present in the program ?,22 676,- number1 number0,654.0,"[1, 2, 3, 7, 8, 9, 18, 19, 20]",there were number0 parents in the program and number1 people in total .,how many pupils were present in the program ?
there were number0 parents number1 pupils and number2 teachers in the program . how many people were present in the program ?,73 724 744,+ + number0 number1 number2,1541.0,"[1, 2, 3, 4, 5, 6, 7, 8, 18, 19, 20]",there were number0 parents number1 pupils and number2 teachers in the program .,how many people were present in the program ?
there were number0 parents in the program and number1 pupils too . how many more pupils were present compared to parents in the program ?,174 521,- number1 number0,347.0,"[1, 2, 3, 7, 8, 9, 21, 22, 23]",there were number0 parents in the program and number1 pupils too .,how many more pupils were present compared to parents in the program ?
there were number0 parents in the program and number1 pupils too . the program could seat number2 people how many people were present in the program ?,61 177 44,+ number0 number1,238.0,"[1, 2, 3, 7, 8, 9, 10, 15, 16, 17, 23, 24, 25]",there were number0 parents in the program and number1 pupils too . the program could seat number2 people,how many people were present in the program ?
zachary did number0 push-ups in gym class today . david did number1 more push-ups than zachary . how many push-ups did zachary and david do altogether ?,44 58,+ + number0 number0 number1,146.0,"[1, 2, 3, 7, 10, 11, 12, 13, 23, 24, 25]",zachary did number0 push-ups in gym class today . david did number1 more push-ups than zachary .,how many push-ups did zachary and david do altogether ?
zachary did number0 push-ups and david did number1 push-ups in gym class today . how many more push-ups did zachary do than david ?,51 44,- number0 number1,7.0,"[1, 2, 3, 6, 7, 8, 20, 21, 22]",zachary did number0 push-ups and david did number1 push-ups in gym class today .,how many more push-ups did zachary do than david ?
david did number0 push-ups in gym class today . david did number1 more push-ups than zachary . how many push-ups did zachary do ?,44 9,- number0 number1,35.0,"[1, 2, 3, 5, 10, 11, 12, 13, 20, 21, 22]",david did number0 push-ups in gym class today . david did number1 more push-ups than zachary .,how many push-ups did zachary do ?
david did number0 push-ups in gym class today . david did number1 more push-ups than zachary . how many push-ups did zachary and david do altogether ?,51 49,- + number0 number0 number1,53.0,"[1, 2, 3, 7, 10, 11, 12, 13, 23, 24, 25]",david did number0 push-ups in gym class today . david did number1 more push-ups than zachary .,how many push-ups did zachary and david do altogether ?
zachary did number0 push-ups and number1 crunches in gym class today . david did number2 more push-ups but number3 less crunches than zachary . how many push-ups did david do ?,59 44 19 27,+ number0 number2,78.0,"[1, 2, 3, 4, 5, 6, 7, 13, 14, 15, 16, 17, 18, 19, 20, 27, 28, 29]",zachary did number0 push-ups and number1 crunches in gym class today . david did number2 more push-ups but number3 less crunches than zachary .,how many push-ups did david do ?
zachary did number0 push-ups and number1 crunches in gym class today . david did number2 more push-ups but number3 less crunches than zachary . how many crunches did david do ?,44 17 29 13,- number1 number3,4.0,"[1, 2, 3, 4, 5, 6, 7, 13, 14, 15, 16, 17, 18, 19, 20, 27, 28, 29]",zachary did number0 push-ups and number1 crunches in gym class today . david did number2 more push-ups but number3 less crunches than zachary .,how many crunches did david do ?
zachary did number0 push-ups and number1 crunches in gym class today . david did number2 more push-ups but number3 less crunches than zachary . how many push-ups and crunches did zachary do ?,53 14 17 10,+ number0 number1,67.0,"[1, 2, 3, 4, 5, 6, 7, 13, 14, 15, 16, 17, 18, 19, 20, 29, 30, 31]",zachary did number0 push-ups and number1 crunches in gym class today . david did number2 more push-ups but number3 less crunches than zachary .,how many push-ups and crunches did zachary do ?
zachary did number0 push-ups and number1 crunches in gym class today . david did number2 more push-ups but number3 less crunches than zachary . how many more push-ups than crunches did zachary do ?,35 3 58 87,- number0 number1,32.0,"[32, 1, 2, 3, 4, 5, 6, 7, 8, 13, 14, 15, 16, 17, 18, 19, 20, 30, 31]",zachary did number0 push-ups and number1 crunches in gym class today . david did number2 more push-ups but number3 less crunches than zachary .,how many more push-ups than crunches did zachary do ?
zachary did number0 push-ups and number1 crunches in gym class today . david did number2 more push-ups but number3 less crunches than zachary . how many more crunches than push-ups did zachary do ?,46 58 38 62,- number1 number0,12.0,"[32, 1, 2, 3, 4, 5, 6, 7, 8, 13, 14, 15, 16, 17, 18, 19, 20, 30, 31]",zachary did number0 push-ups and number1 crunches in gym class today . david did number2 more push-ups but number3 less crunches than zachary .,how many more crunches than push-ups did zachary do ?
zachary did number0 push-ups in gym class today . david did number1 more push-ups than zachary . john did number2 push-ups less than david . how many push-ups did david do ?,19 39 13,+ number0 number1,58.0,"[1, 2, 3, 5, 10, 11, 12, 13, 18, 19, 20, 28, 29, 30]",zachary did number0 push-ups in gym class today . david did number1 more push-ups than zachary . john did number2 push-ups less than david .,how many push-ups did david do ?
zachary did number0 push-ups in gym class today . david did number1 more push-ups than zachary . john did number2 push-ups less than david . how many push-ups did john do ?,51 22 4,- + number0 number1 number2,69.0,"[1, 2, 3, 5, 10, 11, 12, 13, 18, 19, 20, 28, 29, 30]",zachary did number0 push-ups in gym class today . david did number1 more push-ups than zachary . john did number2 push-ups less than david .,how many push-ups did john do ?
zachary did number0 push-ups in gym class today . david did number1 more push-ups than zachary . john did number2 push-ups less than david . how many more push-ups did zachary do than john ?,15 39 9,- number1 number2,30.0,"[32, 1, 2, 3, 33, 6, 10, 11, 12, 13, 18, 19, 20, 31]",zachary did number0 push-ups in gym class today . david did number1 more push-ups than zachary . john did number2 push-ups less than david .,how many more push-ups did zachary do than john ?
david did number0 more push-ups than zachary in gym class today . if david did number1 push-ups how many push-ups did zachary do ?,30 37,- number1 number0,7.0,"[1, 2, 3, 4, 6, 10, 14, 15, 16, 20, 21, 22]",david did number0 more push-ups than zachary in gym class today . if david did number1 push-ups,how many push-ups did zachary do ?
david did number0 more push-ups than zachary in gym class today . if david did number1 push-ups how many push-ups did zachary and david do altogether ?,56 38,- + number1 number1 number0,20.0,"[1, 2, 3, 4, 6, 12, 14, 15, 16, 23, 24, 25]",david did number0 more push-ups than zachary in gym class today . if david did number1 push-ups,how many push-ups did zachary and david do altogether ?
david did number0 more push-ups but number1 less crunches than zachary in gym class today . if zachary did number2 push-ups and number3 crunches how many crunches did david do ?,40 17 34 62,- number3 number1,45.0,"[1, 2, 3, 4, 5, 6, 7, 8, 9, 13, 18, 19, 20, 21, 22, 23, 27, 28, 29]",david did number0 more push-ups but number1 less crunches than zachary in gym class today . if zachary did number2 push-ups and number3 crunches,how many crunches did david do ?
david did number0 more push-ups but number1 less crunches than zachary in gym class today . if zachary did number2 push-ups and number3 crunches how many more push-ups than crunches did zachary do ?,36 33 58 33,- number2 number1,25.0,"[32, 1, 2, 3, 4, 5, 6, 7, 8, 9, 10, 16, 18, 19, 20, 21, 22, 23, 30, 31]",david did number0 more push-ups but number1 less crunches than zachary in gym class today . if zachary did number2 push-ups and number3 crunches,how many more push-ups than crunches did zachary do ?
david did number0 more push-ups but number1 less crunches than zachary in gym class today . if zachary did number2 push-ups and number3 crunches how many more crunches than push-ups did zachary do ?,27 7 5 17,- number3 number2,12.0,"[32, 1, 2, 3, 4, 5, 6, 7, 8, 9, 10, 16, 18, 19, 20, 21, 22, 23, 30, 31]",david did number0 more push-ups but number1 less crunches than zachary in gym class today . if zachary did number2 push-ups and number3 crunches,how many more crunches than push-ups did zachary do ?
julia played tag with number0 kids on monday . she played tag with number1 kids on tuesday . how many more kids did she play with on monday than on tuesday ?,18 10,- number0 number1,8.0,"[1, 2, 3, 4, 5, 6, 12, 13, 14, 28, 29, 30]",julia played tag with number0 kids on monday . she played tag with number1 kids on tuesday .,how many more kids did she play with on monday than on tuesday ?
julia played tag with number0 kids on monday . she played tag with number1 kids on tuesday . how many more kids did she play with on tuesday than on monday ?,11 12,- number1 number0,1.0,"[1, 2, 3, 4, 5, 6, 12, 13, 14, 28, 29, 30]",julia played tag with number0 kids on monday . she played tag with number1 kids on tuesday .,how many more kids did she play with on tuesday than on monday ?
julia played tag with number0 kids on monday . she played tag with some more kids on tuesday . if she played with a total of number1 kids how many kids did she play with on tuesday ?,5 15,- number1 number0,10.0,"[34, 3, 4, 5, 35, 36, 10, 14, 25, 26, 27]",julia played tag with number0 kids on monday . she played tag with some more kids on tuesday . if she played with a total of number1 kids,how many kids did she play with on tuesday ?
julia played tag with some kids on monday . she played tag with number0 kids on tuesday . if she played with a total of number1 kids how many kids did she play with on monday ?,14 16,- number1 number0,2.0,"[33, 34, 35, 10, 12, 13, 14, 24, 25, 26]",julia played tag with some kids on monday . she played tag with number0 kids on tuesday . if she played with a total of number1 kids,how many kids did she play with on monday ?
julia played tag with number0 kids on monday . if she played tag with number1 more kids on monday than on tuesday how many kids did she play with on tuesday ?,16 12,- number0 number1,4.0,"[3, 4, 5, 6, 13, 14, 15, 16, 18, 28, 29, 30]",julia played tag with number0 kids on monday . if she played tag with number1 more kids on monday than on tuesday,how many kids did she play with on tuesday ?
julia played tag with number0 kids on tuesday . if she played tag with number1 more kids on monday than on tuesday how many kids did she play with on monday ?,14 8,+ number0 number1,22.0,"[3, 4, 5, 6, 13, 14, 15, 16, 18, 28, 29, 30]",julia played tag with number0 kids on tuesday . if she played tag with number1 more kids on monday than on tuesday,how many kids did she play with on monday ?
julia played tag with number0 kids on monday number1 kids on tuesday and number2 kids on wednesday . how many kids did she play with altogether ?,17 15 2,+ + number0 number1 number2,34.0,"[1, 3, 4, 5, 7, 8, 9, 12, 13, 14, 23, 24, 25]",julia played tag with number0 kids on monday number1 kids on tuesday and number2 kids on wednesday .,how many kids did she play with altogether ?
julia played tag with number0 kids on monday number1 kids on tuesday and number2 kids on wednesday . how many kids did she play with on monday and tuesday ?,15 18 97,+ number0 number1,33.0,"[1, 3, 4, 5, 7, 8, 9, 12, 13, 14, 26, 27, 28]",julia played tag with number0 kids on monday number1 kids on tuesday and number2 kids on wednesday .,how many kids did she play with on monday and tuesday ?
julia played tag with number0 kids on monday number1 kids on tuesday and number2 kids on wednesday . how many kids did she play with on monday and wednesday ?,5 9 15,+ number0 number2,20.0,"[1, 3, 4, 5, 7, 8, 9, 12, 13, 14, 26, 27, 28]",julia played tag with number0 kids on monday number1 kids on tuesday and number2 kids on wednesday .,how many kids did she play with on monday and wednesday ?
julia played tag with number0 kids on monday number1 kids on tuesday and number2 kids on wednesday . how many kids did she play with on tuesday and wednesday ?,2 14 16,+ number1 number2,30.0,"[1, 3, 4, 5, 7, 8, 9, 12, 13, 14, 26, 27, 28]",julia played tag with number0 kids on monday number1 kids on tuesday and number2 kids on wednesday .,how many kids did she play with on tuesday and wednesday ?
julia played tag with number0 kids on monday number1 kids on tuesday and number2 kids on wednesday . how many more kids did she play with on monday than on tuesday ?,9 7 96,- number0 number1,2.0,"[1, 2, 3, 4, 5, 6, 7, 8, 9, 12, 13, 14, 28, 29, 30]",julia played tag with number0 kids on monday number1 kids on tuesday and number2 kids on wednesday .,how many more kids did she play with on monday than on tuesday ?
julia played tag with number0 kids on monday number1 kids on tuesday and number2 kids on wednesday . how many more kids did she play with on monday than on wednesday ?,14 2 8,- number0 number2,6.0,"[1, 2, 3, 4, 5, 6, 7, 8, 9, 12, 13, 14, 28, 29, 30]",julia played tag with number0 kids on monday number1 kids on tuesday and number2 kids on wednesday .,how many more kids did she play with on monday than on wednesday ?
julia played tag with number0 kids on monday number1 kids on tuesday and number2 kids on wednesday . how many more kids did she play with on tuesday than on wednesday ?,8 11 9,- number1 number2,2.0,"[1, 2, 3, 4, 5, 6, 7, 8, 9, 12, 13, 14, 28, 29, 30]",julia played tag with number0 kids on monday number1 kids on tuesday and number2 kids on wednesday .,how many more kids did she play with on tuesday than on wednesday ?
julia played tag with number0 kids on monday number1 kids on tuesday and number2 kids on wednesday . how many more kids did she play with on monday and tuesday than on wednesday ?,15 18 7,- + number0 number1 number2,26.0,"[32, 1, 2, 3, 4, 5, 6, 7, 8, 9, 12, 13, 14, 30, 31]",julia played tag with number0 kids on monday number1 kids on tuesday and number2 kids on wednesday .,how many more kids did she play with on monday and tuesday than on wednesday ?
julia played tag with number0 kids on monday and number1 kids on tuesday . she played cards wtih number2 kids on wednesday . how many kids did she play with altogether ?,13 10 15,+ + number0 number1 number2,38.0,"[1, 3, 4, 5, 8, 9, 10, 17, 18, 19, 28, 29, 30]",julia played tag with number0 kids on monday and number1 kids on tuesday . she played cards wtih number2 kids on wednesday .,how many kids did she play with altogether ?
julia played tag with number0 kids on monday and number1 kids on tuesday . she played cards wtih number2 kids on wednesday . how many kids did she play tag with altogether ?,7 13 20,+ number0 number1,20.0,"[1, 3, 4, 5, 8, 9, 10, 17, 18, 19, 29, 30, 31]",julia played tag with number0 kids on monday and number1 kids on tuesday . she played cards wtih number2 kids on wednesday .,how many kids did she play tag with altogether ?
julia played tag with number0 kids on monday . she played tag with number1 kids on tuesday . she spent a total of number2 hours to play tag on both days . how many kids did she play with altogether ?,12 14 34,+ number0 number1,26.0,"[1, 3, 4, 5, 37, 38, 39, 12, 13, 14, 22, 23, 24]",julia played tag with number0 kids on monday . she played tag with number1 kids on tuesday . she spent a total of number2 hours to play tag on both days .,how many kids did she play with altogether ?
julia played tag with number0 kids on monday . she played tag with number1 kids on tuesday . she spent a total of number2 hours to play tag on both days . how many more kids did she play with on monday than on tuesday ?,19 18 38,- number0 number1,1.0,"[1, 2, 3, 4, 5, 6, 42, 43, 12, 13, 14, 44, 22, 23, 24]",julia played tag with number0 kids on monday . she played tag with number1 kids on tuesday . she spent a total of number2 hours to play tag on both days .,how many more kids did she play with on monday than on tuesday ?
julia played tag with number0 kids on tuesday . she had played tag with number1 kids on monday . how many more kids did she play with on monday than on tuesday ?,5 6,- number1 number0,1.0,"[1, 2, 3, 4, 5, 6, 13, 14, 15, 29, 30, 31]",julia played tag with number0 kids on tuesday . she had played tag with number1 kids on monday .,how many more kids did she play with on monday than on tuesday ?
julia played tag with a total of number0 kids . she played with number1 kids on monday and yet with some more kids on tuesday . how many kids did she play with on tuesday ?,18 4,- number0 number1,14.0,"[32, 1, 33, 34, 6, 7, 8, 11, 12, 13, 14]",julia played tag with a total of number0 kids . she played with number1 kids on monday and yet with some more kids on tuesday .,how many kids did she play with on tuesday ?
julia played tag with number0 kids on wednesday . she had played with number1 kids on monday and number2 kids on tuesday . how many more kids did she play with on monday than on wednesday ?,4 6 17,- number1 number0,2.0,"[1, 2, 3, 4, 5, 6, 33, 34, 35, 12, 13, 14, 17, 18, 19]",julia played tag with number0 kids on wednesday . she had played with number1 kids on monday and number2 kids on tuesday .,how many more kids did she play with on monday than on wednesday ?
jack received number0 emails in the morning and number1 emails in the afternoon . how many more emails did jack receive in the morning than in the afternoon ?,6 2,- number0 number1,4.0,"[1, 2, 3, 6, 7, 8, 9, 25, 26, 27]",jack received number0 emails in the morning and number1 emails in the afternoon .,how many more emails did jack receive in the morning than in the afternoon ?
jack received number0 emails in the morning and number1 emails in the afternoon . how many more emails did jack receive in the afternoon than in the morning ?,6 8,- number1 number0,2.0,"[1, 2, 3, 6, 7, 8, 9, 25, 26, 27]",jack received number0 emails in the morning and number1 emails in the afternoon .,how many more emails did jack receive in the afternoon than in the morning ?
jack received number0 emails in the morning and some more in the afternoon . if he received a total of number1 emails in the day how many emails did jack receive in the afternoon ?,4 5,- number1 number0,1.0,"[32, 1, 2, 3, 33, 12, 16, 19, 20, 21, 31]",jack received number0 emails in the morning and some more in the afternoon . if he received a total of number1 emails in the day,how many emails did jack receive in the afternoon ?
jack received number0 emails in the morning number1 emails in the afternoon and number2 emails in the evening . how many emails did jack receive in the day ?,6 3 5,+ + number0 number1 number2,14.0,"[1, 2, 3, 5, 6, 7, 8, 12, 13, 14, 25, 26, 27]",jack received number0 emails in the morning number1 emails in the afternoon and number2 emails in the evening .,how many emails did jack receive in the day ?
jack received number0 emails in the morning number1 emails in the afternoon and number2 emails in the evening . how many emails did jack receive in the morning and afternoon ?,5 8 72,+ number0 number1,13.0,"[1, 2, 3, 5, 6, 7, 8, 12, 13, 14, 27, 28, 29]",jack received number0 emails in the morning number1 emails in the afternoon and number2 emails in the evening .,how many emails did jack receive in the morning and afternoon ?
jack received number0 emails in the morning number1 emails in the afternoon and number2 emails in the evening . how many emails did jack receive in the afternoon and evening ?,4 5 8,+ number1 number2,13.0,"[1, 2, 3, 5, 6, 7, 8, 12, 13, 14, 27, 28, 29]",jack received number0 emails in the morning number1 emails in the afternoon and number2 emails in the evening .,how many emails did jack receive in the afternoon and evening ?
jack received number0 emails in the morning number1 emails in the afternoon and number2 emails in the evening . how many emails did jack receive in the morning and evening ?,3 4 8,+ number0 number2,11.0,"[1, 2, 3, 5, 6, 7, 8, 12, 13, 14, 27, 28, 29]",jack received number0 emails in the morning number1 emails in the afternoon and number2 emails in the evening .,how many emails did jack receive in the morning and evening ?
jack received number0 emails in the morning number1 emails in the afternoon and number2 emails in the evening . how many more emails did jack receive in the morning than in the afternoon ?,10 7 17,- number0 number1,3.0,"[32, 1, 2, 3, 6, 7, 8, 12, 13, 14, 30, 31]",jack received number0 emails in the morning number1 emails in the afternoon and number2 emails in the evening .,how many more emails did jack receive in the morning than in the afternoon ?
jack received number0 emails in the morning number1 emails in the afternoon and number2 emails in the evening . how many more emails did jack receive in the morning than in the evening ?,9 10 7,- number0 number2,2.0,"[32, 1, 2, 3, 6, 7, 8, 12, 13, 14, 30, 31]",jack received number0 emails in the morning number1 emails in the afternoon and number2 emails in the evening .,how many more emails did jack receive in the morning than in the evening ?
jack received number0 emails in the morning number1 emails in the afternoon and number2 emails in the evening . how many more emails did jack receive in the afternoon than in the evening ?,10 5 4,- number1 number2,1.0,"[32, 1, 2, 3, 6, 7, 8, 12, 13, 14, 30, 31]",jack received number0 emails in the morning number1 emails in the afternoon and number2 emails in the evening .,how many more emails did jack receive in the afternoon than in the evening ?
jack received number0 emails in the morning number1 emails in the afternoon and some more in the evening . if he received a total of number2 emails in the day how many emails did jack receive in the afternoon ?,6 3 10,- number2 + number0 number1,1.0,"[1, 2, 3, 36, 37, 6, 7, 8, 38, 12, 16, 24, 25, 26]",jack received number0 emails in the morning number1 emails in the afternoon and some more in the evening . if he received a total of number2 emails in the day,how many emails did jack receive in the afternoon ?
jack received number0 emails and number1 letters in the morning . he then received number2 emails and number3 letters in the afternoon . how many emails did jack receive in the day ?,3 64 5 54,+ number0 number2,8.0,"[1, 2, 3, 4, 5, 6, 13, 14, 15, 16, 17, 18, 29, 30, 31]",jack received number0 emails and number1 letters in the morning . he then received number2 emails and number3 letters in the afternoon .,how many emails did jack receive in the day ?
jack received number0 emails and number1 letters in the morning . he then received number2 emails and number3 letters in the afternoon . how many letters did jack receive in the day ?,5 6 9 7,+ number1 number3,13.0,"[1, 2, 3, 4, 5, 6, 13, 14, 15, 16, 17, 18, 29, 30, 31]",jack received number0 emails and number1 letters in the morning . he then received number2 emails and number3 letters in the afternoon .,how many letters did jack receive in the day ?
jack received number0 emails and number1 letters in the morning . he then received number2 emails and number3 letters in the afternoon . how many more emails did jack receive in the morning than in the afternoon ?,10 12 3 44,- number0 number2,7.0,"[1, 2, 3, 4, 5, 6, 34, 35, 36, 13, 14, 15, 16, 17, 18]",jack received number0 emails and number1 letters in the morning . he then received number2 emails and number3 letters in the afternoon .,how many more emails did jack receive in the morning than in the afternoon ?
jack received number0 emails and number1 letters in the morning . he then received number2 emails and number3 letters in the afternoon . how many more letters did jack receive in the morning than in the afternoon ?,6 8 2 7,- number1 number3,1.0,"[1, 2, 3, 4, 5, 6, 34, 35, 36, 13, 14, 15, 16, 17, 18]",jack received number0 emails and number1 letters in the morning . he then received number2 emails and number3 letters in the afternoon .,how many more letters did jack receive in the morning than in the afternoon ?
jack received number0 emails and sent number1 letters in the morning . he then received number2 emails and sent number3 letters in the afternoon . how many emails did jack receive in the day ?,6 91 2 74,+ number0 number2,8.0,"[32, 1, 2, 3, 33, 5, 6, 7, 14, 15, 16, 18, 19, 20, 31]",jack received number0 emails and sent number1 letters in the morning . he then received number2 emails and sent number3 letters in the afternoon .,how many emails did jack receive in the day ?
jack received number0 emails and sent number1 letters in the morning . he then received number2 emails and sent number3 letters in the afternoon . how many emails did jack send in the day ?,4 2 6 8,+ number1 number3,10.0,"[32, 1, 2, 3, 33, 5, 6, 7, 14, 15, 16, 18, 19, 20, 31]",jack received number0 emails and sent number1 letters in the morning . he then received number2 emails and sent number3 letters in the afternoon .,how many emails did jack send in the day ?
jack received a total of number0 emails in the day . if he received number1 emails in the morning and some more in the afternoon how many emails did jack receive in the afternoon ?,9 7,- number0 number1,2.0,"[32, 33, 2, 4, 5, 6, 13, 14, 15, 19, 31]",jack received a total of number0 emails in the day . if he received number1 emails in the morning and some more in the afternoon,how many emails did jack receive in the afternoon ?
jack received number0 emails in the afternoon number1 emails in the morning and number2 emails in the evening . how many more emails did jack receive in the morning than in the afternoon ?,3 5 16,- number1 number0,2.0,"[32, 1, 2, 3, 6, 7, 8, 12, 13, 14, 30, 31]",jack received number0 emails in the afternoon number1 emails in the morning and number2 emails in the evening .,how many more emails did jack receive in the morning than in the afternoon ?
jack received number0 emails in the afternoon number1 emails in the morning and some more in the evening . if he received a total of number2 emails in the day how many emails did jack receive in the afternoon ?,3 6 10,- number2 + number1 number0,1.0,"[1, 2, 3, 36, 37, 6, 7, 8, 38, 12, 16, 24, 25, 26]",jack received number0 emails in the afternoon number1 emails in the morning and some more in the evening . if he received a total of number2 emails in the day,how many emails did jack receive in the afternoon ?
ed had number0 more marbles than doug . doug lost some of his marbles at the playground . now ed has number1 more marbles than doug . how many marbles did doug lose ?,2 19,- number1 number0,17.0,"[32, 1, 2, 3, 4, 5, 20, 21, 22, 23, 30, 31]",ed had number0 more marbles than doug . doug lost some of his marbles at the playground . now ed has number1 more marbles than doug .,how many marbles did doug lose ?
ed had number0 more marbles than doug . doug lost number1 of his marbles at the playground . if ed had number2 marbles how many more marbles did ed have than doug then ?,10 11 45,+ number0 number1,21.0,"[32, 1, 2, 3, 4, 6, 7, 9, 10, 11, 20, 21, 22, 30, 31]",ed had number0 more marbles than doug . doug lost number1 of his marbles at the playground . if ed had number2 marbles,how many more marbles did ed have than doug then ?
ed had number0 more marbles than doug . doug lost number1 of his marbles at the playground . if ed had number2 marbles how many marbles does doug have now ?,6 7 22,- - number2 number0 number1,9.0,"[1, 2, 3, 4, 6, 9, 10, 11, 20, 21, 22, 27, 28, 29]",ed had number0 more marbles than doug . doug lost number1 of his marbles at the playground . if ed had number2 marbles,how many marbles does doug have now ?
ed had number0 more marbles than doug . doug lost number1 of his marbles at the playground . if ed had number2 marbles how many marbles did doug have initially ?,5 3 27,- number2 number0,22.0,"[1, 2, 3, 4, 6, 9, 10, 11, 20, 21, 22, 27, 28, 29]",ed had number0 more marbles than doug . doug lost number1 of his marbles at the playground . if ed had number2 marbles,how many marbles did doug have initially ?
ed had number0 more marbles than doug . doug lost number1 of his marbles at the playground while ed found number2 more marbles . how many more marbles did ed have than doug then ?,24 27 9,+ + number0 number1 number2,60.0,"[32, 1, 2, 3, 4, 33, 6, 9, 10, 11, 13, 19, 20, 21, 22, 31]",ed had number0 more marbles than doug . doug lost number1 of his marbles at the playground while ed found number2 more marbles .,how many more marbles did ed have than doug then ?
ed had number0 more marbles than doug . ed lost number1 of his marbles at the playground . how many more marbles did ed have than doug then ?,29 17,- number0 number1,12.0,"[1, 2, 3, 4, 6, 9, 10, 11, 25, 26, 27]",ed had number0 more marbles than doug . ed lost number1 of his marbles at the playground .,how many more marbles did ed have than doug then ?
ed had number0 more marbles than doug . ed lost some of his marbles at the playground . now ed has number1 more marbles than doug . how many marbles did ed lose ?,19 8,- number0 number1,11.0,"[32, 1, 2, 3, 4, 5, 20, 21, 22, 23, 30, 31]",ed had number0 more marbles than doug . ed lost some of his marbles at the playground . now ed has number1 more marbles than doug .,how many marbles did ed lose ?
ed had number0 more marbles than doug . ed lost number1 of his marbles at the playground . if ed had number2 marbles how many more marbles did ed have than doug then ?,30 21 91,- number0 number1,9.0,"[32, 1, 2, 3, 4, 6, 7, 9, 10, 11, 20, 21, 22, 30, 31]",ed had number0 more marbles than doug . ed lost number1 of his marbles at the playground . if ed had number2 marbles,how many more marbles did ed have than doug then ?
ed had number0 more marbles than doug . ed lost number1 of his marbles at the playground . if ed had number2 marbles how many marbles does doug have now ?,12 20 17,- number2 number0,5.0,"[1, 2, 3, 4, 6, 9, 10, 11, 20, 21, 22, 27, 28, 29]",ed had number0 more marbles than doug . ed lost number1 of his marbles at the playground . if ed had number2 marbles,how many marbles does doug have now ?
jerry had number0 action figures on a shelf in his room . later he added some more action figures to the shelf . if there are a total of number1 action figures on his shelf now how many action figures did he add to the shelf ?,4 8,- number1 number0,4.0,"[1, 2, 3, 4, 43, 44, 45, 14, 19, 28, 29, 30]",jerry had number0 action figures on a shelf in his room . later he added some more action figures to the shelf . if there are a total of number1 action figures on his shelf now,how many action figures did he add to the shelf ?
jerry had some action figures on a shelf in his room . later he added number0 more action figures to the shelf . if there are a total of number1 action figures on his shelf now how many action figures did he have initially on the shelf ?,7 10,- number1 number0,3.0,"[1, 2, 4, 44, 45, 14, 15, 16, 46, 18, 19, 28, 29, 30]",jerry had some action figures on a shelf in his room . later he added number0 more action figures to the shelf . if there are a total of number1 action figures on his shelf now,how many action figures did he have initially on the shelf ?
jerry had number0 action figures and number1 books on a shelf in his room . later he added number2 more action figures to the shelf . how many action figures were on his shelf in all ?,4 22 6,+ number0 number2,10.0,"[1, 2, 3, 4, 5, 6, 7, 33, 34, 35, 17, 18, 19, 21]",jerry had number0 action figures and number1 books on a shelf in his room . later he added number2 more action figures to the shelf .,how many action figures were on his shelf in all ?
jerry had number0 action figures and number1 books on a shelf in his room . later he added number2 more action figures to the shelf . how many more action figures than books were on his shelf ?,5 9 7,- + number0 number2 number1,3.0,"[1, 2, 3, 4, 5, 6, 7, 34, 35, 10, 36, 17, 18, 19, 21]",jerry had number0 action figures and number1 books on a shelf in his room . later he added number2 more action figures to the shelf .,how many more action figures than books were on his shelf ?
jerry had number0 action figures and number1 books on a shelf in his room . later he added number2 more action figures to the shelf . how many more books than action figures were on his shelf ?,2 10 4,- number1 + number0 number2,4.0,"[1, 2, 3, 4, 5, 6, 7, 34, 35, 10, 36, 17, 18, 19, 21]",jerry had number0 action figures and number1 books on a shelf in his room . later he added number2 more action figures to the shelf .,how many more books than action figures were on his shelf ?
jerry had number0 action figures and number1 books on a shelf in his room . later he added number2 more books to the shelf . how many books were on his shelf in all ?,8 9 10,+ number1 number2,19.0,"[32, 1, 2, 3, 4, 5, 6, 7, 33, 17, 18, 19, 20, 31]",jerry had number0 action figures and number1 books on a shelf in his room . later he added number2 more books to the shelf .,how many books were on his shelf in all ?
jerry had number0 action figures and number1 books on a shelf in his room . later he added number2 more books to the shelf . how many more action figures than books were on his shelf ?,7 2 4,- number0 + number1 number2,1.0,"[1, 2, 3, 4, 5, 6, 7, 33, 34, 10, 35, 17, 18, 19, 20]",jerry had number0 action figures and number1 books on a shelf in his room . later he added number2 more books to the shelf .,how many more action figures than books were on his shelf ?
jerry had number0 action figures and number1 books on a shelf in his room . later he added number2 more books to the shelf . how many more books than action figures were on his shelf ?,5 2 9,- + number1 number2 number0,6.0,"[1, 2, 3, 4, 5, 6, 7, 33, 34, 10, 35, 17, 18, 19, 20]",jerry had number0 action figures and number1 books on a shelf in his room . later he added number2 more books to the shelf .,how many more books than action figures were on his shelf ?
jerry had number0 action figures on a shelf in his room . later he added number1 more action figures to the shelf and removed number2 old ones . how many action figures were on his shelf in all ?,8 4 5,- + number0 number1 number2,7.0,"[1, 2, 3, 4, 35, 36, 7, 37, 11, 13, 14, 15, 16, 18, 23, 24, 25, 26]",jerry had number0 action figures on a shelf in his room . later he added number1 more action figures to the shelf and removed number2 old ones .,how many action figures were on his shelf in all ?
jerry had number0 action figures on a shelf in his room . later he added number1 more action figures to the shelf and removed some of the old ones . if there are number2 action figures on his shelf now how many action figures did he remove from the shelf ?,3 4 6,- + number0 number1 number2,1.0,"[32, 1, 2, 3, 4, 33, 34, 35, 11, 14, 15, 16, 47, 18, 48, 49]",jerry had number0 action figures on a shelf in his room . later he added number1 more action figures to the shelf and removed some of the old ones . if there are number2 action figures on his shelf now,how many action figures did he remove from the shelf ?
jerry had number0 action figures on a shelf in his room . later he added some more action figures to the shelf and removed number1 of the old ones . if there are number2 action figures on his shelf now how many action figures did he add to the shelf ?,7 10 8,- + number2 number1 number0,11.0,"[32, 1, 2, 3, 4, 33, 34, 35, 11, 47, 16, 48, 49, 23, 24, 25]",jerry had number0 action figures on a shelf in his room . later he added some more action figures to the shelf and removed number1 of the old ones . if there are number2 action figures on his shelf now,how many action figures did he add to the shelf ?
jerry had some action figures on a shelf in his room . later he added number0 more action figures to the shelf and removed number1 of the old ones . if there are number2 action figures on his shelf now how many action figures did he have initially on the shelf ?,2 7 10,- + number2 number1 number0,15.0,"[32, 33, 34, 35, 1, 4, 2, 11, 14, 15, 16, 48, 18, 49, 50, 23, 24, 25]",jerry had some action figures on a shelf in his room . later he added number0 more action figures to the shelf and removed number1 of the old ones . if there are number2 action figures on his shelf now,how many action figures did he have initially on the shelf ?
jerry had number0 action figures on a shelf in his room . later he added number1 more action figures to the shelf . if he also has number2 books on the shelf how many more action figures than books were on his shelf ?,9 7 10,- + number0 number1 number2,6.0,"[1, 2, 3, 4, 40, 41, 10, 11, 42, 14, 15, 16, 18, 19, 26, 27, 28]",jerry had number0 action figures on a shelf in his room . later he added number1 more action figures to the shelf . if he also has number2 books on the shelf,how many more action figures than books were on his shelf ?
jerry had number0 books and number1 action figures on a shelf in his room . later he added number2 more action figures to the shelf . how many more action figures than books were on his shelf ?,3 4 2,- + number1 number2 number0,3.0,"[1, 2, 3, 4, 5, 6, 7, 34, 35, 10, 36, 17, 18, 19, 21]",jerry had number0 books and number1 action figures on a shelf in his room . later he added number2 more action figures to the shelf .,how many more action figures than books were on his shelf ?
jerry had number0 books and number1 action figures on a shelf in his room . later he added number2 more action figures to the shelf . how many more books than action figures were on his shelf ?,7 3 2,- number0 + number1 number2,2.0,"[1, 2, 3, 4, 5, 6, 34, 35, 36, 10, 17, 18, 19, 21]",jerry had number0 books and number1 action figures on a shelf in his room . later he added number2 more action figures to the shelf .,how many more books than action figures were on his shelf ?
allan brought number0 balloons and jake brought number1 balloons to the park . how many more balloons did allan have than jake in the park ?,5 3,- number0 number1,2.0,"[1, 2, 3, 6, 7, 8, 22, 23, 24]",allan brought number0 balloons and jake brought number1 balloons to the park .,how many more balloons did allan have than jake in the park ?
allan brought number0 balloons and jake brought number1 balloons to the park . how many more balloons did jake have than allan in the park ?,2 3,- number1 number0,1.0,"[1, 2, 3, 6, 7, 8, 22, 23, 24]",allan brought number0 balloons and jake brought number1 balloons to the park .,how many more balloons did jake have than allan in the park ?
allan and jake brought number0 balloons to the park . if allan brought number1 balloons how many balloons did jake bring to the park ?,3 2,- number0 number1,1.0,"[2, 3, 4, 5, 6, 10, 12, 13, 14, 21, 22, 23]",allan and jake brought number0 balloons to the park . if allan brought number1 balloons,how many balloons did jake bring to the park ?
jake brought number0 balloons to the park . if jake brought number1 more balloons than the number of balloons that allan brought how many balloons did allan bring to the park ?,6 4,- number0 number1,2.0,"[1, 2, 3, 4, 10, 11, 12, 13, 15, 19, 28, 29, 30]",jake brought number0 balloons to the park . if jake brought number1 more balloons than the number of balloons that allan brought,how many balloons did allan bring to the park ?
allan brought number0 balloons to the park . if jake brought number1 more balloons than the number of balloons that allan brought how many balloons did jake bring to the park ?,5 6,+ number0 number1,11.0,"[1, 2, 3, 4, 10, 11, 12, 13, 15, 19, 28, 29, 30]",allan brought number0 balloons to the park . if jake brought number1 more balloons than the number of balloons that allan brought,how many balloons did jake bring to the park ?
allan brought number0 balloons and jake brought number1 balloons to the park . allan then bought number2 more balloons at the park . how many balloons did allan and jake have in the park ?,3 5 2,+ + number0 number1 number2,10.0,"[32, 1, 2, 3, 4, 33, 6, 7, 8, 15, 16, 17, 18, 31]",allan brought number0 balloons and jake brought number1 balloons to the park . allan then bought number2 more balloons at the park .,how many balloons did allan and jake have in the park ?
allan brought number0 balloons and jake brought number1 balloons to the park . allan then bought number2 more balloons at the park . how many more balloons did allan have than jake in the park ?,2 4 3,- + number0 number2 number1,1.0,"[32, 1, 2, 3, 4, 33, 6, 7, 8, 34, 15, 16, 17, 18]",allan brought number0 balloons and jake brought number1 balloons to the park . allan then bought number2 more balloons at the park .,how many more balloons did allan have than jake in the park ?
allan brought number0 balloons and jake brought number1 balloons to the park . allan then bought number2 more balloons at the park . how many more balloons did jake have than allan in the park ?,2 6 3,- number1 + number0 number2,1.0,"[32, 1, 2, 3, 4, 33, 6, 7, 8, 34, 15, 16, 17, 18]",allan brought number0 balloons and jake brought number1 balloons to the park . allan then bought number2 more balloons at the park .,how many more balloons did jake have than allan in the park ?
allan brought number0 balloons and jake brought number1 balloons to the park . allan then bought number2 more balloons at the park . how many balloons did allan bring to the park ?,5 4 3,+ number0 number2,8.0,"[1, 2, 3, 4, 5, 6, 7, 8, 15, 16, 17, 18, 29, 30, 31]",allan brought number0 balloons and jake brought number1 balloons to the park . allan then bought number2 more balloons at the park .,how many balloons did allan bring to the park ?
allan brought number0 balloons and jake brought number1 balloons to the park . jake then bought number2 more balloons at the park . how many more balloons did allan have than jake in the park ?,6 2 3,- number0 + number1 number2,1.0,"[32, 1, 2, 3, 4, 33, 6, 7, 8, 34, 15, 16, 17, 18]",allan brought number0 balloons and jake brought number1 balloons to the park . jake then bought number2 more balloons at the park .,how many more balloons did allan have than jake in the park ?
allan brought number0 balloons and jake brought number1 balloons to the park . jake then bought number2 more balloons at the park . how many more balloons did jake have than allan in the park ?,6 3 4,- + number1 number2 number0,1.0,"[32, 1, 2, 3, 4, 33, 6, 7, 8, 34, 15, 16, 17, 18]",allan brought number0 balloons and jake brought number1 balloons to the park . jake then bought number2 more balloons at the park .,how many more balloons did jake have than allan in the park ?
allan brought number0 balloons and jake brought number1 balloons to the park . jake then bought number2 more balloons at the park . how many balloons did jake bring to the park ?,5 6 3,+ number1 number2,9.0,"[1, 2, 3, 4, 5, 6, 7, 8, 15, 16, 17, 18, 29, 30, 31]",allan brought number0 balloons and jake brought number1 balloons to the park . jake then bought number2 more balloons at the park .,how many balloons did jake bring to the park ?
allan brought number0 balloons and number1 balls while jake brought number2 balloons and number3 balls to the park . how many balloons did allan and jake have in the park ?,3 20 5 59,+ number0 number2,8.0,"[1, 2, 3, 4, 5, 6, 7, 9, 10, 11, 12, 13, 14, 27, 28, 29]",allan brought number0 balloons and number1 balls while jake brought number2 balloons and number3 balls to the park .,how many balloons did allan and jake have in the park ?
allan brought number0 balloons and number1 balls while jake brought number2 balloons and number3 balls to the park . how many balls did allan and jake have in the park ?,7 5 6 4,+ number1 number3,9.0,"[1, 2, 3, 4, 5, 6, 7, 9, 10, 11, 12, 13, 14, 27, 28, 29]",allan brought number0 balloons and number1 balls while jake brought number2 balloons and number3 balls to the park .,how many balls did allan and jake have in the park ?
allan brought number0 balloons . if allan and jake brought total of number1 balloons to the park how many balloons did jake bring to the park ?,5 6,- number1 number0,1.0,"[1, 2, 3, 11, 12, 13, 18, 22, 23, 24, 25]",allan brought number0 balloons . if allan and jake brought total of number1 balloons to the park,how many balloons did jake bring to the park ?
allan brought number0 balloons to the park and then bought number1 more balloons there . if jake brought number2 balloons to the park how many more balloons did jake have than allan in the park ?,2 3 6,- number2 + number0 number1,1.0,"[32, 1, 2, 3, 33, 34, 9, 10, 11, 12, 14, 17, 18, 19]",allan brought number0 balloons to the park and then bought number1 more balloons there . if jake brought number2 balloons to the park,how many more balloons did jake have than allan in the park ?
adam has number0 more apples than jackie . adam has number1 apples . how many apples does jackie have ?,3 9,- number1 number0,6.0,"[1, 2, 3, 4, 5, 9, 10, 11, 16, 17, 18]",adam has number0 more apples than jackie . adam has number1 apples .,how many apples does jackie have ?
adam has number0 apples . jackie has number1 apples . how many more apples does adam have than jackie ?,10 2,- number0 number1,8.0,"[1, 2, 3, 6, 7, 8, 16, 17, 18]",adam has number0 apples . jackie has number1 apples .,how many more apples does adam have than jackie ?
adam has number0 apples . jackie has number1 apples . how many more apples does jackie have than adam ?,9 10,- number1 number0,1.0,"[1, 2, 3, 6, 7, 8, 16, 17, 18]",adam has number0 apples . jackie has number1 apples .,how many more apples does jackie have than adam ?
jackie has number0 apples . adam has number1 apples . how many more apples does jackie have than adam ?,10 8,- number0 number1,2.0,"[1, 2, 3, 6, 7, 8, 16, 17, 18]",jackie has number0 apples . adam has number1 apples .,how many more apples does jackie have than adam ?
together adam and jackie have number0 apples . has number1 apples more than adam and jackie together do . how many apples does have ?,6 4,+ number0 number1,10.0,"[0, 1, 4, 5, 6, 8, 9, 10, 21, 22, 23]",together adam and jackie have number0 apples . has number1 apples more than adam and jackie together do .,how many apples does have ?
has number0 apples more than adam and jackie together do . adam and jackie have number1 apples between them . how many apples does have ?,9 7,+ number1 number0,16.0,"[0, 1, 2, 3, 4, 14, 15, 16, 22, 23, 24]",has number0 apples more than adam and jackie together do . adam and jackie have number1 apples between them .,how many apples does have ?
together adam and jackie have number0 apples . has number1 apples more than adam and jackie together do . adam has number2 more apples than jackie . how many apples does have ?,12 9 8,+ number0 number1,21.0,"[1, 3, 4, 5, 6, 8, 9, 10, 20, 21, 22, 23, 29, 30, 31]",together adam and jackie have number0 apples . has number1 apples more than adam and jackie together do . adam has number2 more apples than jackie .,how many apples does have ?
adam has number0 more apples than jackie . jackie has number1 apples . together adam and jackie have number2 apples . has number3 apples more than adam and jackie together do . how many apples does adam have ?,4 10 2 6,+ number2 number3,8.0,"[0, 1, 2, 3, 4, 5, 35, 36, 37, 9, 10, 11, 17, 18, 19, 21, 22, 23]",adam has number0 more apples than jackie . jackie has number1 apples . together adam and jackie have number2 apples . has number3 apples more than adam and jackie together do .,how many apples does adam have ?
adam has number0 more apples than jackie . jackie has number1 oranges and number2 apples . how many apples does adam have ?,5 89 11,+ number0 number2,16.0,"[1, 2, 3, 4, 5, 9, 10, 11, 12, 13, 14, 19, 20, 21]",adam has number0 more apples than jackie . jackie has number1 oranges and number2 apples .,how many apples does adam have ?
helen the hippo and her friends are preparing for thanksgiving at helen 's house . helen baked number0 cookies yesterday number1 cookies this morning and number2 cookies the day before yesterday . how many cookies did helen bake till last night ?,31 270 419,+ number0 number2,450.0,"[1, 5, 38, 39, 40, 16, 17, 18, 19, 20, 21, 24, 25, 26]",helen the hippo and her friends are preparing for thanksgiving at helen 's house . helen baked number0 cookies yesterday number1 cookies this morning and number2 cookies the day before yesterday .,how many cookies did helen bake till last night ?
helen the hippo and her friends are preparing for thanksgiving at helen 's house . helen baked number0 chocolate chip cookies yesterday and number1 raisin cookies and number2 chocolate chip cookies this morning . how many chocolate chip cookies did helen bake ?,90 51 484,+ number0 number2,574.0,"[1, 7, 39, 40, 41, 16, 17, 18, 20, 22, 23, 24, 25, 26, 27, 28, 30]",helen the hippo and her friends are preparing for thanksgiving at helen 's house . helen baked number0 chocolate chip cookies yesterday and number1 raisin cookies and number2 chocolate chip cookies this morning .,how many chocolate chip cookies did helen bake ?
helen the hippo and her friends are preparing for thanksgiving at helen 's house . helen baked number0 chocolate chip cookies and number1 raisin cookies yesterday . and she baked number2 raisin cookies and number3 chocolate chip cookies this morning . how many chocolate chip cookies did helen bake ?,527 86 86 554,+ number0 number3,1081.0,"[1, 2, 7, 16, 17, 18, 20, 21, 22, 23, 24, 29, 30, 31, 32, 33, 34, 35, 37, 46, 47, 48]",helen the hippo and her friends are preparing for thanksgiving at helen 's house . helen baked number0 chocolate chip cookies and number1 raisin cookies yesterday . and she baked number2 raisin cookies and number3 chocolate chip cookies this morning .,how many chocolate chip cookies did helen bake ?
helen the hippo and her friends are preparing for thanksgiving at helen 's house . helen baked number0 chocolate chip cookies and number1 raisin cookies yesterday . and she baked number2 raisin cookies and number3 chocolate chip cookies this morning . how many raisin cookies did helen bake ?,144 397 85 403,+ number1 number2,482.0,"[1, 2, 6, 16, 17, 18, 20, 21, 22, 23, 24, 29, 30, 31, 32, 33, 34, 35, 37, 45, 46, 47]",helen the hippo and her friends are preparing for thanksgiving at helen 's house . helen baked number0 chocolate chip cookies and number1 raisin cookies yesterday . and she baked number2 raisin cookies and number3 chocolate chip cookies this morning .,how many raisin cookies did helen bake ?
helen the hippo and her friends are preparing for thanksgiving at helen 's house . helen baked number0 chocolate chip cookies yesterday and number1 raisin cookies and number2 chocolate chip cookies this morning . how many more chocolate chip cookies than raisin cakes did helen bake ?,19 231 237,- + number0 number2 number1,25.0,"[1, 2, 11, 43, 44, 45, 16, 17, 18, 20, 22, 23, 24, 25, 26, 27, 28, 30]",helen the hippo and her friends are preparing for thanksgiving at helen 's house . helen baked number0 chocolate chip cookies yesterday and number1 raisin cookies and number2 chocolate chip cookies this morning .,how many more chocolate chip cookies than raisin cakes did helen bake ?
helen the hippo and her friends are preparing for thanksgiving at helen 's house . helen baked number0 chocolate chip cookies and number1 raisin cookies yesterday . and she baked number2 raisin cookies and number3 chocolate chip cookies this morning . how many more chocolate chip cookies did helen bake yesterday compared to today ?,197 46 75 66,- number0 number3,131.0,"[1, 2, 8, 16, 17, 18, 20, 21, 22, 23, 24, 29, 30, 31, 32, 33, 34, 35, 37, 51, 52, 53]",helen the hippo and her friends are preparing for thanksgiving at helen 's house . helen baked number0 chocolate chip cookies and number1 raisin cookies yesterday . and she baked number2 raisin cookies and number3 chocolate chip cookies this morning .,how many more chocolate chip cookies did helen bake yesterday compared to today ?
helen the hippo and her friends are preparing for thanksgiving at helen 's house . helen baked number0 chocolate chip cookies and number1 raisin cookies yesterday . and she baked number2 raisin cookies and number3 chocolate chip cookies this morning . how many more raisin cookies did helen bake yesterday compared to today ?,519 300 280 359,- number1 number2,20.0,"[1, 2, 7, 16, 17, 18, 20, 21, 22, 23, 24, 29, 30, 31, 32, 33, 34, 35, 37, 50, 51, 52]",helen the hippo and her friends are preparing for thanksgiving at helen 's house . helen baked number0 chocolate chip cookies and number1 raisin cookies yesterday . and she baked number2 raisin cookies and number3 chocolate chip cookies this morning .,how many more raisin cookies did helen bake yesterday compared to today ?
katie had number0 ds games and her friends had number1 games . how many more games does katie have than her friends ?,81 59,- number0 number1,22.0,"[1, 2, 3, 4, 6, 8, 9, 10, 19, 20, 21]",katie had number0 ds games and her friends had number1 games .,how many more games does katie have than her friends ?
katie had number0 ds games and her new friends had number1 games and old friends had number2 games . how many games do her friends have in all ?,91 88 53,+ number1 number2,141.0,"[1, 2, 3, 4, 6, 9, 10, 11, 15, 16, 17, 25, 26, 27]",katie had number0 ds games and her new friends had number1 games and old friends had number2 games .,how many games do her friends have in all ?
katie had number0 new games and number1 old games . her friends had number2 new games . how many new games do they have together ?,78 86 48,+ number0 number2,126.0,"[1, 2, 3, 4, 5, 6, 7, 8, 12, 13, 14, 15, 22, 23, 24]",katie had number0 new games and number1 old games . her friends had number2 new games .,how many new games do they have together ?
katie had number0 new games and number1 old games . her friends had number2 new games and number3 old games . how many new games do they have together ?,84 19 8 69,+ number0 number2,92.0,"[1, 2, 3, 4, 5, 6, 7, 8, 12, 13, 14, 15, 16, 17, 18, 19, 26, 27, 28]",katie had number0 new games and number1 old games . her friends had number2 new games and number3 old games .,how many new games do they have together ?
katie had number0 new games and number1 old games . her friends had number2 new games and number3 old games . how many old games do they have number4,62 80 73 41 3,+ number1 number3,121.0,"[1, 2, 3, 4, 5, 6, 7, 8, 12, 13, 14, 15, 16, 17, 18, 19, 25, 26, 27, 28, 29]",katie had number0 new games and number1 old games . her friends had number2 new games and number3 old games .,how many old games do they have number4
friends of katie had number0 games and she had number1 ds games . how many more games does katie have than her friends ?,57 63,- number1 number0,6.0,"[1, 2, 3, 4, 5, 6, 8, 9, 10, 11, 20, 21, 22]",friends of katie had number0 games and she had number1 ds games .,how many more games does katie have than her friends ?
katie had number0 new games and number1 old games . her friends had number2 new games . how many more games does katie have than her friends ?,57 39 34,- + number0 number1 number2,62.0,"[1, 2, 3, 4, 5, 6, 7, 8, 12, 13, 14, 15, 24, 25, 26]",katie had number0 new games and number1 old games . her friends had number2 new games .,how many more games does katie have than her friends ?
tiffany was collecting cans for recycling . on monday she had number0 bags of cans . the next day she found number1 more bags worth of cans . how many more bags did she have on monday than she found on the next day ?,8 7,- number0 number1,1.0,"[1, 2, 3, 4, 6, 8, 41, 10, 11, 12, 42, 43, 20, 21, 22, 23]",tiffany was collecting cans for recycling . on monday she had number0 bags of cans . the next day she found number1 more bags worth of cans .,how many more bags did she have on monday than she found on the next day ?
tiffany was collecting cans for recycling . on monday she had number0 bags of cans . the next day she found number1 more bags worth of cans . how many more bags did she find on the next day than she had on monday ?,7 12,- number1 number0,5.0,"[1, 2, 3, 4, 6, 8, 41, 10, 11, 12, 42, 43, 20, 21, 22, 23]",tiffany was collecting cans for recycling . on monday she had number0 bags of cans . the next day she found number1 more bags worth of cans .,how many more bags did she find on the next day than she had on monday ?
tiffany was collecting cans for recycling . on monday she had number0 bags of cans . the next day she found some more bags worth of cans . if she had a total of number1 bags altogether how many bags did she find on the next day ?,4 6,- number1 number0,2.0,"[33, 34, 35, 3, 4, 6, 8, 10, 11, 12, 44, 14, 45, 46]",tiffany was collecting cans for recycling . on monday she had number0 bags of cans . the next day she found some more bags worth of cans . if she had a total of number1 bags altogether,how many bags did she find on the next day ?
tiffany was collecting cans for recycling . on monday she had some bags of cans . the next day she found number0 more bags worth of cans . if she had a total of number1 bags altogether how many bags did she have on monday ?,4 8,- number1 number0,4.0,"[33, 34, 35, 3, 4, 6, 8, 10, 42, 43, 44, 14, 20, 21, 22, 23]",tiffany was collecting cans for recycling . on monday she had some bags of cans . the next day she found number0 more bags worth of cans . if she had a total of number1 bags altogether,how many bags did she have on monday ?
tiffany was collecting cans for recycling . on monday she had number0 bags of cans . she found number1 bags of cans on the next day and number2 bags of cans the day after that . how many bags did she have altogether ?,10 3 7,+ + number0 number1 number2,20.0,"[1, 3, 5, 40, 41, 10, 11, 12, 42, 17, 18, 19, 26, 27, 28]",tiffany was collecting cans for recycling . on monday she had number0 bags of cans . she found number1 bags of cans on the next day and number2 bags of cans the day after that .,how many bags did she have altogether ?
tiffany was collecting cans for recycling . on monday she had number0 bags of cans . she found number1 bags of cans on the next day and number2 bags of cans the day after that . how many bags did she find after monday ?,8 10 4,+ number1 number2,14.0,"[1, 3, 5, 41, 10, 11, 12, 42, 43, 17, 18, 19, 26, 27, 28]",tiffany was collecting cans for recycling . on monday she had number0 bags of cans . she found number1 bags of cans on the next day and number2 bags of cans the day after that .,how many bags did she find after monday ?
tiffany was collecting cans for recycling . on monday she had number0 bags of cans . the next day she found number1 more bags of cans and number2 bags of bottles . how many bags of cans did she have altogether ?,3 7 44,+ number0 number1,10.0,"[1, 3, 4, 6, 7, 38, 39, 10, 11, 12, 40, 20, 21, 22, 23, 26, 27, 28]",tiffany was collecting cans for recycling . on monday she had number0 bags of cans . the next day she found number1 more bags of cans and number2 bags of bottles .,how many bags of cans did she have altogether ?
number0 birds were sitting on the fence . some more birds came to join them . if there are a total of number1 birds on the fence now how many more birds had come to sit on the fence ?,2 6,- number1 number0,4.0,"[0, 1, 3, 36, 37, 38, 13, 14, 17, 21, 22, 23]",number0 birds were sitting on the fence . some more birds came to join them . if there are a total of number1 birds on the fence now,how many more birds had come to sit on the fence ?
there were some birds sitting on the fence . number0 more birds came to join them . if there are a total of number1 birds on the fence now how many birds had been sitting on the fence at the start ?,4 5,- number1 number0,1.0,"[1, 3, 38, 39, 40, 9, 10, 11, 13, 17, 22, 23, 24]",there were some birds sitting on the fence . number0 more birds came to join them . if there are a total of number1 birds on the fence now,how many birds had been sitting on the fence at the start ?
number0 birds and number1 storks were sitting on the fence . number2 more birds came to join them . how many birds are sitting on the fence ?,4 46 6,+ number0 number2,10.0,"[0, 1, 2, 3, 4, 6, 11, 12, 13, 24, 25, 26]",number0 birds and number1 storks were sitting on the fence . number2 more birds came to join them .,how many birds are sitting on the fence ?
number0 birds and number1 storks were sitting on the fence . number2 more birds came to join them . how many birds and storks are sitting on the fence ?,3 2 5,+ + number0 number2 number1,10.0,"[0, 1, 2, 3, 4, 6, 11, 12, 13, 26, 27, 28]",number0 birds and number1 storks were sitting on the fence . number2 more birds came to join them .,how many birds and storks are sitting on the fence ?
number0 birds and number1 storks were sitting on the fence . number2 more birds came to join them . how many more birds than storks are sitting on the fence ?,3 4 2,- + number0 number2 number1,1.0,"[0, 1, 2, 3, 4, 6, 7, 11, 12, 13, 27, 28, 29]",number0 birds and number1 storks were sitting on the fence . number2 more birds came to join them .,how many more birds than storks are sitting on the fence ?
number0 birds and number1 storks were sitting on the fence . number2 more birds came to join them . how many more storks than birds are sitting on the fence ?,2 6 3,- number1 + number0 number2,1.0,"[0, 1, 2, 3, 4, 6, 7, 11, 12, 13, 27, 28, 29]",number0 birds and number1 storks were sitting on the fence . number2 more birds came to join them .,how many more storks than birds are sitting on the fence ?
number0 birds and number1 storks were sitting on the fence . number2 more storks came to join them . how many storks are sitting on the fence ?,4 6 2,+ number1 number2,8.0,"[0, 1, 2, 3, 4, 6, 11, 12, 13, 24, 25, 26]",number0 birds and number1 storks were sitting on the fence . number2 more storks came to join them .,how many storks are sitting on the fence ?
number0 birds and number1 storks were sitting on the fence . number2 more storks came to join them . how many birds and storks are sitting on the fence ?,3 4 6,+ + number0 number1 number2,13.0,"[0, 1, 2, 3, 4, 6, 11, 12, 13, 26, 27, 28]",number0 birds and number1 storks were sitting on the fence . number2 more storks came to join them .,how many birds and storks are sitting on the fence ?
number0 birds and number1 storks were sitting on the fence . number2 more storks came to join them . how many more birds than storks are sitting on the fence ?,6 3 2,- number0 + number1 number2,1.0,"[0, 1, 2, 3, 4, 6, 7, 11, 12, 13, 27, 28, 29]",number0 birds and number1 storks were sitting on the fence . number2 more storks came to join them .,how many more birds than storks are sitting on the fence ?
number0 birds and number1 storks were sitting on the fence . number2 more storks came to join them . how many more storks than birds are sitting on the fence ?,4 3 6,- + number1 number2 number0,5.0,"[0, 1, 2, 3, 4, 6, 7, 11, 12, 13, 27, 28, 29]",number0 birds and number1 storks were sitting on the fence . number2 more storks came to join them .,how many more storks than birds are sitting on the fence ?
number0 birds were sitting on the fence . number1 more birds and number2 more storks came to join them . how many birds are sitting on the fence ?,6 4 8,+ number0 number1,10.0,"[0, 1, 3, 4, 5, 7, 8, 9, 10, 11, 12, 13, 14, 25, 26, 27]",number0 birds were sitting on the fence . number1 more birds and number2 more storks came to join them .,how many birds are sitting on the fence ?
number0 birds were sitting on the fence . number1 more birds and number2 more storks came to join them . how many more birds than storks are sitting on the fence ?,2 5 4,- + number0 number1 number2,3.0,"[0, 1, 2, 3, 5, 7, 8, 9, 10, 11, 12, 13, 14, 28, 29, 30]",number0 birds were sitting on the fence . number1 more birds and number2 more storks came to join them .,how many more birds than storks are sitting on the fence ?
number0 birds were sitting on the fence . number1 more birds and number2 more storks came to join them . how many more storks than birds are sitting on the fence ?,3 2 6,- number2 + number0 number1,1.0,"[0, 1, 2, 3, 5, 7, 8, 9, 10, 11, 12, 13, 14, 28, 29, 30]",number0 birds were sitting on the fence . number1 more birds and number2 more storks came to join them .,how many more storks than birds are sitting on the fence ?
number0 storks and number1 birds were sitting on the fence . number2 more birds came to join them . how many more birds than storks are sitting on the fence ?,5 3 4,- + number1 number2 number0,2.0,"[0, 1, 2, 3, 4, 6, 7, 11, 12, 13, 27, 28, 29]",number0 storks and number1 birds were sitting on the fence . number2 more birds came to join them .,how many more birds than storks are sitting on the fence ?
number0 storks and number1 birds were sitting on the fence . number2 more birds came to join them . how many more storks than birds are sitting on the fence ?,6 2 3,- number0 + number1 number2,1.0,"[0, 1, 2, 3, 4, 6, 7, 11, 12, 13, 27, 28, 29]",number0 storks and number1 birds were sitting on the fence . number2 more birds came to join them .,how many more storks than birds are sitting on the fence ?
number0 birds were sitting on the fence . number1 more storks and number2 more birds came to join them . how many more storks than birds are sitting on the fence ?,3 6 2,- number1 + number0 number2,1.0,"[0, 1, 2, 3, 5, 7, 8, 9, 10, 11, 12, 13, 14, 28, 29, 30]",number0 birds were sitting on the fence . number1 more storks and number2 more birds came to join them .,how many more storks than birds are sitting on the fence ?
after eating a hearty meal they went to see the buckingham palace . there rachel learned that number0 visitors came to the buckingham palace that day . if there were number1 visitors the previous day how many more visitors visited the buckingham palace on that day than on the previous day ?,317 295,- number0 number1,22.0,"[2, 6, 9, 10, 12, 16, 17, 18, 48, 49, 50, 29, 30, 31]",after eating a hearty meal they went to see the buckingham palace . there rachel learned that number0 visitors came to the buckingham palace that day . if there were number1 visitors the previous day,how many more visitors visited the buckingham palace on that day than on the previous day ?
after eating a hearty meal they went to see the buckingham palace . there rachel learned that number0 visitors came to the buckingham palace on the previous day . if there were number1 visitors on that day how many visited the buckingham palace within number2 days ?,703 246 25,+ number1 number0,949.0,"[32, 33, 2, 6, 43, 44, 45, 16, 17, 18, 31]",after eating a hearty meal they went to see the buckingham palace . there rachel learned that number0 visitors came to the buckingham palace on the previous day . if there were number1 visitors on that day,how many visited the buckingham palace within number2 days ?
after eating a hearty meal they went to see the buckingham palace . there rachel learned that number0 visitors came to the buckingham palace on the previous day . if there were number1 visitors on that day how many more visitors visited the buckingham palace on that day than on the previous day ?,100 666,- number1 number0,566.0,"[32, 33, 2, 6, 9, 10, 12, 16, 17, 18, 50, 51, 52, 31]",after eating a hearty meal they went to see the buckingham palace . there rachel learned that number0 visitors came to the buckingham palace on the previous day . if there were number1 visitors on that day,how many more visitors visited the buckingham palace on that day than on the previous day ?
after eating a hearty meal they went to see the buckingham palace . there rachel learned that number0 visitors came to the buckingham palace that day . if number1 people visited the buckingham palace within the past number2 days how many visitors visited the buckingham palace on the previous day ?,132 406 327,- number1 number0,274.0,"[3, 36, 37, 38, 6, 9, 13, 15, 16, 17, 18, 47, 48, 49, 27, 28, 29]",after eating a hearty meal they went to see the buckingham palace . there rachel learned that number0 visitors came to the buckingham palace that day . if number1 people visited the buckingham palace within the past number2 days,how many visitors visited the buckingham palace on the previous day ?
after eating a hearty meal they went to see the buckingham palace . there rachel learned that number0 visitors came to the buckingham palace on the previous day . if number1 people visited the buckingham palace within the past number2 days how many visitors visited the buckingham palace on that day ?,45 829 85,- number1 number0,784.0,"[3, 38, 39, 40, 6, 9, 13, 15, 16, 17, 18, 48, 49, 50, 29, 30, 31]",after eating a hearty meal they went to see the buckingham palace . there rachel learned that number0 visitors came to the buckingham palace on the previous day . if number1 people visited the buckingham palace within the past number2 days,how many visitors visited the buckingham palace on that day ?
after eating a hearty meal they went to see the buckingham palace . there were number0 paintings in the buckingham palace . there rachel learned that number1 visitors came to the buckingham palace that day . if there were number2 visitors the previous day how many visited the buckingham palace within number3 days ?,71 557 188 57,+ number1 number2,745.0,"[1, 2, 38, 39, 40, 6, 14, 15, 16, 50, 51, 52, 25, 26, 27]",after eating a hearty meal they went to see the buckingham palace . there were number0 paintings in the buckingham palace . there rachel learned that number1 visitors came to the buckingham palace that day . if there were number2 visitors the previous day,how many visited the buckingham palace within number3 days ?
after eating a hearty meal they went to see the buckingham palace . there were number0 paintings in the buckingham palace . there rachel learned that number1 visitors came to the buckingham palace that day . if there were number2 visitors the previous day how many more visitors visited the buckingham palace on that day than on the previous day ?,39 661 600,- number1 number2,61.0,"[1, 2, 58, 38, 39, 40, 6, 9, 10, 12, 59, 14, 15, 16, 25, 26, 27, 57]",after eating a hearty meal they went to see the buckingham palace . there were number0 paintings in the buckingham palace . there rachel learned that number1 visitors came to the buckingham palace that day . if there were number2 visitors the previous day,how many more visitors visited the buckingham palace on that day than on the previous day ?
after eating a hearty meal they went to see the buckingham palace . there rachel learned that number0 visitors came to the buckingham palace that day . if there were number1 visitors the previous day and number2 visitors the day before that how many visited the buckingham palace before that day ?,92 419 103,+ number1 number2,522.0,"[2, 35, 36, 37, 6, 16, 17, 18, 48, 49, 50, 29, 30, 31]",after eating a hearty meal they went to see the buckingham palace . there rachel learned that number0 visitors came to the buckingham palace that day . if there were number1 visitors the previous day and number2 visitors the day before that,how many visited the buckingham palace before that day ?
after eating a hearty meal they went to see the buckingham palace . there rachel learned that number0 visitors came to the buckingham palace that day . if there were number1 visitors the previous day and number2 visitors the day before that how many visited the buckingham palace within the past number3 days ?,512 471 808 89,+ + number0 number1 number2,1791.0,"[2, 35, 36, 37, 6, 16, 17, 18, 51, 50, 52, 23, 29, 30, 31]",after eating a hearty meal they went to see the buckingham palace . there rachel learned that number0 visitors came to the buckingham palace that day . if there were number1 visitors the previous day and number2 visitors the day before that,how many visited the buckingham palace within the past number3 days ?
after eating a hearty meal they went to see the buckingham palace . there rachel learned that number0 visitors came to the buckingham palace that day . if there were number1 visitors the previous day and number2 visitors the day before that how many more visitors visited the buckingham palace on that day than on the previous number3 days ?,705 191 457 245,- number0 + number1 number2,57.0,"[2, 35, 36, 37, 6, 16, 17, 18, 19, 56, 57, 58, 29, 30, 31]",after eating a hearty meal they went to see the buckingham palace . there rachel learned that number0 visitors came to the buckingham palace that day . if there were number1 visitors the previous day and number2 visitors the day before that,how many more visitors visited the buckingham palace on that day than on the previous number3 days ?
number0 red peaches and number1 green peaches are in the basket . how many more red peaches than green peaches are in the basket ?,17 16,- number0 number1,1.0,"[0, 1, 2, 3, 4, 5, 6, 10, 11, 21, 22, 23]",number0 red peaches and number1 green peaches are in the basket .,how many more red peaches than green peaches are in the basket ?
number0 red peaches and number1 green peaches are in the basket . how many more green peaches than red peaches are in the basket ?,5 11,- number1 number0,6.0,"[0, 1, 2, 3, 4, 5, 6, 10, 11, 21, 22, 23]",number0 red peaches and number1 green peaches are in the basket .,how many more green peaches than red peaches are in the basket ?
number0 red peaches and some more green peaches are in the basket . if there are a total of number1 peaches in the basket how many green peaches are in the basket ?,10 15,- number1 number0,5.0,"[0, 1, 2, 6, 12, 13, 18, 19, 20, 29, 30, 31]",number0 red peaches and some more green peaches are in the basket . if there are a total of number1 peaches in the basket,how many green peaches are in the basket ?
number0 red peaches and some more green peaches are in the basket . if there are number1 more green peaches than red peaches in the basket how many green peaches are in the basket ?,3 10,+ number0 number1,13.0,"[0, 1, 2, 32, 4, 5, 6, 33, 8, 11, 14, 15, 16, 17, 19, 20, 31]",number0 red peaches and some more green peaches are in the basket . if there are number1 more green peaches than red peaches in the basket,how many green peaches are in the basket ?
number0 red peaches number1 yellow peaches and number2 green peaches are in the basket . how many peaches are in the basket ?,7 15 8,+ + number0 number1 number2,30.0,"[0, 1, 2, 3, 4, 5, 6, 7, 8, 9, 19, 20, 21]",number0 red peaches number1 yellow peaches and number2 green peaches are in the basket .,how many peaches are in the basket ?
number0 red peaches number1 yellow peaches and number2 green peaches are in the basket . how many more green peaches than red peaches are in the basket ?,7 71 8,- number2 number0,1.0,"[0, 1, 2, 3, 4, 5, 6, 7, 8, 9, 11, 24, 25, 26]",number0 red peaches number1 yellow peaches and number2 green peaches are in the basket .,how many more green peaches than red peaches are in the basket ?
number0 red peaches number1 yellow peaches and number2 green peaches are in the basket . how many more green peaches than yellow peaches are in the basket ?,2 6 14,- number2 number1,8.0,"[0, 1, 2, 3, 4, 5, 6, 7, 8, 9, 11, 13, 24, 25, 26]",number0 red peaches number1 yellow peaches and number2 green peaches are in the basket .,how many more green peaches than yellow peaches are in the basket ?
number0 red peaches number1 yellow peaches and number2 green peaches are in the basket . how many more red peaches than yellow peaches are in the basket ?,19 11 12,- number0 number1,8.0,"[0, 1, 2, 3, 4, 6, 7, 8, 9, 11, 24, 25, 26]",number0 red peaches number1 yellow peaches and number2 green peaches are in the basket .,how many more red peaches than yellow peaches are in the basket ?
number0 red peaches number1 yellow peaches and number2 green peaches are in the basket . how many red and green peaches are in the basket ?,6 90 16,+ number0 number2,22.0,"[0, 1, 2, 3, 4, 5, 6, 7, 8, 9, 22, 23, 24]",number0 red peaches number1 yellow peaches and number2 green peaches are in the basket .,how many red and green peaches are in the basket ?
number0 red peaches number1 yellow peaches and number2 green peaches are in the basket . how many red and yellow peaches are in the basket ?,18 14 17,+ number0 number1,32.0,"[0, 1, 2, 3, 4, 5, 6, 7, 8, 9, 22, 23, 24]",number0 red peaches number1 yellow peaches and number2 green peaches are in the basket .,how many red and yellow peaches are in the basket ?
number0 red peaches number1 yellow peaches and number2 green peaches are in the basket . how many green and yellow peaches are in the basket ?,5 14 6,+ number2 number1,20.0,"[0, 1, 2, 3, 4, 5, 6, 7, 8, 9, 13, 22, 23, 24]",number0 red peaches number1 yellow peaches and number2 green peaches are in the basket .,how many green and yellow peaches are in the basket ?
there are number0 baskets of peaches . each basket has number1 red peaches and number2 green peaches . how many peaches are in each basket ?,65 7 3,+ number1 number2,10.0,"[1, 2, 3, 4, 6, 7, 8, 9, 10, 11, 12, 13, 14, 15, 16, 22, 23, 24]",there are number0 baskets of peaches . each basket has number1 red peaches and number2 green peaches .,how many peaches are in each basket ?
there are number0 baskets of peaches . each basket has number1 red peaches and number2 green peaches . how many peaches are in the baskets altogether ?,11 10 18,* + number1 number2 number0,308.0,"[1, 2, 3, 4, 6, 7, 8, 9, 10, 11, 12, 13, 14, 15, 16, 23, 24, 25]",there are number0 baskets of peaches . each basket has number1 red peaches and number2 green peaches .,how many peaches are in the baskets altogether ?
there are number0 baskets of peaches . each basket has number1 red peaches and number2 green peaches . how many red peaches are in the baskets altogether ?,6 16 18,* number1 number0,96.0,"[1, 2, 3, 4, 7, 8, 9, 10, 11, 12, 13, 14, 15, 16, 24, 25, 26]",there are number0 baskets of peaches . each basket has number1 red peaches and number2 green peaches .,how many red peaches are in the baskets altogether ?
there are number0 baskets of peaches . each basket has number1 red peaches and number2 green peaches . how many green peaches are in the baskets altogether ?,7 10 2,* number2 number0,14.0,"[1, 2, 3, 4, 7, 8, 9, 10, 11, 12, 13, 14, 15, 16, 24, 25, 26]",there are number0 baskets of peaches . each basket has number1 red peaches and number2 green peaches .,how many green peaches are in the baskets altogether ?
there are some baskets of peaches . each basket has number0 red peaches and number1 green peaches . if there are a total of number2 peaches in all baskets how many baskets of peaches are there ?,4 3 7,/ number2 + number0 number1,1.0,"[33, 2, 34, 4, 35, 7, 8, 9, 10, 11, 12, 13, 14, 15, 16, 23, 24, 25]",there are some baskets of peaches . each basket has number0 red peaches and number1 green peaches . if there are a total of number2 peaches in all baskets,how many baskets of peaches are there ?
there are number0 baskets of peaches . each basket has number1 red peaches and some more green peaches . if there are a total of number2 peaches in all baskets how many green peaches are in each basket ?,2 4 12,- / number2 number0 number1,2.0,"[1, 2, 3, 36, 4, 35, 7, 37, 9, 10, 11, 12, 13, 18, 24, 25, 26]",there are number0 baskets of peaches . each basket has number1 red peaches and some more green peaches . if there are a total of number2 peaches in all baskets,how many green peaches are in each basket ?
there are a total of number0 peaches in a basket . if there are number1 red peaches and some more green peaches in the basket . how many green peaches are in the basket ?,16 13,- number0 number1,3.0,"[32, 1, 2, 33, 4, 5, 6, 7, 8, 9, 13, 14, 15, 16, 31]",there are a total of number0 peaches in a basket . if there are number1 red peaches and some more green peaches in the basket .,how many green peaches are in the basket ?
each basket of peaches has number0 red peaches and number1 green peaches . if there are number2 such baskets how many peaches are in the baskets altogether ?,19 4 15,* + number0 number1 number2,345.0,"[0, 2, 4, 5, 6, 7, 8, 9, 10, 11, 12, 15, 16, 17, 18, 24, 25, 26]",each basket of peaches has number0 red peaches and number1 green peaches . if there are number2 such baskets,how many peaches are in the baskets altogether ?
there are number0 peaches distributed equally in some baskets . if each basket has number1 red peaches and number2 green peaches how many baskets of peaches are there ?,10 4 6,/ number0 + number1 number2,1.0,"[1, 2, 3, 5, 9, 11, 13, 14, 15, 16, 17, 18, 19, 20, 25, 26, 27]",there are number0 peaches distributed equally in some baskets . if each basket has number1 red peaches and number2 green peaches,how many baskets of peaches are there ?
number0 green peaches number1 yellow peaches and number2 red peaches are in the basket . how many more green peaches than red peaches are in the basket ?,6 60 2,- number0 number2,4.0,"[0, 1, 2, 3, 4, 5, 6, 7, 8, 9, 11, 13, 24, 25, 26]",number0 green peaches number1 yellow peaches and number2 red peaches are in the basket .,how many more green peaches than red peaches are in the basket ?
lucy went to the grocery store . she bought number0 packs of cookie and number1 packs of cake . how many more packs of cookie did she buy over cake ?,10 4,- number0 number1,6.0,"[1, 2, 8, 9, 10, 13, 14, 15, 27, 28, 29]",lucy went to the grocery store . she bought number0 packs of cookie and number1 packs of cake .,how many more packs of cookie did she buy over cake ?
lucy went to the grocery store . she bought number0 packs of cookie number1 packs of cake and number2 packs of chocolate . how many packs of groceries did she buy in all ?,4 22 16,+ + number0 number1 number2,42.0,"[32, 1, 7, 8, 9, 10, 12, 13, 14, 17, 18, 19, 30, 31]",lucy went to the grocery store . she bought number0 packs of cookie number1 packs of cake and number2 packs of chocolate .,how many packs of groceries did she buy in all ?
lucy went to the grocery store . she bought number0 packs of cookie and some packs of cake . in total she had number1 packs of grocery how many packs of cake did she buy in all ?,23 27,- number1 number0,4.0,"[1, 34, 3, 35, 36, 8, 9, 10, 15, 22, 23, 24]",lucy went to the grocery store . she bought number0 packs of cookie and some packs of cake . in total she had number1 packs of grocery,how many packs of cake did she buy in all ?
lucy went to the grocery store . she bought number0 packs of cookie and number1 packs of cake . in the end she had number2 amount of change remaining . how many packs of groceries did she buy in all ?,2 12 56,+ number0 number1,14.0,"[1, 4, 37, 38, 7, 8, 9, 10, 39, 13, 14, 15, 23, 24, 25]",lucy went to the grocery store . she bought number0 packs of cookie and number1 packs of cake . in the end she had number2 amount of change remaining .,how many packs of groceries did she buy in all ?
during summer break number0 kids from lawrence county go to camp and the other number1 kids stay home . how many more kids spent their summer break at the camp compared to those who stayed home ?,819058 668278,- number0 number1,150780.0,"[1, 2, 3, 4, 33, 34, 35, 8, 13, 14, 15, 16]",during summer break number0 kids from lawrence county go to camp and the other number1 kids stay home .,how many more kids spent their summer break at the camp compared to those who stayed home ?
during summer break number0 kids from lawrence county go to camp and the other number1 kids stay home . how many more kids stayed home compared to those who went to the camp ?,202958 777622,- number1 number0,574664.0,"[32, 1, 2, 3, 4, 8, 13, 14, 15, 16, 30, 31]",during summer break number0 kids from lawrence county go to camp and the other number1 kids stay home .,how many more kids stayed home compared to those who went to the camp ?
lawrence county has number0 kids . during summer break number1 kids go to camp and the rest stay home . how many kids stay home ?,898051 629424,- number0 number1,268627.0,"[1, 2, 3, 4, 8, 9, 10, 11, 22, 23, 24]",lawrence county has number0 kids . during summer break number1 kids go to camp and the rest stay home .,how many kids stay home ?
lawrence county has number0 kids . during summer break number1 kids stay home and the rest go to camp . how many kids go to the camp during the break ?,313473 274865,- number0 number1,38608.0,"[1, 2, 3, 4, 8, 9, 10, 11, 27, 28, 29]",lawrence county has number0 kids . during summer break number1 kids stay home and the rest go to camp .,how many kids go to the camp during the break ?
during summer break number0 kids from lawrence county stay home and the other number1 kids go to camp . about how many kids are in lawrence county ?,907611 455682,+ number1 number0,1363293.0,"[2, 3, 4, 7, 8, 12, 13, 14, 15, 24, 25, 26]",during summer break number0 kids from lawrence county stay home and the other number1 kids go to camp .,about how many kids are in lawrence county ?
during summer break number0 kids from lawrence county go to camp and the rest stay home . lawrence county has number1 kids in all . about how many kids stayed home ?,800059 828521,- number1 number0,28462.0,"[2, 3, 4, 8, 19, 20, 21, 28, 29, 30]",during summer break number0 kids from lawrence county go to camp and the rest stay home . lawrence county has number1 kids in all .,about how many kids stayed home ?
during summer break number0 kids from lawrence county stayed home and the rest went to camp . the total number of kids in larence county is number1 . about how many kids in lawrence county went to camp ?,61619 91676,- number1 number0,30057.0,"[2, 3, 4, 35, 36, 7, 8, 37, 25, 26]",during summer break number0 kids from lawrence county stayed home and the rest went to camp . the total number of kids in larence county is number1 .,about how many kids in lawrence county went to camp ?
during summer break number0 kids from lawrence county go to camp and the other number1 kids stay home . an additional number2 kids from outside the county attended the camp . how many kids in total attended the camp ?,34044 134867 424944,+ number0 number2,458988.0,"[1, 2, 3, 4, 5, 36, 37, 8, 38, 13, 14, 15, 16, 20, 21, 22]",during summer break number0 kids from lawrence county go to camp and the other number1 kids stay home . an additional number2 kids from outside the county attended the camp .,how many kids in total attended the camp ?
during summer break number0 kids from lawrence county go to camp and the other number1 kids stay home . an additional number2 kids from outside the county attended the camp . about how many kids are in lawrence county ?,610769 590796 22,+ number0 number1,1201565.0,"[1, 2, 3, 4, 36, 37, 7, 8, 38, 13, 14, 15, 16, 20, 21, 22]",during summer break number0 kids from lawrence county go to camp and the other number1 kids stay home . an additional number2 kids from outside the county attended the camp .,about how many kids are in lawrence county ?
during summer break number0 kids from lawrence county stayed home and the other number1 kids went to camp . an additional number2 kids from outside the county attended the camp . how many kids are in lawrence county ?,644997 893835 78,+ number1 number0,1538832.0,"[1, 2, 3, 4, 35, 6, 36, 8, 37, 12, 13, 14, 15, 20, 21, 22]",during summer break number0 kids from lawrence county stayed home and the other number1 kids went to camp . an additional number2 kids from outside the county attended the camp .,how many kids are in lawrence county ?
number0 campers went rowing in the morning . number1 campers went rowing in the afternoon . how many more campers went rowing in the morning than in the afternoon ?,62 39,- number0 number1,23.0,"[0, 1, 2, 4, 8, 9, 10, 26, 27, 28]",number0 campers went rowing in the morning . number1 campers went rowing in the afternoon .,how many more campers went rowing in the morning than in the afternoon ?
number0 campers went rowing in the morning . number1 campers went rowing in the afternoon . how many more campers went rowing in the afternoon than in the morning ?,52 61,- number1 number0,9.0,"[0, 1, 2, 4, 8, 9, 10, 26, 27, 28]",number0 campers went rowing in the morning . number1 campers went rowing in the afternoon .,how many more campers went rowing in the afternoon than in the morning ?
number0 campers went rowing in the morning . some more campers went rowing in the afternoon . if a total of number1 campers went rowing that day how many campers went rowing in the afternoon ?,15 32,- number1 number0,17.0,"[0, 1, 2, 3, 32, 33, 34, 11, 15, 20, 21, 22]",number0 campers went rowing in the morning . some more campers went rowing in the afternoon . if a total of number1 campers went rowing that day,how many campers went rowing in the afternoon ?
some campers went rowing in the morning while number0 campers went rowing in the afternoon . if a total of number1 campers went rowing that day how many campers went rowing in the morning ?,7 60,- number1 number0,53.0,"[32, 33, 2, 7, 8, 9, 10, 11, 15, 19, 20, 21, 31]",some campers went rowing in the morning while number0 campers went rowing in the afternoon . if a total of number1 campers went rowing that day,how many campers went rowing in the morning ?
number0 campers went rowing in the morning number1 campers went rowing in the afternoon and number2 campers went rowing in the evening . how many campers went rowing in all ?,36 13 49,+ + number0 number1 number2,98.0,"[0, 1, 2, 5, 6, 7, 8, 9, 14, 15, 16, 17, 27, 28, 29]",number0 campers went rowing in the morning number1 campers went rowing in the afternoon and number2 campers went rowing in the evening .,how many campers went rowing in all ?
number0 campers went rowing in the morning number1 campers went rowing in the afternoon and number2 campers went rowing in the evening . how many more campers went rowing in the morning than in the afternoon ?,44 39 31,- number0 number1,5.0,"[0, 1, 2, 33, 4, 34, 35, 7, 8, 9, 10, 15, 16, 17, 18]",number0 campers went rowing in the morning number1 campers went rowing in the afternoon and number2 campers went rowing in the evening .,how many more campers went rowing in the morning than in the afternoon ?
number0 campers went rowing in the morning number1 campers went rowing in the afternoon and number2 campers went rowing in the evening . how many more campers went rowing in the morning than in the evening ?,53 48 49,- number0 number2,4.0,"[0, 1, 2, 33, 4, 34, 6, 7, 8, 9, 35, 14, 15, 16, 17]",number0 campers went rowing in the morning number1 campers went rowing in the afternoon and number2 campers went rowing in the evening .,how many more campers went rowing in the morning than in the evening ?
number0 campers went rowing in the morning number1 campers went rowing in the afternoon and number2 campers went rowing in the evening . how many more campers went rowing in the afternoon than in the evening ?,33 34 10,- number1 number2,24.0,"[0, 1, 2, 33, 4, 34, 6, 7, 8, 9, 35, 14, 15, 16, 17]",number0 campers went rowing in the morning number1 campers went rowing in the afternoon and number2 campers went rowing in the evening .,how many more campers went rowing in the afternoon than in the evening ?
number0 campers went rowing and number1 campers went hiking in the morning . number2 campers went rowing in the afternoon . how many campers went rowing in all ?,13 59 21,+ number0 number2,34.0,"[0, 1, 2, 4, 5, 6, 7, 13, 14, 25, 26, 27]",number0 campers went rowing and number1 campers went hiking in the morning . number2 campers went rowing in the afternoon .,how many campers went rowing in all ?
number0 campers went rowing and number1 campers went hiking in the morning . number2 campers went rowing in the afternoon . how many more campers went rowing in the morning than in the afternoon ?,29 66 26,- number0 number2,3.0,"[0, 1, 2, 32, 4, 5, 6, 7, 33, 13, 14, 31]",number0 campers went rowing and number1 campers went hiking in the morning . number2 campers went rowing in the afternoon .,how many more campers went rowing in the morning than in the afternoon ?
number0 campers went rowing and number1 campers went hiking in the morning . number2 campers went rowing in the afternoon . how many campers went rowing and hiking in all ?,41 4 26,+ + number0 number2 number1,71.0,"[0, 1, 2, 3, 4, 5, 6, 7, 13, 14, 27, 28, 29]",number0 campers went rowing and number1 campers went hiking in the morning . number2 campers went rowing in the afternoon .,how many campers went rowing and hiking in all ?
number0 campers went rowing on a day . number1 campers went rowing in the morning and some more campers went rowing in the afternoon . how many campers went rowing in the afternoon ?,46 43,- number0 number1,3.0,"[0, 1, 32, 4, 5, 8, 9, 10, 12, 30, 31]",number0 campers went rowing on a day . number1 campers went rowing in the morning and some more campers went rowing in the afternoon .,how many campers went rowing in the afternoon ?
a book has number0 chapters . the first chapter is number1 pages long . the second chapter is number2 pages long . how many more pages does the first chapter have than the second chapter ?,2 48 11,- number1 number2,37.0,"[32, 1, 2, 3, 4, 33, 34, 8, 9, 10, 11, 17, 18, 19]",a book has number0 chapters . the first chapter is number1 pages long . the second chapter is number2 pages long .,how many more pages does the first chapter have than the second chapter ?
a book has number0 chapters . the first chapter is number1 pages long . the second chapter is number2 pages long . how many more pages does the second chapter have than the first chapter ?,2 37 80,- number2 number1,43.0,"[32, 1, 2, 3, 4, 33, 34, 8, 9, 10, 11, 17, 18, 19]",a book has number0 chapters . the first chapter is number1 pages long . the second chapter is number2 pages long .,how many more pages does the second chapter have than the first chapter ?
a book has number0 chapters . the first chapter is number1 pages long . if there are a total of number2 pages in the book how many pages are in the second chapter ?,2 60 93,- number2 number1,33.0,"[32, 2, 3, 4, 9, 10, 11, 12, 18, 19, 20, 21, 30, 31]",a book has number0 chapters . the first chapter is number1 pages long . if there are a total of number2 pages in the book,how many pages are in the second chapter ?
a book has number0 chapters . the second chapter is number1 pages long . if there are a total of number2 pages in the book how many pages are in the first chapter ?,2 36 67,- number2 number1,31.0,"[32, 2, 3, 4, 9, 10, 11, 12, 18, 19, 20, 21, 30, 31]",a book has number0 chapters . the second chapter is number1 pages long . if there are a total of number2 pages in the book,how many pages are in the first chapter ?
a book has number0 chapters . the first chapter is number1 pages long the second chapter is number2 pages long and the third chapter is number3 pages long . how many pages does the book have altogether ?,3 66 35 24,+ + number1 number2 number3,125.0,"[1, 2, 3, 4, 34, 6, 35, 36, 9, 10, 11, 16, 17, 18, 24, 25, 26]",a book has number0 chapters . the first chapter is number1 pages long the second chapter is number2 pages long and the third chapter is number3 pages long .,how many pages does the book have altogether ?
a book has number0 chapters . the first chapter is number1 pages long the second chapter is number2 pages long and the third chapter is number3 pages long . how many more pages does the first chapter have than the second chapter ?,3 91 23 25,- number1 number2,68.0,"[1, 2, 3, 4, 39, 8, 9, 10, 11, 40, 41, 16, 17, 18, 24, 25, 26]",a book has number0 chapters . the first chapter is number1 pages long the second chapter is number2 pages long and the third chapter is number3 pages long .,how many more pages does the first chapter have than the second chapter ?
a book has number0 chapters . the first chapter is number1 pages long the second chapter is number2 pages long and the third chapter is number3 pages long . how many more pages does the second chapter have than the third chapter ?,3 35 18 3,- number2 number0,15.0,"[1, 2, 3, 4, 39, 8, 9, 10, 11, 40, 41, 16, 17, 18, 24, 25, 26]",a book has number0 chapters . the first chapter is number1 pages long the second chapter is number2 pages long and the third chapter is number3 pages long .,how many more pages does the second chapter have than the third chapter ?
a book has number0 chapters . the first chapter is number1 pages long the second chapter is number2 pages long and the third chapter is number3 pages long . how many more pages does the first chapter have than the third chapter ?,3 53 75 21,- number1 number3,32.0,"[1, 2, 3, 4, 39, 8, 9, 10, 11, 40, 41, 16, 17, 18, 24, 25, 26]",a book has number0 chapters . the first chapter is number1 pages long the second chapter is number2 pages long and the third chapter is number3 pages long .,how many more pages does the first chapter have than the third chapter ?
a book has number0 chapters . each chapter is number1 pages long . how many pages does the book have altogether ?,31 61,* number0 number1,1891.0,"[1, 2, 3, 4, 6, 8, 9, 10, 18, 19, 20]",a book has number0 chapters . each chapter is number1 pages long .,how many pages does the book have altogether ?
a book has number0 chapters across number1 pages . the first chapter is number2 pages long . how many pages are in the first chapter ?,2 23 10,- number1 number2,13.0,"[1, 2, 3, 4, 5, 6, 7, 12, 13, 14, 22, 23, 24]",a book has number0 chapters across number1 pages . the first chapter is number2 pages long .,how many pages are in the first chapter ?
a book has number0 chapters across number1 pages . the second chapter is number2 pages long . how many pages are in the second chapter ?,2 81 68,- number1 number2,13.0,"[1, 2, 3, 4, 5, 6, 7, 12, 13, 14, 22, 23, 24]",a book has number0 chapters across number1 pages . the second chapter is number2 pages long .,how many pages are in the second chapter ?
mary is baking a cake . the recipe calls for number0 cups of flour and number1 cups of sugar . she already put in number2 cups of flour . how many more cups of flour than cups of sugar does she need to add now ?,14 6 5,- - number0 number2 number1,3.0,"[1, 2, 9, 10, 11, 12, 42, 14, 15, 16, 43, 44, 23, 24, 25]",mary is baking a cake . the recipe calls for number0 cups of flour and number1 cups of sugar . she already put in number2 cups of flour .,how many more cups of flour than cups of sugar does she need to add now ?
mary is baking a cake . the recipe calls for number0 cups of flour and number1 cups of sugar . she already put in number2 cups of flour . how many more cups of sugar than cups of flour does she need to add now ?,9 11 4,- number1 - number0 number2,6.0,"[1, 2, 9, 10, 11, 12, 42, 14, 15, 16, 43, 44, 23, 24, 25]",mary is baking a cake . the recipe calls for number0 cups of flour and number1 cups of sugar . she already put in number2 cups of flour .,how many more cups of sugar than cups of flour does she need to add now ?
mary is baking a cake . the recipe calls for number0 cups of flour and number1 cups of sugar . she already put in some cups of flour . if she still needs number2 more cups of flour than sugar how many more cups of flour does she need to add ?,6 13 8,+ number1 number2,21.0,"[32, 33, 34, 35, 2, 5, 3, 9, 10, 11, 12, 13, 14, 15, 16, 48, 49, 50, 21]",mary is baking a cake . the recipe calls for number0 cups of flour and number1 cups of sugar . she already put in some cups of flour . if she still needs number2 more cups of flour than sugar,how many more cups of flour does she need to add ?
mary is baking a cake . the recipe calls for number0 cups of flour and number1 cups of sugar . she already put in some cups of flour . if she still needs number2 more cups of flour than sugar how many cups of flour did she put in ?,11 7 2,- - number0 number1 number2,2.0,"[32, 33, 34, 35, 2, 5, 3, 9, 10, 11, 12, 14, 15, 16, 46, 18, 47, 48]",mary is baking a cake . the recipe calls for number0 cups of flour and number1 cups of sugar . she already put in some cups of flour . if she still needs number2 more cups of flour than sugar,how many cups of flour did she put in ?
mary is baking a cake . the recipe calls for number0 cups of sugar and some more cups of flour . she already put in number1 cups of flour . if she still needs to add number2 more cups of flour how many cups of flour did the recipe require ?,11 3 6,+ number1 number2,9.0,"[35, 36, 37, 38, 7, 5, 9, 10, 11, 12, 47, 48, 49, 19, 24, 25, 26]",mary is baking a cake . the recipe calls for number0 cups of sugar and some more cups of flour . she already put in number1 cups of flour . if she still needs to add number2 more cups of flour,how many cups of flour did the recipe require ?
mary is baking a cake . the recipe calls for number0 cups of flour and number1 cups of sugar . she already put in some cups of flour . if she still needs number2 more cups of flour how many cups of flour did she put in ?,12 5 2,- number0 number2,10.0,"[32, 33, 34, 35, 2, 5, 3, 9, 10, 11, 44, 45, 14, 15, 16, 46]",mary is baking a cake . the recipe calls for number0 cups of flour and number1 cups of sugar . she already put in some cups of flour . if she still needs number2 more cups of flour,how many cups of flour did she put in ?
mary is baking a cake . the recipe calls for number0 cups of flour and number1 cups of sugar . she already put in number2 cups of flour and number3 cups of sugar . how many more cups of flour does she need to add ?,9 5 3 62,- number0 number2,6.0,"[1, 2, 8, 9, 10, 11, 42, 43, 14, 15, 16, 44, 23, 24, 25, 28, 29, 30]",mary is baking a cake . the recipe calls for number0 cups of flour and number1 cups of sugar . she already put in number2 cups of flour and number3 cups of sugar .,how many more cups of flour does she need to add ?
mary is baking a cake . the recipe calls for number0 cups of flour and number1 cups of sugar . she already put in number2 cups of flour and number3 cups of sugar . how many more cups of sugar does she need to add ?,5 14 10 2,- number1 number3,12.0,"[1, 2, 8, 9, 10, 11, 42, 43, 14, 15, 16, 44, 23, 24, 25, 28, 29, 30]",mary is baking a cake . the recipe calls for number0 cups of flour and number1 cups of sugar . she already put in number2 cups of flour and number3 cups of sugar .,how many more cups of sugar does she need to add ?
mary is baking a cake . the recipe calls for number0 cups of flour number1 cups of sugar and number2 cups of salt . she already put in number3 cups of flour . how many more cups of flour does she need to add ?,12 5 49 11,- number0 number3,1.0,"[1, 2, 8, 9, 10, 11, 41, 13, 14, 15, 42, 43, 18, 19, 20, 27, 28, 29]",mary is baking a cake . the recipe calls for number0 cups of flour number1 cups of sugar and number2 cups of salt . she already put in number3 cups of flour .,how many more cups of flour does she need to add ?
mary is baking a cake . the recipe calls for number0 cups of flour number1 cups of sugar and number2 cups of salt . she already put in number3 cups of flour . how many more cups of flour than cups of sugar does she need to add now ?,10 2 80 7,- - number0 number3 number1,1.0,"[1, 2, 9, 10, 11, 12, 13, 14, 15, 46, 47, 18, 19, 20, 48, 27, 28, 29]",mary is baking a cake . the recipe calls for number0 cups of flour number1 cups of sugar and number2 cups of salt . she already put in number3 cups of flour .,how many more cups of flour than cups of sugar does she need to add now ?
mary is baking a cake . the recipe calls for number0 cups of flour number1 cups of sugar and number2 cups of salt . she already put in number3 cups of flour . how many more cups of flour than cups of salt does she need to add now ?,12 14 7 2,- - number0 number3 number2,3.0,"[1, 2, 9, 10, 11, 12, 13, 14, 15, 46, 47, 18, 19, 20, 48, 27, 28, 29]",mary is baking a cake . the recipe calls for number0 cups of flour number1 cups of sugar and number2 cups of salt . she already put in number3 cups of flour .,how many more cups of flour than cups of salt does she need to add now ?
mary is baking a cake . the recipe calls for number0 cups of flour number1 cups of sugar and number2 cups of salt . she already put in number3 cups of flour . how many more cups of sugar than cups of salt does she need to add now ?,6 8 7 5,- number1 number2,1.0,"[1, 2, 9, 10, 11, 12, 13, 14, 15, 46, 47, 18, 19, 20, 48, 27, 28, 29]",mary is baking a cake . the recipe calls for number0 cups of flour number1 cups of sugar and number2 cups of salt . she already put in number3 cups of flour .,how many more cups of sugar than cups of salt does she need to add now ?
mary is baking a cake . the recipe calls for number0 cups of flour and number1 cups of sugar . she already put in number2 cups of sugar . how many more cups of sugar does she need to add ?,12 13 2,- number1 number2,11.0,"[1, 2, 37, 38, 39, 8, 9, 10, 11, 14, 15, 16, 23, 24, 25]",mary is baking a cake . the recipe calls for number0 cups of flour and number1 cups of sugar . she already put in number2 cups of sugar .,how many more cups of sugar does she need to add ?
mary is baking a cake . the recipe calls for number0 cups of flour and number1 cups of sugar . she already put in number2 cups of sugar . how many more cups of flour than cups of sugar does she need to add now ?,9 6 4,- number0 - number1 number2,7.0,"[1, 2, 9, 10, 11, 12, 42, 14, 15, 16, 43, 44, 23, 24, 25]",mary is baking a cake . the recipe calls for number0 cups of flour and number1 cups of sugar . she already put in number2 cups of sugar .,how many more cups of flour than cups of sugar does she need to add now ?
mary is baking a cake . the recipe calls for number0 cups of sugar and number1 cups of flour . she already put in number2 cups of flour . how many more cups of flour than cups of sugar does she need to add now ?,6 9 2,- - number1 number2 number0,1.0,"[1, 2, 9, 10, 11, 12, 42, 14, 15, 16, 43, 44, 23, 24, 25]",mary is baking a cake . the recipe calls for number0 cups of sugar and number1 cups of flour . she already put in number2 cups of flour .,how many more cups of flour than cups of sugar does she need to add now ?
mary is baking a cake . the recipe calls for number0 cups of sugar and number1 cups of flour . she already put in number2 cups of flour . how many more cups of sugar than cups of flour does she need to add now ?,5 14 11,- number0 - number1 number2,2.0,"[1, 2, 9, 10, 11, 12, 42, 14, 15, 16, 43, 44, 23, 24, 25]",mary is baking a cake . the recipe calls for number0 cups of sugar and number1 cups of flour . she already put in number2 cups of flour .,how many more cups of sugar than cups of flour does she need to add now ?
mary is baking a cake . the recipe calls for number0 cups of sugar and number1 cups of flour . she already put in some cups of flour . if she still needs number2 more cups of flour than sugar how many cups of flour did she put in ?,3 10 5,- - number1 number0 number2,2.0,"[32, 33, 34, 35, 2, 5, 3, 9, 10, 11, 12, 14, 15, 16, 46, 18, 47, 48]",mary is baking a cake . the recipe calls for number0 cups of sugar and number1 cups of flour . she already put in some cups of flour . if she still needs number2 more cups of flour than sugar,how many cups of flour did she put in ?
mary is baking a cake . the recipe calls for number0 cups of sugar and number1 cups of flour . she already put in some cups of flour . if she still needs number2 more cups of flour how many cups of flour did she put in ?,5 13 12,- number1 number2,1.0,"[32, 33, 34, 35, 2, 5, 3, 9, 10, 11, 44, 45, 14, 15, 16, 46]",mary is baking a cake . the recipe calls for number0 cups of sugar and number1 cups of flour . she already put in some cups of flour . if she still needs number2 more cups of flour,how many cups of flour did she put in ?
mary is baking a cake . the recipe calls for number0 cups of sugar and number1 cups of flour . she already put in number2 cups of flour and number3 cups of sugar . how many more cups of flour does she need to add ?,6 14 7 60,- number1 number2,7.0,"[1, 2, 8, 9, 10, 11, 42, 43, 14, 15, 16, 44, 23, 24, 25, 28, 29, 30]",mary is baking a cake . the recipe calls for number0 cups of sugar and number1 cups of flour . she already put in number2 cups of flour and number3 cups of sugar .,how many more cups of flour does she need to add ?
mary is baking a cake . the recipe calls for number0 cups of sugar and number1 cups of flour . she already put in number2 cups of flour and number3 cups of sugar . how many more cups of sugar does she need to add ?,11 9 12 10,- number0 number3,1.0,"[1, 2, 8, 9, 10, 11, 42, 43, 14, 15, 16, 44, 23, 24, 25, 28, 29, 30]",mary is baking a cake . the recipe calls for number0 cups of sugar and number1 cups of flour . she already put in number2 cups of flour and number3 cups of sugar .,how many more cups of sugar does she need to add ?
mary is baking a cake . the recipe calls for number0 cups of sugar number1 cups of flour and number2 cups of salt . she already put in number3 cups of flour . how many more cups of flour does she need to add ?,3 10 15 6,- number1 number3,4.0,"[1, 2, 8, 9, 10, 11, 41, 13, 14, 15, 42, 43, 18, 19, 20, 27, 28, 29]",mary is baking a cake . the recipe calls for number0 cups of sugar number1 cups of flour and number2 cups of salt . she already put in number3 cups of flour .,how many more cups of flour does she need to add ?
mary is baking a cake . the recipe calls for number0 cups of sugar number1 cups of flour and number2 cups of salt . she already put in number3 cups of flour . how many more cups of flour than cups of sugar does she need to add now ?,9 14 40 4,- - number1 number3 number0,1.0,"[1, 2, 9, 10, 11, 12, 13, 14, 15, 46, 47, 18, 19, 20, 48, 27, 28, 29]",mary is baking a cake . the recipe calls for number0 cups of sugar number1 cups of flour and number2 cups of salt . she already put in number3 cups of flour .,how many more cups of flour than cups of sugar does she need to add now ?
mary is baking a cake . the recipe calls for number0 cups of sugar number1 cups of flour and number2 cups of salt . she already put in number3 cups of flour . how many more cups of flour than cups of salt does she need to add now ?,9 7 4 2,- - number1 number3 number2,1.0,"[1, 2, 9, 10, 11, 12, 13, 14, 15, 46, 47, 18, 19, 20, 48, 27, 28, 29]",mary is baking a cake . the recipe calls for number0 cups of sugar number1 cups of flour and number2 cups of salt . she already put in number3 cups of flour .,how many more cups of flour than cups of salt does she need to add now ?
mary is baking a cake . the recipe calls for number0 cups of sugar number1 cups of flour and number2 cups of salt . she already put in number3 cups of flour . how many more cups of sugar than cups of salt does she need to add now ?,11 6 9 12,- number0 number2,2.0,"[1, 2, 9, 10, 11, 12, 13, 14, 15, 46, 47, 18, 19, 20, 48, 27, 28, 29]",mary is baking a cake . the recipe calls for number0 cups of sugar number1 cups of flour and number2 cups of salt . she already put in number3 cups of flour .,how many more cups of sugar than cups of salt does she need to add now ?
mary is baking a cake . the recipe calls for number0 cups of sugar and number1 cups of flour . she already put in number2 cups of sugar . how many more cups of sugar does she need to add ?,7 10 4,- number0 number2,3.0,"[1, 2, 37, 38, 39, 8, 9, 10, 11, 14, 15, 16, 23, 24, 25]",mary is baking a cake . the recipe calls for number0 cups of sugar and number1 cups of flour . she already put in number2 cups of sugar .,how many more cups of sugar does she need to add ?
mary is baking a cake . the recipe calls for number0 cups of sugar and number1 cups of flour . she already put in number2 cups of sugar . how many more cups of flour than cups of sugar does she need to add now ?,12 14 10,- number1 - number0 number2,12.0,"[1, 2, 9, 10, 11, 12, 42, 14, 15, 16, 43, 44, 23, 24, 25]",mary is baking a cake . the recipe calls for number0 cups of sugar and number1 cups of flour . she already put in number2 cups of sugar .,how many more cups of flour than cups of sugar does she need to add now ?
last week fred had number0 dollars and jason had number1 dollars . jason washed cars over the weekend and now has number2 dollars . how much money did jason make washing cars ?,60 19 33,- number2 number1,14.0,"[3, 4, 5, 8, 9, 10, 20, 21, 22, 29, 30, 31]",last week fred had number0 dollars and jason had number1 dollars . jason washed cars over the weekend and now has number2 dollars .,how much money did jason make washing cars ?
last week fred had number0 dollars and jason had number1 dollars . fred washed cars over the weekend and now has number2 dollars and jason did not work . how much money do they have together now ?,86 5 9,+ number1 number2,14.0,"[34, 3, 4, 5, 35, 36, 8, 9, 10, 20, 21, 22]",last week fred had number0 dollars and jason had number1 dollars . fred washed cars over the weekend and now has number2 dollars and jason did not work .,how much money do they have together now ?
last week fred had number0 dollars and jason had number1 dollars . they washed cars over the weekend and now fred has number2 dollars and jason has number3 dollars . how much money did fred earn over the weekend ?,19 16 40 69,- number2 number0,21.0,"[3, 4, 5, 36, 37, 8, 9, 10, 38, 14, 21, 22, 23, 26, 27, 28]",last week fred had number0 dollars and jason had number1 dollars . they washed cars over the weekend and now fred has number2 dollars and jason has number3 dollars .,how much money did fred earn over the weekend ?
last week fred had number0 dollars and jason had number1 dollars . they washed cars over the weekend and now fred has number2 dollars and jason has number3 dollars . how much money did jason make over the weekend ?,114 22 21 78,- number3 number1,56.0,"[3, 4, 5, 36, 37, 8, 9, 10, 38, 14, 21, 22, 23, 26, 27, 28]",last week fred had number0 dollars and jason had number1 dollars . they washed cars over the weekend and now fred has number2 dollars and jason has number3 dollars .,how much money did jason make over the weekend ?
last week fred had number0 dollars and jason had number1 dollars . fred washed cars over the weekend and now has number2 dollars . jason delivered newspapers and now has number3 dollars . how much money did they earn by washing cars ?,111 40 115 44,- number2 number0,4.0,"[3, 4, 5, 39, 8, 9, 10, 40, 41, 17, 20, 21, 22, 29, 30, 31]",last week fred had number0 dollars and jason had number1 dollars . fred washed cars over the weekend and now has number2 dollars . jason delivered newspapers and now has number3 dollars .,how much money did they earn by washing cars ?
last week fred had number0 dollars and jason had number1 dollars . fred washed cars over the weekend and now has number2 dollars . jason delivered newspapers and now has number3 dollars . how much money did they earn by delivering newspapers ?,49 3 112 63,- number2 number0,63.0,"[3, 4, 5, 39, 8, 9, 10, 40, 41, 17, 20, 21, 22, 29, 30, 31]",last week fred had number0 dollars and jason had number1 dollars . fred washed cars over the weekend and now has number2 dollars . jason delivered newspapers and now has number3 dollars .,how much money did they earn by delivering newspapers ?
last week fred had number0 dollars and jason had number1 dollars . jason delivered newspapers and now has number2 dollars . fred washed cars over the weekend and now has number3 dollars . how much money did they earn by delivering newspapers ?,78 31 14 90,- number3 number0,12.0,"[3, 4, 5, 39, 8, 9, 10, 40, 41, 17, 18, 19, 29, 30, 31]",last week fred had number0 dollars and jason had number1 dollars . jason delivered newspapers and now has number2 dollars . fred washed cars over the weekend and now has number3 dollars .,how much money did they earn by delivering newspapers ?
last week fred had number0 dollars and jason had number1 dollars . over the weekend fred delivered newspapers earning number2 dollars and washed cars earning number3 dollars . how much money did fred earn over the weekend ?,33 95 16 74,+ number2 number3,90.0,"[34, 3, 4, 5, 35, 36, 8, 9, 10, 18, 19, 20, 24, 25, 26]",last week fred had number0 dollars and jason had number1 dollars . over the weekend fred delivered newspapers earning number2 dollars and washed cars earning number3 dollars .,how much money did fred earn over the weekend ?
last week fred had number0 dollars and jason had number1 dollars . over the weekend fred delivered newspapers earning number2 dollars and washed cars earning number3 dollars . how much money does fred have now ?,47 99 111 34,+ + number0 number2 number3,192.0,"[32, 33, 34, 3, 4, 5, 8, 9, 10, 18, 19, 20, 24, 25, 26]",last week fred had number0 dollars and jason had number1 dollars . over the weekend fred delivered newspapers earning number2 dollars and washed cars earning number3 dollars .,how much money does fred have now ?
dan has $ number0 left with him after he bought a candy bar for $ number1 . how much money did he have initially ?,3 2,+ number0 number1,5.0,"[1, 2, 3, 4, 14, 15, 21, 22, 23]",dan has $ number0 left with him after he bought a candy bar for $ number1 .,how much money did he have initially ?
dan has $ number0 . he had $ number1 left with him after he bought a candy bar . how much did the candy bar cost ?,4 3,- number0 number1,1.0,"[1, 2, 3, 6, 7, 8, 9, 23, 24, 25]",dan has $ number0 . he had $ number1 left with him after he bought a candy bar .,how much did the candy bar cost ?
dan has $ number0 . he bought number1 candy bar for $ number2 each one costing the same amount of money . how much money is left ?,4 99 3,- number0 number2,1.0,"[1, 2, 3, 6, 7, 8, 9, 11, 12, 13, 24, 25, 26]",dan has $ number0 . he bought number1 candy bar for $ number2 each one costing the same amount of money .,how much money is left ?
dan has $ number0 . he bought number1 candy bar for $ number2 each one costing the same amount of money . how much did each candy bar cost ?,3 2 4,/ number2 number1,2.0,"[1, 2, 3, 6, 7, 8, 9, 11, 12, 13, 25, 26, 27, 28]",dan has $ number0 . he bought number1 candy bar for $ number2 each one costing the same amount of money .,how much did each candy bar cost ?
dan has $ number0 . he bought some candy bar for $ number1 each one costing $ number2 . how many candy bar did he buy ?,2 6 3,/ number1 number2,2.0,"[1, 2, 3, 11, 12, 13, 15, 16, 17, 23, 24, 25]",dan has $ number0 . he bought some candy bar for $ number1 each one costing $ number2 .,how many candy bar did he buy ?
dan has $ number0 . he bought a candy bar for $ number1 and a chocolate for $ number2 . how much money is left ?,7 2 3,- number0 + number1 number2,2.0,"[1, 2, 3, 11, 12, 13, 17, 18, 22, 23, 24]",dan has $ number0 . he bought a candy bar for $ number1 and a chocolate for $ number2 .,how much money is left ?
dan has $ number0 . he bought a candy bar for $ number1 and a chocolate for $ number2 . how much money did he spend buying the candy bar and chocolate ?,4 7 6,+ number1 number2,13.0,"[1, 2, 3, 11, 12, 13, 17, 18, 29, 30, 31]",dan has $ number0 . he bought a candy bar for $ number1 and a chocolate for $ number2 .,how much money did he spend buying the candy bar and chocolate ?
dan has $ number0 . he bought a candy bar for $ number1 and a chocolate for $ number2 . how much money did he spend to buy candy bar than he did to buy chocolate ?,2 6 3,- number1 number2,3.0,"[1, 2, 3, 33, 34, 35, 11, 12, 13, 17, 18]",dan has $ number0 . he bought a candy bar for $ number1 and a chocolate for $ number2 .,how much money did he spend to buy candy bar than he did to buy chocolate ?
dan has $ number0 . he bought a candy bar for $ number1 and a chocolate for $ number2 . how much money did he spend to buy chocolate than he did to buy candy bar ?,5 2 3,- number2 number1,1.0,"[1, 2, 3, 33, 34, 35, 11, 12, 13, 17, 18]",dan has $ number0 . he bought a candy bar for $ number1 and a chocolate for $ number2 .,how much money did he spend to buy chocolate than he did to buy candy bar ?
dan has $ number0 . he bought a candy bar for $ number1 . then his friend have him $ number2 how much money is left ?,4 8 5,+ - number0 number1 number2,1.0,"[1, 2, 3, 11, 12, 17, 19, 20, 21, 23, 24, 25]",dan has $ number0 . he bought a candy bar for $ number1 . then his friend have him $ number2,how much money is left ?
dan had $ number0 left with him after he bought a candy bar . if he had $ number1 at the start how much did the candy bar cost ?,3 4,- number1 number0,1.0,"[1, 2, 3, 4, 17, 18, 19, 26, 27, 28]",dan had $ number0 left with him after he bought a candy bar . if he had $ number1 at the start,how much did the candy bar cost ?
dan has $ number0 . for a total of $ number1 he bought number2 candy bar each one costing the same amount of money . how much money is left ?,4 3 10,- number0 number1,1.0,"[1, 2, 3, 9, 10, 11, 12, 13, 14, 15, 16, 27, 28, 29]",dan has $ number0 . for a total of $ number1 he bought number2 candy bar each one costing the same amount of money .,how much money is left ?
dan has $ number0 . for a total of $ number1 he bought number2 candy bar each one costing the same amount of money . how much did each candy bar cost ?,3 4 2,/ number1 number2,2.0,"[1, 2, 3, 9, 10, 11, 12, 13, 14, 15, 16, 28, 29, 30, 31]",dan has $ number0 . for a total of $ number1 he bought number2 candy bar each one costing the same amount of money .,how much did each candy bar cost ?
dan has $ number0 . he bought a chocolate for $ number1 and a candy bar for $ number2 . how much money did he spend to buy candy bar than he did to buy chocolate ?,5 3 7,- number2 number1,4.0,"[1, 2, 3, 33, 34, 35, 10, 11, 12, 17, 18]",dan has $ number0 . he bought a chocolate for $ number1 and a candy bar for $ number2 .,how much money did he spend to buy candy bar than he did to buy chocolate ?
dan has $ number0 . he bought a chocolate for $ number1 and a candy bar for $ number2 . how much money did he spend to buy chocolate than he did to buy candy bar ?,4 7 2,- number1 number2,5.0,"[1, 2, 3, 33, 34, 35, 10, 11, 12, 17, 18]",dan has $ number0 . he bought a chocolate for $ number1 and a candy bar for $ number2 .,how much money did he spend to buy chocolate than he did to buy candy bar ?
there were number0 roses in the vase . jessica cut number1 more roses from her flower garden and put them in the vase . how many roses are there in the vase now ?,10 8,+ number0 number1,18.0,"[32, 1, 2, 3, 4, 9, 10, 11, 12, 30, 31]",there were number0 roses in the vase . jessica cut number1 more roses from her flower garden and put them in the vase .,how many roses are there in the vase now ?
there were some roses in the vase . jessica cut number0 more roses from her flower garden and put them in the vase . there are now number1 roses in the vase . how many roses were there in the vase at the beginning ?,16 23,- number1 number0,7.0,"[1, 3, 4, 9, 10, 11, 12, 41, 42, 43, 26, 27, 28]",there were some roses in the vase . jessica cut number0 more roses from her flower garden and put them in the vase . there are now number1 roses in the vase .,how many roses were there in the vase at the beginning ?
there were number0 roses in the vase . jessica threw away number1 roses from the vase and cut some more new roses from her flower garden to put in the vase . there are now number2 roses in the vase . how many roses did she cut ?,2 4 23,- + number2 number1 number0,25.0,"[1, 2, 3, 35, 34, 36, 5, 9, 10, 11, 12, 44, 45, 46]",there were number0 roses in the vase . jessica threw away number1 roses from the vase and cut some more new roses from her flower garden to put in the vase . there are now number2 roses in the vase .,how many roses did she cut ?
there were number0 roses in the vase . jessica threw away number1 roses from the vase and cut some more new roses from her flower garden to put in the vase . there are now number2 roses in the vase . how many more roses did she cut than those she threw away ?,15 33 17,- number2 number0,2.0,"[1, 2, 3, 35, 34, 36, 6, 9, 10, 11, 12, 50, 51, 52]",there were number0 roses in the vase . jessica threw away number1 roses from the vase and cut some more new roses from her flower garden to put in the vase . there are now number2 roses in the vase .,how many more roses did she cut than those she threw away ?
