Question,Numbers,Equation,Answer,group_nums,Body,Ques
a grocery store had number0 bottles of regular soda and number1 bottles of diet soda . how many more bottles of regular soda than diet soda did they have ?,67 9,- number0 number1,58.0,"[1, 2, 3, 4, 5, 9, 10, 11, 12, 26, 27, 28]",a grocery store had number0 bottles of regular soda and number1 bottles of diet soda .,how many more bottles of regular soda than diet soda did they have ?
a grocery store had number0 bottles of regular soda and number1 bottles of diet soda . how many more bottles of diet soda than regular soda did they have ?,22 61,- number1 number0,39.0,"[1, 2, 3, 4, 5, 9, 10, 11, 12, 26, 27, 28]",a grocery store had number0 bottles of regular soda and number1 bottles of diet soda .,how many more bottles of diet soda than regular soda did they have ?
a grocery store had number0 bottles of regular soda number1 bottles of diet soda and number2 apples . how many bottles did they have total ?,30 8 41,+ number0 number1,38.0,"[1, 3, 4, 5, 8, 9, 10, 14, 15, 16, 22, 23, 24]",a grocery store had number0 bottles of regular soda number1 bottles of diet soda and number2 apples .,how many bottles did they have total ?
a grocery store had number0 bottles of regular soda number1 bottles of diet soda and number2 apples . how many more bottles of regular soda than diet soda did they have ?,79 53 42,- number0 number1,26.0,"[1, 2, 3, 4, 5, 8, 9, 10, 12, 14, 15, 16, 28, 29, 30]",a grocery store had number0 bottles of regular soda number1 bottles of diet soda and number2 apples .,how many more bottles of regular soda than diet soda did they have ?
a grocery store had number0 bottles of diet soda number1 bottles of regular soda and number2 apples . how many more bottles of regular soda than diet soda did they have ?,54 83 12,- number1 number0,29.0,"[1, 2, 3, 4, 5, 8, 9, 10, 12, 14, 15, 16, 28, 29, 30]",a grocery store had number0 bottles of diet soda number1 bottles of regular soda and number2 apples .,how many more bottles of regular soda than diet soda did they have ?
a grocery store had a total of number0 bottles of which number1 were bottles of regular soda and the rest were bottles of diet soda . they also had number2 apple . how many bottles of diet soda did they have ?,17 9 29,- number0 number1,8.0,"[1, 2, 6, 7, 8, 38, 10, 11, 12, 39, 40, 28, 29, 30]",a grocery store had a total of number0 bottles of which number1 were bottles of regular soda and the rest were bottles of diet soda . they also had number2 apple .,how many bottles of diet soda did they have ?
a grocery store had number0 bottles of diet soda and number1 bottles of regular soda . how many more bottles of regular soda than diet soda did they have ?,19 60,- number1 number0,41.0,"[1, 2, 3, 4, 5, 9, 10, 11, 12, 26, 27, 28]",a grocery store had number0 bottles of diet soda and number1 bottles of regular soda .,how many more bottles of regular soda than diet soda did they have ?
a grocery store had number0 bottles of regular soda number1 bottles of diet soda and number2 apples . how many more bottles than apple did they have ?,72 32 78,- + number0 number1 number2,26.0,"[1, 2, 3, 4, 5, 8, 9, 10, 14, 15, 16, 24, 25, 26]",a grocery store had number0 bottles of regular soda number1 bottles of diet soda and number2 apples .,how many more bottles than apple did they have ?
a grocery store had number0 apples number1 bottles of regular soda and number2 bottles of diet soda . how many more bottles than apple did they have ?,36 80 54,- + number1 number2 number0,98.0,"[1, 2, 3, 4, 5, 6, 7, 8, 11, 12, 13, 24, 25, 26]",a grocery store had number0 apples number1 bottles of regular soda and number2 bottles of diet soda .,how many more bottles than apple did they have ?
a grocery store had a total of number0 bottles of which number1 were bottles of regular soda and the rest were bottles of diet soda . how many bottles of diet soda did they have ?,30 28,- number0 number1,2.0,"[32, 1, 33, 34, 6, 7, 8, 10, 11, 12]",a grocery store had a total of number0 bottles of which number1 were bottles of regular soda and the rest were bottles of diet soda .,how many bottles of diet soda did they have ?
a grocery store had number0 bottles of diet soda . if they had number1 more bottles of regular soda than diet soda how many bottles of regular soda did they have ?,4 79,+ number0 number1,83.0,"[2, 3, 4, 5, 12, 13, 14, 15, 20, 28, 29, 30]",a grocery store had number0 bottles of diet soda . if they had number1 more bottles of regular soda than diet soda,how many bottles of regular soda did they have ?
a grocery store had number0 bottles of regular soda number1 bottles of diet soda and number2 bottles of lite soda . how many bottles did they have total ?,57 26 27,+ + number0 number1 number2,110.0,"[1, 3, 4, 5, 8, 9, 10, 14, 15, 16, 25, 26, 27]",a grocery store had number0 bottles of regular soda number1 bottles of diet soda and number2 bottles of lite soda .,how many bottles did they have total ?
a grocery store had number0 bottles of regular soda number1 bottles of diet soda and number2 bottles of lite soda . how many more bottles of regular soda did they have than diet soda ?,81 60 60,- number0 number1,21.0,"[32, 1, 2, 3, 4, 5, 33, 8, 9, 10, 14, 15, 16, 31]",a grocery store had number0 bottles of regular soda number1 bottles of diet soda and number2 bottles of lite soda .,how many more bottles of regular soda did they have than diet soda ?
a grocery store had number0 bottles of regular soda number1 bottles of diet soda and number2 bottles of lite soda . how many bottles of regular soda and diet soda did they have altogether ?,49 40 6,+ number1 number0,89.0,"[32, 1, 33, 3, 4, 5, 8, 9, 10, 11, 14, 15, 16, 31]",a grocery store had number0 bottles of regular soda number1 bottles of diet soda and number2 bottles of lite soda .,how many bottles of regular soda and diet soda did they have altogether ?
every day ryan spends number0 hours on learning english and number1 hours on learning chinese . how many more hours does he spend on learning english than he does on learning chinese ?,6 2,- number0 number1,4.0,"[0, 1, 2, 3, 4, 5, 6, 7, 8, 9, 10, 11, 29, 30, 31]",every day ryan spends number0 hours on learning english and number1 hours on learning chinese .,how many more hours does he spend on learning english than he does on learning chinese ?
every day ryan spends number0 hours on learning english and number1 hours on learning chinese . how many more hours does he spend on learning chinese than he does on learning english ?,6 7,- number1 number0,1.0,"[0, 1, 2, 3, 4, 5, 6, 7, 8, 9, 10, 11, 29, 30, 31]",every day ryan spends number0 hours on learning english and number1 hours on learning chinese .,how many more hours does he spend on learning chinese than he does on learning english ?
every day ryan spends number0 hours on learning english and some more hours on learning chinese . if he spends a total of number1 hours on learning english and chinese everyday how many hours does he spend on learning chinese ?,3 4,- number1 number0,1.0,"[0, 3, 4, 5, 37, 38, 39, 11, 15, 19, 22, 23, 24]",every day ryan spends number0 hours on learning english and some more hours on learning chinese . if he spends a total of number1 hours on learning english and chinese everyday,how many hours does he spend on learning chinese ?
every day ryan spends number0 hours on learning english and some more hours on learning chinese . if he spends number1 hours more on learning english than on learning chinese how many hours does he spend on learning chinese ?,7 2,- number0 number1,5.0,"[0, 3, 4, 5, 36, 37, 38, 11, 14, 19, 20, 21]",every day ryan spends number0 hours on learning english and some more hours on learning chinese . if he spends number1 hours more on learning english than on learning chinese,how many hours does he spend on learning chinese ?
every day ryan spends number0 hours on learning chinese and some more hours on learning english . if he spends number1 hours more on learning english than on learning chinese how many hours does he spend on learning english ?,5 2,+ number0 number1,7.0,"[0, 3, 4, 5, 36, 7, 37, 38, 11, 14, 19, 20, 21]",every day ryan spends number0 hours on learning chinese and some more hours on learning english . if he spends number1 hours more on learning english than on learning chinese,how many hours does he spend on learning english ?
every day ryan spends number0 hours on learning english and number1 hours on learning chinese . if he learns for number2 days how many hours does he spend on learning english and chinese in all ?,6 7 5,* + number0 number1 number2,65.0,"[0, 32, 33, 3, 4, 5, 34, 7, 8, 9, 10, 11, 19, 20, 21]",every day ryan spends number0 hours on learning english and number1 hours on learning chinese . if he learns for number2 days,how many hours does he spend on learning english and chinese in all ?
every day ryan spends number0 hours on learning english and number1 hours on learning chinese . if he learns for number2 days how many hours does he spend on learning english in all ?,6 5 2,* number0 number2,12.0,"[0, 32, 3, 4, 5, 7, 8, 9, 10, 11, 19, 20, 21, 30, 31]",every day ryan spends number0 hours on learning english and number1 hours on learning chinese . if he learns for number2 days,how many hours does he spend on learning english in all ?
every day ryan spends number0 hours on learning english and number1 hours on learning chinese . if he learns for number2 days how many hours does he spend on learning chinese in all ?,5 4 6,* number1 number2,24.0,"[0, 32, 3, 4, 5, 7, 8, 9, 10, 11, 19, 20, 21, 30, 31]",every day ryan spends number0 hours on learning english and number1 hours on learning chinese . if he learns for number2 days,how many hours does he spend on learning chinese in all ?
every day ryan spends number0 hours on learning english and number1 hours on learning chinese . if he learns for number2 days how many hours does he spend on learning english and chinese each day ?,4 6 86,+ number0 number1,10.0,"[0, 33, 32, 3, 4, 5, 34, 7, 8, 9, 10, 11, 19, 20, 21]",every day ryan spends number0 hours on learning english and number1 hours on learning chinese . if he learns for number2 days,how many hours does he spend on learning english and chinese each day ?
every day ryan spends number0 hours on learning english number1 hours on learning chinese and number2 hours on learning spanish . how many hours does he spend on learning english chinese and spanish in all ?,6 7 3,+ + number0 number1 number2,16.0,"[0, 1, 32, 3, 4, 5, 33, 7, 8, 9, 10, 34, 12, 13, 14, 15, 16]",every day ryan spends number0 hours on learning english number1 hours on learning chinese and number2 hours on learning spanish .,how many hours does he spend on learning english chinese and spanish in all ?
every day ryan spends number0 hours on learning english number1 hours on learning chinese and number2 hours on learning spanish . how many more hours does he spend on learning english than he does on learning chinese ?,6 3 58,- number0 number1,3.0,"[0, 1, 2, 3, 4, 5, 6, 7, 8, 9, 10, 34, 12, 13, 14, 15, 16, 35, 36]",every day ryan spends number0 hours on learning english number1 hours on learning chinese and number2 hours on learning spanish .,how many more hours does he spend on learning english than he does on learning chinese ?
every day ryan spends number0 hours on learning english number1 hours on learning chinese and number2 hours on learning spanish . how many more hours does he spend on learning english than he does on learning spanish ?,7 2 4,- number0 number2,3.0,"[0, 1, 2, 3, 4, 5, 6, 7, 8, 9, 10, 34, 12, 13, 14, 15, 16, 35, 36]",every day ryan spends number0 hours on learning english number1 hours on learning chinese and number2 hours on learning spanish .,how many more hours does he spend on learning english than he does on learning spanish ?
every day ryan spends number0 hours on learning english number1 hours on learning chinese and number2 hours on learning spanish . how many more hours does he spend on learning chinese than he does on learning spanish ?,2 5 4,- number1 number2,1.0,"[0, 1, 2, 3, 4, 5, 6, 7, 8, 9, 10, 34, 12, 13, 14, 15, 16, 35, 36]",every day ryan spends number0 hours on learning english number1 hours on learning chinese and number2 hours on learning spanish .,how many more hours does he spend on learning chinese than he does on learning spanish ?
every day ryan spends a total of number0 hours on learning english and chinese . if he spends number1 hours on learning english everyday how many hours does he spend on learning chinese ?,3 2,- number0 number1,1.0,"[0, 32, 2, 6, 7, 8, 10, 17, 18, 19, 30, 31]",every day ryan spends a total of number0 hours on learning english and chinese . if he spends number1 hours on learning english everyday,how many hours does he spend on learning chinese ?
ryan learns english and chinese for number0 days . every day he spends number1 hours on learning english and number2 hours on learning chinese . how many hours does he spend on learning english and chinese in all ?,7 4 5,* + number1 number2 number0,63.0,"[1, 3, 35, 5, 6, 7, 8, 9, 36, 37, 12, 13, 14, 18, 19, 20]",ryan learns english and chinese for number0 days . every day he spends number1 hours on learning english and number2 hours on learning chinese .,how many hours does he spend on learning english and chinese in all ?
the grasshopper and the frog had a jumping contest . the grasshopper jumped number0 inches and the frog jumped number1 inches . how much farther did the frog jump than the grasshopper ?,9 12,- number1 number0,3.0,"[12, 13, 14, 18, 19, 20, 29, 30, 31]",the grasshopper and the frog had a jumping contest . the grasshopper jumped number0 inches and the frog jumped number1 inches .,how much farther did the frog jump than the grasshopper ?
the grasshopper and the frog had a jumping contest . the grasshopper jumped number0 inches and the frog jumped number1 inches . how much did they jump altogether ?,31 35,+ number0 number1,66.0,"[12, 13, 14, 18, 19, 20, 25, 26, 27]",the grasshopper and the frog had a jumping contest . the grasshopper jumped number0 inches and the frog jumped number1 inches .,how much did they jump altogether ?
the grasshopper the frog and the mouse had a jumping contest . the grasshopper jumped number0 inches . the frog jumped number1 inches farther than the grasshopper and the mouse jumped number2 inches farther than the frog . how far did the frog jump ?,36 17 15,+ number0 number1,53.0,"[32, 41, 42, 43, 14, 15, 16, 20, 21, 22, 30, 31]",the grasshopper the frog and the mouse had a jumping contest . the grasshopper jumped number0 inches . the frog jumped number1 inches farther than the grasshopper and the mouse jumped number2 inches farther than the frog .,how far did the frog jump ?
the grasshopper the frog and the mouse had a jumping contest . the grasshopper jumped number0 inches . the frog jumped number1 inches farther than the grasshopper and the mouse jumped number2 inches farther than the frog . how far did the mouse jump ?,25 18 2,+ + number0 number1 number2,45.0,"[32, 41, 42, 43, 14, 15, 16, 20, 21, 22, 30, 31]",the grasshopper the frog and the mouse had a jumping contest . the grasshopper jumped number0 inches . the frog jumped number1 inches farther than the grasshopper and the mouse jumped number2 inches farther than the frog .,how far did the mouse jump ?
the grasshopper the frog and the mouse had a jumping contest . the grasshopper jumped number0 inches . the frog jumped number1 inches farther than the grasshopper and the mouse jumped number2 inches farther than the frog . how much farther did the mouse jump than the grasshopper ?,19 10 20,+ number1 number2,30.0,"[32, 45, 14, 15, 16, 46, 47, 20, 21, 22, 30, 31]",the grasshopper the frog and the mouse had a jumping contest . the grasshopper jumped number0 inches . the frog jumped number1 inches farther than the grasshopper and the mouse jumped number2 inches farther than the frog .,how much farther did the mouse jump than the grasshopper ?
the grasshopper the frog and the mouse had a jumping contest . the grasshopper jumped number0 inches . the frog jumped number1 inches farther than the grasshopper and the mouse jumped number2 inches lesser than the frog . how far did the frog jump ?,19 39 94,+ number0 number1,58.0,"[32, 41, 42, 43, 14, 15, 16, 20, 21, 22, 30, 31]",the grasshopper the frog and the mouse had a jumping contest . the grasshopper jumped number0 inches . the frog jumped number1 inches farther than the grasshopper and the mouse jumped number2 inches lesser than the frog .,how far did the frog jump ?
the grasshopper the frog and the mouse had a jumping contest . the grasshopper jumped number0 inches . the frog jumped number1 inches farther than the grasshopper and the mouse jumped number2 inches lesser than the frog . how far did the mouse jump ?,25 32 26,- + number0 number1 number2,31.0,"[32, 41, 42, 43, 14, 15, 16, 20, 21, 22, 30, 31]",the grasshopper the frog and the mouse had a jumping contest . the grasshopper jumped number0 inches . the frog jumped number1 inches farther than the grasshopper and the mouse jumped number2 inches lesser than the frog .,how far did the mouse jump ?
the grasshopper the frog and the mouse had a jumping contest . the grasshopper jumped number0 inches . the frog jumped number1 inches farther than the grasshopper and the mouse jumped number2 inches lesser than the frog . how much farther did the mouse jump than the grasshopper ?,24 33 5,- number1 number2,28.0,"[32, 45, 14, 15, 16, 46, 47, 20, 21, 22, 30, 31]",the grasshopper the frog and the mouse had a jumping contest . the grasshopper jumped number0 inches . the frog jumped number1 inches farther than the grasshopper and the mouse jumped number2 inches lesser than the frog .,how much farther did the mouse jump than the grasshopper ?
the grasshopper and the frog had a jumping contest . the grasshopper jumped number0 inches . the grasshopper jumped number1 inches farther than the grasshopper . how far did the frog jump ?,13 2,- number0 number1,11.0,"[12, 13, 14, 18, 19, 20, 29, 30, 31]",the grasshopper and the frog had a jumping contest . the grasshopper jumped number0 inches . the grasshopper jumped number1 inches farther than the grasshopper .,how far did the frog jump ?
the grasshopper and the frog had a jumping contest . the grasshopper jumped number0 inches . the grasshopper jumped number1 inches farther than the grasshopper . how much did they jump altogether ?,35 4,- + number0 number0 number1,66.0,"[12, 13, 14, 18, 19, 20, 29, 30, 31]",the grasshopper and the frog had a jumping contest . the grasshopper jumped number0 inches . the grasshopper jumped number1 inches farther than the grasshopper .,how much did they jump altogether ?
the grasshopper the frog and the mouse had a jumping contest . the grasshopper jumped number0 inches . the grasshopper jumped number1 inches farther than the frog and the mouse jumped number2 inches lesser than the frog . how far did the frog jump ?,19 4 44,- number0 number1,15.0,"[32, 41, 42, 43, 14, 15, 16, 20, 21, 22, 30, 31]",the grasshopper the frog and the mouse had a jumping contest . the grasshopper jumped number0 inches . the grasshopper jumped number1 inches farther than the frog and the mouse jumped number2 inches lesser than the frog .,how far did the frog jump ?
the grasshopper the frog and the mouse had a jumping contest . the grasshopper jumped number0 inches . the grasshopper jumped number1 inches farther than the frog and the mouse jumped number2 inches lesser than the frog . how far did the mouse jump ?,39 19 12,- - number0 number1 number2,8.0,"[32, 41, 42, 43, 14, 15, 16, 20, 21, 22, 30, 31]",the grasshopper the frog and the mouse had a jumping contest . the grasshopper jumped number0 inches . the grasshopper jumped number1 inches farther than the frog and the mouse jumped number2 inches lesser than the frog .,how far did the mouse jump ?
the grasshopper the frog and the mouse had a jumping contest . the grasshopper jumped number0 inches . the grasshopper jumped number1 inches farther than the frog and the mouse jumped number2 inches lesser than the frog . how much farther did the grasshopper jump than the mouse ?,21 25 16,+ number1 number2,41.0,"[32, 45, 14, 15, 16, 46, 47, 20, 21, 22, 30, 31]",the grasshopper the frog and the mouse had a jumping contest . the grasshopper jumped number0 inches . the grasshopper jumped number1 inches farther than the frog and the mouse jumped number2 inches lesser than the frog .,how much farther did the grasshopper jump than the mouse ?
the grasshopper and the frog had a jumping contest . the frog jumped number0 inches and the grasshopper jumped number1 inches . how much farther did the frog jump than the grasshopper ?,39 17,- number0 number1,22.0,"[12, 13, 14, 18, 19, 20, 29, 30, 31]",the grasshopper and the frog had a jumping contest . the frog jumped number0 inches and the grasshopper jumped number1 inches .,how much farther did the frog jump than the grasshopper ?
the grasshopper the frog and the mouse had a jumping contest . the grasshopper jumped number0 inches . the mouse jumped number1 inches lesser than the frog who jumped number2 inches farther than the grasshopper . how far did the mouse jump ?,9 3 33,- + number0 number2 number1,39.0,"[39, 40, 41, 14, 15, 16, 20, 21, 22, 28, 29, 30]",the grasshopper the frog and the mouse had a jumping contest . the grasshopper jumped number0 inches . the mouse jumped number1 inches lesser than the frog who jumped number2 inches farther than the grasshopper .,how far did the mouse jump ?
the grasshopper the frog and the mouse had a jumping contest . the grasshopper jumped number0 inches . the mouse jumped number1 inches lesser than the frog who jumped number2 inches farther than the grasshopper . how much farther did the mouse jump than the grasshopper ?,14 16 37,- number2 number1,21.0,"[43, 44, 45, 14, 15, 16, 20, 21, 22, 28, 29, 30]",the grasshopper the frog and the mouse had a jumping contest . the grasshopper jumped number0 inches . the mouse jumped number1 inches lesser than the frog who jumped number2 inches farther than the grasshopper .,how much farther did the mouse jump than the grasshopper ?
rachel picked number0 apples from her tree . if the tree had number1 apples initially . how many apples are still there on the tree ?,4 7,- number1 number0,3.0,"[1, 2, 3, 5, 11, 12, 13, 22, 23, 24]",rachel picked number0 apples from her tree . if the tree had number1 apples initially .,how many apples are still there on the tree ?
rachel 's tree had number0 apples initially . she picked some apples and now there are number1 apples left on the tree . how many apples did rachel pick ?,4 2,- number0 number1,2.0,"[1, 3, 4, 5, 7, 15, 16, 17, 26, 27, 28]",rachel 's tree had number0 apples initially . she picked some apples and now there are number1 apples left on the tree .,how many apples did rachel pick ?
rachel picked number0 ripe apples from her tree . now the tree has number1 apples still on it . if number2 of those are ripe and the rest are unripe how many unripe apples does the tree have now ?,7 5 3,- number1 number2,2.0,"[1, 2, 3, 4, 36, 37, 38, 12, 13, 14, 18, 19, 20, 21]",rachel picked number0 ripe apples from her tree . now the tree has number1 apples still on it . if number2 of those are ripe and the rest are unripe,how many unripe apples does the tree have now ?
rachel picked number0 ripe apples from her tree . now the tree has number1 apples still on it . if number2 of those are ripe and the rest are unripe how many ripe apples did the tree have to begin with ?,2 7 6,+ number0 number2,8.0,"[1, 2, 3, 4, 38, 39, 40, 12, 13, 14, 19, 20, 21]",rachel picked number0 ripe apples from her tree . now the tree has number1 apples still on it . if number2 of those are ripe and the rest are unripe,how many ripe apples did the tree have to begin with ?
rachel picked number0 ripe apples from her tree . now the tree has number1 ripe apples and number2 unripe apples . how many apples did the tree have to begin with ?,6 2 4,+ + number0 number1 number2,12.0,"[1, 2, 3, 4, 5, 8, 9, 12, 13, 14, 15, 16, 17, 18, 19, 28, 29, 30]",rachel picked number0 ripe apples from her tree . now the tree has number1 ripe apples and number2 unripe apples .,how many apples did the tree have to begin with ?
rachel picked number0 ripe apples from her tree . now the tree has number1 ripe apples and number2 unripe apples . how many ripe apples did the tree have to begin with ?,3 2 27,+ number0 number1,5.0,"[1, 2, 3, 4, 5, 7, 9, 12, 13, 14, 15, 16, 17, 18, 19, 29, 30, 31]",rachel picked number0 ripe apples from her tree . now the tree has number1 ripe apples and number2 unripe apples .,how many ripe apples did the tree have to begin with ?
rachel picked number0 apples from her tree . thereafter number1 new apples grew on the tree . now the tree has number2 apples still on it . how many apples did the tree have to begin with ?,7 2 6,+ - number2 number1 number0,11.0,"[1, 2, 3, 4, 34, 35, 36, 8, 9, 10, 11, 20, 21, 22]",rachel picked number0 apples from her tree . thereafter number1 new apples grew on the tree . now the tree has number2 apples still on it .,how many apples did the tree have to begin with ?
rachel 's tree had number0 apples . she picked number1 apples from her tree . thereafter number2 new apples grew on the tree . how many apples are there on the tree now ?,2 4 3,+ - number0 number1 number2,1.0,"[32, 1, 2, 3, 4, 5, 8, 9, 10, 15, 16, 17, 18, 30, 31]",rachel 's tree had number0 apples . she picked number1 apples from her tree . thereafter number2 new apples grew on the tree .,how many apples are there on the tree now ?
rachel has number0 apples trees . she picked number1 apples from number2 of her trees . now the tree has number3 apples still on it . how many apples did the tree have to begin with ?,52 2 1 7,+ number1 number3,9.0,"[1, 2, 3, 4, 33, 34, 7, 8, 9, 10, 11, 12, 35, 19, 20, 21]",rachel has number0 apples trees . she picked number1 apples from number2 of her trees . now the tree has number3 apples still on it .,how many apples did the tree have to begin with ?
rachel has number0 apples trees . she picked number1 apples from each of her trees . now the trees have a total number2 apples still on them . how many apples were there on all trees initially ?,3 8 9,+ * number0 number1 number2,33.0,"[1, 2, 3, 4, 5, 34, 7, 8, 9, 35, 11, 36, 21, 22, 23]",rachel has number0 apples trees . she picked number1 apples from each of her trees . now the trees have a total number2 apples still on them .,how many apples were there on all trees initially ?
rachel has number0 apples trees . she picked number1 apples from each of her trees . now the trees have a total number2 apples still on them . how many apples did rachel pick in all ?,4 7 29,* number0 number1,28.0,"[1, 2, 3, 4, 5, 33, 7, 8, 9, 34, 11, 35, 21, 22, 23]",rachel has number0 apples trees . she picked number1 apples from each of her trees . now the trees have a total number2 apples still on them .,how many apples did rachel pick in all ?
there were number0 parents in the program and number1 people in total . how many pupils were present in the program ?,22 676,- number1 number0,654.0,"[1, 2, 3, 7, 8, 9, 18, 19, 20]",there were number0 parents in the program and number1 people in total .,how many pupils were present in the program ?
there were number0 parents number1 pupils and number2 teachers in the program . how many people were present in the program ?,73 724 744,+ + number0 number1 number2,1541.0,"[1, 2, 3, 4, 5, 6, 7, 8, 18, 19, 20]",there were number0 parents number1 pupils and number2 teachers in the program .,how many people were present in the program ?
there were number0 parents in the program and number1 pupils too . how many more pupils were present compared to parents in the program ?,174 521,- number1 number0,347.0,"[1, 2, 3, 7, 8, 9, 21, 22, 23]",there were number0 parents in the program and number1 pupils too .,how many more pupils were present compared to parents in the program ?
there were number0 parents in the program and number1 pupils too . the program could seat number2 people how many people were present in the program ?,61 177 44,+ number0 number1,238.0,"[1, 2, 3, 7, 8, 9, 10, 15, 16, 17, 23, 24, 25]",there were number0 parents in the program and number1 pupils too . the program could seat number2 people,how many people were present in the program ?
bobby ate some pieces of candy . then he ate number0 more . if he ate a total of number1 pieces of candy how many pieces of candy had he eaten at the start ?,25 43,- number1 number0,18.0,"[32, 1, 2, 33, 9, 10, 11, 17, 18, 19, 20, 31]",bobby ate some pieces of candy . then he ate number0 more . if he ate a total of number1 pieces of candy,how many pieces of candy had he eaten at the start ?
bobby ate number0 pieces of candy . then he ate number1 more . he also ate number2 pieces of chocolate . how many pieces of candy did bobby eat ?,28 42 63,+ number0 number1,70.0,"[1, 2, 3, 7, 9, 10, 11, 15, 16, 17, 26, 27, 28]",bobby ate number0 pieces of candy . then he ate number1 more . he also ate number2 pieces of chocolate .,how many pieces of candy did bobby eat ?
bobby ate number0 pieces of candy . then he ate number1 more . he also ate number2 pieces of chocolate . how many pieces of candy and chocolate did bobby eat altogether ?,33 4 14,+ + number0 number1 number2,51.0,"[1, 2, 3, 9, 10, 11, 15, 16, 17, 29, 30, 31]",bobby ate number0 pieces of candy . then he ate number1 more . he also ate number2 pieces of chocolate .,how many pieces of candy and chocolate did bobby eat altogether ?
bobby ate number0 pieces of candy . then he ate number1 more . he also ate number2 pieces of chocolate . how many more pieces of candy than chocolate did bobby eat ?,38 36 16,- + number0 number1 number2,58.0,"[1, 2, 3, 9, 10, 11, 15, 16, 17, 29, 30, 31]",bobby ate number0 pieces of candy . then he ate number1 more . he also ate number2 pieces of chocolate .,how many more pieces of candy than chocolate did bobby eat ?
bobby had number0 pieces of candy . he ate number1 pieces of candy . then he ate number2 more . how many pieces of candy did bobby eat ?,20 34 18,+ number1 number2,52.0,"[1, 2, 3, 7, 8, 9, 10, 16, 17, 18, 25, 26, 27]",bobby had number0 pieces of candy . he ate number1 pieces of candy . then he ate number2 more .,how many pieces of candy did bobby eat ?
bobby had number0 pieces of candy . he ate number1 pieces of candy . then he ate number2 more . how many pieces of candy does he still have left ?,21 5 9,- number0 + number1 number2,7.0,"[1, 2, 3, 8, 9, 10, 16, 17, 18, 27, 28, 29]",bobby had number0 pieces of candy . he ate number1 pieces of candy . then he ate number2 more .,how many pieces of candy does he still have left ?
bobby had number0 pieces of candy . he ate some pieces of candy . then he ate number1 more . if he still has number2 pieces of candy left how many pieces of candy had he eaten at the start ?,22 5 8,- - number0 number1 number2,9.0,"[1, 2, 3, 37, 38, 39, 8, 10, 16, 17, 18, 23, 24, 25]",bobby had number0 pieces of candy . he ate some pieces of candy . then he ate number1 more . if he still has number2 pieces of candy left,how many pieces of candy had he eaten at the start ?
bobby had number0 pieces of candy . he ate number1 pieces of candy . how many pieces of candy does he still have left ?,19 2,- number0 number1,17.0,"[1, 2, 3, 8, 9, 10, 21, 22, 23]",bobby had number0 pieces of candy . he ate number1 pieces of candy .,how many pieces of candy does he still have left ?
bobby had number0 pieces of candy . he ate some pieces of candy . if he has number1 pieces of candy left how many pieces of candy did bobby eat ?,32 20,- number0 number1,12.0,"[1, 2, 3, 7, 9, 16, 17, 18, 27, 28, 29]",bobby had number0 pieces of candy . he ate some pieces of candy . if he has number1 pieces of candy left,how many pieces of candy did bobby eat ?
bobby ate number0 pieces of candy . then he ate number1 more . if he initially had number2 pieces of candy how many pieces of candy does he still have left ?,17 15 36,- number2 + number0 number1,4.0,"[1, 2, 3, 9, 10, 11, 16, 17, 18, 28, 29, 30]",bobby ate number0 pieces of candy . then he ate number1 more . if he initially had number2 pieces of candy,how many pieces of candy does he still have left ?
bobby ate number0 pieces of candy . if he initially had number1 pieces of candy how many pieces of candy does he still have left ?,23 30,- number1 number0,7.0,"[1, 2, 3, 9, 10, 11, 12, 17, 22, 23, 24]",bobby ate number0 pieces of candy . if he initially had number1 pieces of candy,how many pieces of candy does he still have left ?
edward had $ number0 . he spent $ number1 . how much money does edward have now ?,18 16,- number0 number1,2.0,"[1, 2, 3, 6, 7, 8, 14, 15, 16]",edward had $ number0 . he spent $ number1 .,how much money does edward have now ?
edward had $ number0 . he spent some money . now he has $ number1 . how much money did edward spend ?,13 3,- number0 number1,10.0,"[1, 2, 3, 13, 14, 19, 20, 21]",edward had $ number0 . he spent some money . now he has $ number1 .,how much money did edward spend ?
edward spent $ number0 . then he spent $ number1 more . now he has $ number2 . how much did edward have before he spent his money ?,9 8 17,+ + number0 number1 number2,34.0,"[1, 2, 3, 7, 8, 9, 10, 15, 16, 25, 26, 27]",edward spent $ number0 . then he spent $ number1 more . now he has $ number2 .,how much did edward have before he spent his money ?
edward spent $ number0 to buy number1 books each book costing him the same amount of money . now he has $ number2 . how much did edward have before he spent his money ?,16 92 6,+ number0 number2,22.0,"[32, 1, 2, 3, 4, 5, 6, 7, 8, 33, 21, 22, 31]",edward spent $ number0 to buy number1 books each book costing him the same amount of money . now he has $ number2 .,how much did edward have before he spent his money ?
edward spent $ number0 to buy number1 books each book costing him the same amount of money . now he has $ number2 . how much did each book cost ?,6 2 12,/ number0 number1,3.0,"[1, 2, 3, 4, 5, 6, 7, 8, 21, 22, 27, 28, 29]",edward spent $ number0 to buy number1 books each book costing him the same amount of money . now he has $ number2 .,how much did each book cost ?
edward spent $ number0 to buy books and $ number1 to buy pens . now he has $ number2 . how much did edward have before he spent his money ?,6 16 19,+ + number0 number1 number2,41.0,"[1, 2, 3, 4, 8, 9, 10, 17, 18, 27, 28, 29]",edward spent $ number0 to buy books and $ number1 to buy pens . now he has $ number2 .,how much did edward have before he spent his money ?
edward spent $ number0 to buy books and $ number1 to buy pens . now he has $ number2 . how much did edward spend on books and pens ?,4 3 12,+ number0 number1,7.0,"[1, 2, 3, 4, 8, 9, 10, 17, 18, 26, 27, 28]",edward spent $ number0 to buy books and $ number1 to buy pens . now he has $ number2 .,how much did edward spend on books and pens ?
edward spent $ number0 to buy books and $ number1 to buy pens . now he has $ number2 . how much more did edward spend on books than pens ?,16 8 19,- number0 number1,8.0,"[1, 2, 3, 4, 8, 9, 10, 17, 18, 27, 28, 29]",edward spent $ number0 to buy books and $ number1 to buy pens . now he has $ number2 .,how much more did edward spend on books than pens ?
edward spent $ number0 . then he received $ number1 from his friend . now he has $ number2 . how much did edward have before he spent his money ?,17 10 7,+ - number2 number1 number0,14.0,"[1, 2, 3, 7, 8, 9, 10, 17, 18, 27, 28, 29]",edward spent $ number0 . then he received $ number1 from his friend . now he has $ number2 .,how much did edward have before he spent his money ?
in a school there are number0 girls and number1 boys . how many more girls than boys does the school have ?,569 236,- number0 number1,333.0,"[1, 2, 4, 5, 6, 7, 8, 9, 18, 19, 20]",in a school there are number0 girls and number1 boys .,how many more girls than boys does the school have ?
in a school there are number0 girls and number1 boys . how many more boys than girls does the school have ?,34 841,- number1 number0,807.0,"[1, 2, 4, 5, 6, 7, 8, 9, 18, 19, 20]",in a school there are number0 girls and number1 boys .,how many more boys than girls does the school have ?
a school has number0 pupils . there are number1 girls and the rest are boys . how many boys are there in that school ?,485 232,- number0 number1,253.0,"[1, 2, 3, 4, 7, 8, 9, 21, 22, 23]",a school has number0 pupils . there are number1 girls and the rest are boys .,how many boys are there in that school ?
in a school there are number0 girls and the rest are boys . if there are number1 more girls than boys how many boys are there in that school ?,697 228,- number0 number1,469.0,"[2, 4, 5, 6, 15, 16, 17, 18, 26, 27, 28]",in a school there are number0 girls and the rest are boys . if there are number1 more girls than boys,how many boys are there in that school ?
in a school there are number0 girls and the rest are boys . if there are number1 more boys than girls how many boys are there in that school ?,635 510,+ number0 number1,1145.0,"[2, 4, 5, 6, 9, 12, 15, 16, 17, 18, 26, 27, 28]",in a school there are number0 girls and the rest are boys . if there are number1 more boys than girls,how many boys are there in that school ?
in a school there are number0 girls and the rest are boys . if there are number1 more girls than boys how many pupils are there in that school ?,868 281,- + number0 number0 number1,1455.0,"[2, 4, 5, 6, 15, 16, 17, 18, 26, 27, 28]",in a school there are number0 girls and the rest are boys . if there are number1 more girls than boys,how many pupils are there in that school ?
in a school there are number0 girls and the rest are boys . if there are number1 more boys than girls how many pupils are there in that school ?,700 142,+ + number0 number0 number1,1542.0,"[2, 4, 5, 6, 15, 16, 17, 18, 26, 27, 28]",in a school there are number0 girls and the rest are boys . if there are number1 more boys than girls,how many pupils are there in that school ?
in a school there are number0 girls and number1 boys . number2 more girls joined the school . how many pupils are there in the school now ?,706 222 418,+ + number0 number1 number2,1346.0,"[4, 5, 6, 7, 8, 9, 11, 12, 13, 14, 24, 25, 26]",in a school there are number0 girls and number1 boys . number2 more girls joined the school .,how many pupils are there in the school now ?
in a school there are number0 girls and number1 boys . number2 more girls joined the school . how many girls are there in the school now ?,902 811 44,+ number0 number2,946.0,"[1, 3, 4, 5, 6, 7, 8, 9, 11, 12, 13, 24, 25, 26]",in a school there are number0 girls and number1 boys . number2 more girls joined the school .,how many girls are there in the school now ?
in a school there are number0 girls and number1 boys . number2 more girls joined the school . how many more girls than boys does the school have ?,632 410 465,- + number0 number2 number1,687.0,"[1, 2, 3, 4, 5, 6, 7, 8, 9, 11, 12, 13, 25, 26, 27]",in a school there are number0 girls and number1 boys . number2 more girls joined the school .,how many more girls than boys does the school have ?
in a school there are number0 girls and number1 boys . number2 more girls and number3 more boys joined the school . how many girls are there in the school now ?,732 761 682 8,+ number0 number2,1414.0,"[1, 4, 5, 6, 7, 8, 9, 11, 12, 13, 14, 15, 16, 17, 18, 28, 29, 30]",in a school there are number0 girls and number1 boys . number2 more girls and number3 more boys joined the school .,how many girls are there in the school now ?
in a school there are number0 girls and number1 boys . number2 more girls and number3 more boys joined the school . how many boys are there in the school now ?,135 214 496 910,+ number1 number3,1124.0,"[1, 4, 5, 6, 7, 8, 9, 11, 12, 13, 14, 15, 16, 17, 18, 28, 29, 30]",in a school there are number0 girls and number1 boys . number2 more girls and number3 more boys joined the school .,how many boys are there in the school now ?
in a school there are number0 girls and number1 boys . there are also number2 teachers how many pupils are there in that school ?,308 318 36,+ number0 number1,626.0,"[1, 4, 5, 6, 7, 8, 9, 13, 14, 15, 21, 22, 23]",in a school there are number0 girls and number1 boys . there are also number2 teachers,how many pupils are there in that school ?
in a school there are number0 girls and number1 boys . there are also number2 teachers how many people are there in that school ?,315 309 772,+ + number0 number1 number2,1396.0,"[1, 4, 5, 6, 7, 8, 9, 13, 14, 15, 21, 22, 23]",in a school there are number0 girls and number1 boys . there are also number2 teachers,how many people are there in that school ?
in a school there are there are number0 more girls than boys . if there are number1 girls how many boys are there in that school ?,402 739,- number1 number0,337.0,"[2, 6, 7, 8, 9, 15, 16, 17, 23, 24, 25]",in a school there are there are number0 more girls than boys . if there are number1 girls,how many boys are there in that school ?
in a school there are there are number0 more girls than boys . if there are number1 girls how many pupils are there in that school ?,458 692,- + number1 number1 number0,926.0,"[2, 6, 7, 8, 9, 15, 16, 17, 23, 24, 25]",in a school there are there are number0 more girls than boys . if there are number1 girls,how many pupils are there in that school ?
in a school there are number0 boys and number1 girls . number2 more girls joined the school . how many more girls than boys does the school have ?,362 257 403,- + number1 number2 number0,298.0,"[1, 2, 3, 4, 5, 6, 7, 8, 9, 11, 12, 13, 25, 26, 27]",in a school there are number0 boys and number1 girls . number2 more girls joined the school .,how many more girls than boys does the school have ?
because of the decision sofia asked the students to suggest specific types of food . if number0 students suggested adding mashed potatoes while number1 suggested adding bacon to the menu how many more students suggested mashed potatoes than those that suggested bacon ?,408 42,- number0 number1,366.0,"[32, 34, 5, 39, 40, 41, 15, 16, 17, 18, 22, 23, 24, 31]",because of the decision sofia asked the students to suggest specific types of food . if number0 students suggested adding mashed potatoes while number1 suggested adding bacon to the menu,how many more students suggested mashed potatoes than those that suggested bacon ?
because of the decision sofia asked the students to suggest specific types of food . if number0 students suggested adding mashed potatoes while number1 suggested adding bacon to the menu how many more students suggested bacon than those that suggested mashed potatoes ?,479 489,- number1 number0,10.0,"[32, 34, 5, 39, 40, 41, 15, 16, 17, 18, 22, 23, 24, 31]",because of the decision sofia asked the students to suggest specific types of food . if number0 students suggested adding mashed potatoes while number1 suggested adding bacon to the menu,how many more students suggested bacon than those that suggested mashed potatoes ?
because of the decision sofia asked number0 students to suggest specific types of food . number1 students suggested adding mashed potatoes while others suggested adding bacon to the menu . how many students suggested bacon ?,310 185,- number0 number1,125.0,"[32, 1, 33, 3, 34, 5, 6, 7, 15, 16, 17]",because of the decision sofia asked number0 students to suggest specific types of food . number1 students suggested adding mashed potatoes while others suggested adding bacon to the menu .,how many students suggested bacon ?
because of the decision sofia asked number0 students to suggest specific types of food . number1 students suggested adding bacon while others suggested adding mashed potatoes to the menu . how many students suggested mashed potatoes ?,288 264,- number0 number1,24.0,"[1, 33, 3, 34, 5, 6, 7, 35, 15, 16, 17]",because of the decision sofia asked number0 students to suggest specific types of food . number1 students suggested adding bacon while others suggested adding mashed potatoes to the menu .,how many students suggested mashed potatoes ?
because of the decision sofia asked the students to suggest specific types of food . number0 students suggested adding mashed potatoes while others suggested adding bacon to the menu . if number1 more students suggested adding mashed potatoes than those that suggested bacon how many students suggested bacon ?,457 63,- number0 number1,394.0,"[32, 33, 2, 4, 5, 45, 14, 15, 16, 17, 46, 47, 30, 31]",because of the decision sofia asked the students to suggest specific types of food . number0 students suggested adding mashed potatoes while others suggested adding bacon to the menu . if number1 more students suggested adding mashed potatoes than those that suggested bacon,how many students suggested bacon ?
because of the decision sofia asked the students to suggest specific types of food . number0 students suggested adding mashed potatoes while others suggested adding bacon to the menu . if number1 more students suggested adding bacon than those that suggested mashed potatoes how many students suggested bacon ?,182 166,+ number0 number1,348.0,"[32, 33, 34, 5, 44, 45, 46, 15, 16, 17, 47, 30, 31]",because of the decision sofia asked the students to suggest specific types of food . number0 students suggested adding mashed potatoes while others suggested adding bacon to the menu . if number1 more students suggested adding bacon than those that suggested mashed potatoes,how many students suggested bacon ?
because of the decision sofia asked the students to suggest specific types of food . if number0 students suggested adding mashed potatoes number1 suggested adding bacon to the menu and number2 suggested adding tomatoes how many students participated in the suggestion of new food items ?,324 374 128,+ + number0 number1 number2,826.0,"[32, 33, 35, 5, 37, 42, 43, 44, 15, 16, 17, 18, 19, 20, 21, 22, 23, 29, 30, 31]",because of the decision sofia asked the students to suggest specific types of food . if number0 students suggested adding mashed potatoes number1 suggested adding bacon to the menu and number2 suggested adding tomatoes,how many students participated in the suggestion of new food items ?
because of the decision sofia asked the students to suggest specific types of food . if number0 students suggested adding mashed potatoes number1 suggested adding bacon to the menu and number2 suggested adding tomatoes how many more students suggested mashed potatoes than those that suggested bacon ?,257 120 97,- number0 number1,137.0,"[5, 15, 16, 17, 18, 19, 20, 21, 22, 23, 29, 30, 31, 32, 33, 35, 36, 38, 39, 43, 44, 45]",because of the decision sofia asked the students to suggest specific types of food . if number0 students suggested adding mashed potatoes number1 suggested adding bacon to the menu and number2 suggested adding tomatoes,how many more students suggested mashed potatoes than those that suggested bacon ?
because of the decision sofia asked the students to suggest specific types of food . if number0 students suggested adding mashed potatoes number1 suggested adding bacon to the menu and number2 suggested adding tomatoes how many more students suggested mashed potatoes than those that suggested tomatoes ?,144 467 79,- number0 number2,65.0,"[5, 15, 16, 17, 18, 19, 20, 21, 22, 23, 29, 30, 31, 32, 33, 35, 36, 38, 39, 43, 44, 45]",because of the decision sofia asked the students to suggest specific types of food . if number0 students suggested adding mashed potatoes number1 suggested adding bacon to the menu and number2 suggested adding tomatoes,how many more students suggested mashed potatoes than those that suggested tomatoes ?
because of the decision sofia asked the students to suggest specific types of food . if number0 students suggested adding mashed potatoes number1 suggested adding bacon to the menu and number2 suggested adding tomatoes how many more students suggested bacon than those that suggested tomatoes ?,228 337 23,- number1 number2,314.0,"[5, 15, 16, 17, 18, 19, 20, 21, 22, 23, 29, 30, 31, 32, 33, 35, 36, 38, 42, 43, 44]",because of the decision sofia asked the students to suggest specific types of food . if number0 students suggested adding mashed potatoes number1 suggested adding bacon to the menu and number2 suggested adding tomatoes,how many more students suggested bacon than those that suggested tomatoes ?
because of the decision sofia asked the students to suggest specific types of food from a total of number0 choices . if number1 students suggested adding mashed potatoes number2 suggested adding bacon to the menu and the rest did not participate how many students participated in the suggestion of new food items ?,66 450 38,+ number1 number2,488.0,"[51, 5, 42, 44, 50, 17, 18, 19, 49, 21, 22, 23, 24, 25, 26, 27, 28, 29]",because of the decision sofia asked the students to suggest specific types of food from a total of number0 choices . if number1 students suggested adding mashed potatoes number2 suggested adding bacon to the menu and the rest did not participate,how many students participated in the suggestion of new food items ?
because of the decision sofia asked the students to suggest specific types of food . if number0 students suggested adding mashed potatoes as well as bacon while number1 suggested adding only bacon to the menu how many students suggested adding bacon ?,218 351,+ number0 number1,569.0,"[36, 5, 38, 39, 40, 15, 16, 17, 18, 26, 27, 28]",because of the decision sofia asked the students to suggest specific types of food . if number0 students suggested adding mashed potatoes as well as bacon while number1 suggested adding only bacon to the menu,how many students suggested adding bacon ?
because of the decision sofia asked the students to suggest specific types of food . if number0 students suggested adding bacon number1 suggested adding mashed potatoes to the menu and number2 suggested adding tomatoes how many more students suggested mashed potatoes than those that suggested bacon ?,269 330 76,- number1 number0,61.0,"[5, 15, 16, 17, 18, 19, 20, 21, 22, 23, 29, 30, 31, 32, 33, 35, 36, 38, 43, 44, 45]",because of the decision sofia asked the students to suggest specific types of food . if number0 students suggested adding bacon number1 suggested adding mashed potatoes to the menu and number2 suggested adding tomatoes,how many more students suggested mashed potatoes than those that suggested bacon ?
there were number0 people on the bus . at the next stop number1 more people got on the bus . each bus can not have more than number2 people . how many people are there on the bus now ?,12 4 36,+ number0 number1,16.0,"[1, 2, 3, 4, 36, 37, 38, 11, 12, 13, 15, 20, 26, 27, 28]",there were number0 people on the bus . at the next stop number1 more people got on the bus . each bus can not have more than number2 people .,how many people are there on the bus now ?
there were number0 people on the bus . at the next stop number1 more people got on the bus and number2 people got off . how many people are there on the bus now ?,8 12 3,- + number0 number1 number2,17.0,"[32, 1, 2, 3, 4, 33, 11, 12, 13, 15, 19, 20, 21, 22, 31]",there were number0 people on the bus . at the next stop number1 more people got on the bus and number2 people got off .,how many people are there on the bus now ?
at the stop number0 more people got on the bus . initially there were number1 people on the bus . how many people are there on the bus now ?,13 4,+ number1 number0,17.0,"[1, 2, 3, 4, 6, 13, 14, 15, 26, 27, 28]",at the stop number0 more people got on the bus . initially there were number1 people on the bus .,how many people are there on the bus now ?
at the stop number0 more people got on the train . initially there were number1 people on the train . how many people are there on the train now ?,8 11,+ number1 number0,19.0,"[1, 2, 3, 4, 6, 13, 14, 15, 26, 27, 28]",at the stop number0 more people got on the train . initially there were number1 people on the train .,how many people are there on the train now ?
rachel had to complete number0 pages of math homework and number1 pages of reading homework . how many more pages of math homework than reading homework did she have ?,5 2,- number0 number1,3.0,"[1, 2, 3, 4, 5, 9, 10, 11, 12, 26, 27, 28]",rachel had to complete number0 pages of math homework and number1 pages of reading homework .,how many more pages of math homework than reading homework did she have ?
rachel had to complete number0 pages of math homework and number1 pages of reading homework . how many more pages of reading homework than math homework did she have ?,3 4,- number1 number0,1.0,"[1, 2, 3, 4, 5, 9, 10, 11, 12, 26, 27, 28]",rachel had to complete number0 pages of math homework and number1 pages of reading homework .,how many more pages of reading homework than math homework did she have ?
rachel had to complete number0 pages of math homework and yet more pages of reading homework . if she had to complete a total of number1 pages of homework how many pages of reading homework did she have to complete ?,5 7,- number1 number0,2.0,"[3, 4, 5, 37, 38, 39, 11, 13, 24, 25, 26]",rachel had to complete number0 pages of math homework and yet more pages of reading homework . if she had to complete a total of number1 pages of homework,how many pages of reading homework did she have to complete ?
rachel had to complete number0 pages of math homework . if she had to complete number1 more pages of math homework than reading homework how many pages of reading homework did she have to complete ?,7 4,- number0 number1,3.0,"[32, 33, 34, 3, 4, 5, 6, 12, 14, 15, 16, 17]",rachel had to complete number0 pages of math homework . if she had to complete number1 more pages of math homework than reading homework,how many pages of reading homework did she have to complete ?
rachel had to complete number0 pages of math homework . if she had to complete number1 more pages of math homework than reading homework how many pages did she have to complete in all ?,8 3,- + number0 number0 number1,13.0,"[32, 33, 3, 4, 5, 6, 14, 15, 16, 17, 21, 31]",rachel had to complete number0 pages of math homework . if she had to complete number1 more pages of math homework than reading homework,how many pages did she have to complete in all ?
rachel had to complete number0 pages of math homework . if she had to complete number1 more pages of reading homework than math homework how many pages of reading homework did she have to complete ?,8 6,+ number0 number1,14.0,"[32, 33, 34, 3, 4, 5, 6, 14, 15, 16, 17, 22]",rachel had to complete number0 pages of math homework . if she had to complete number1 more pages of reading homework than math homework,how many pages of reading homework did she have to complete ?
rachel had to complete number0 pages of math homework . if she had to complete number1 more pages of reading homework than math homework how many pages did she have to complete in all ?,10 3,+ + number0 number0 number1,23.0,"[32, 33, 3, 4, 5, 6, 14, 15, 16, 17, 21, 31]",rachel had to complete number0 pages of math homework . if she had to complete number1 more pages of reading homework than math homework,how many pages did she have to complete in all ?
rachel had to complete number0 pages of math homework number1 pages of reading homework and number2 more pages of biology homework . how many pages did she have to complete in all ?,2 3 10,+ + number0 number1 number2,15.0,"[1, 3, 4, 5, 7, 8, 9, 10, 14, 15, 16, 17, 29, 30, 31]",rachel had to complete number0 pages of math homework number1 pages of reading homework and number2 more pages of biology homework .,how many pages did she have to complete in all ?
rachel had to complete number0 pages of math homework number1 pages of reading homework and number2 more pages of biology homework . how many more pages of math homework than reading homework did she have ?,9 2 96,- number0 number1,7.0,"[32, 1, 2, 3, 4, 5, 33, 34, 8, 9, 10, 12, 14, 15, 16, 17]",rachel had to complete number0 pages of math homework number1 pages of reading homework and number2 more pages of biology homework .,how many more pages of math homework than reading homework did she have ?
rachel had to complete number0 pages of math homework number1 pages of reading homework and number2 more pages of biology homework . how many more pages of math homework than biology homework did she have ?,11 2 3,- number0 number2,8.0,"[32, 1, 2, 3, 4, 5, 33, 34, 8, 9, 10, 12, 14, 15, 16, 17]",rachel had to complete number0 pages of math homework number1 pages of reading homework and number2 more pages of biology homework .,how many more pages of math homework than biology homework did she have ?
rachel had to complete number0 pages of math homework number1 pages of reading homework and number2 more pages of biology homework . how many more pages of reading homework than biology homework did she have ?,7 11 8,- number1 number2,3.0,"[32, 1, 2, 3, 4, 5, 33, 34, 8, 9, 10, 12, 14, 15, 16, 17]",rachel had to complete number0 pages of math homework number1 pages of reading homework and number2 more pages of biology homework .,how many more pages of reading homework than biology homework did she have ?
rachel had to complete number0 pages of math homework number1 pages of reading homework and number2 more pages of biology homework . how many pages of math and reading homework did she have to complete ?,9 11 29,+ number0 number1,20.0,"[32, 1, 33, 3, 4, 5, 34, 8, 9, 10, 14, 15, 16, 17]",rachel had to complete number0 pages of math homework number1 pages of reading homework and number2 more pages of biology homework .,how many pages of math and reading homework did she have to complete ?
rachel had to complete number0 pages of math homework number1 pages of reading homework and number2 more pages of biology homework . how many pages of math and biology homework did she have to complete ?,8 7 3,+ number0 number2,11.0,"[32, 1, 33, 3, 4, 5, 34, 8, 9, 10, 14, 15, 16, 17]",rachel had to complete number0 pages of math homework number1 pages of reading homework and number2 more pages of biology homework .,how many pages of math and biology homework did she have to complete ?
rachel had to complete number0 pages of math homework number1 pages of reading homework and number2 more pages of biology homework . how many pages of reading and biology homework did she have to complete ?,5 10 6,+ number1 number2,16.0,"[32, 1, 33, 3, 4, 5, 34, 8, 9, 10, 14, 15, 16, 17]",rachel had to complete number0 pages of math homework number1 pages of reading homework and number2 more pages of biology homework .,how many pages of reading and biology homework did she have to complete ?
rachel had to complete number0 pages of reading homework and number1 pages of math homework . how many more pages of math homework than reading homework did she have ?,2 4,- number1 number0,2.0,"[1, 2, 3, 4, 5, 9, 10, 11, 12, 26, 27, 28]",rachel had to complete number0 pages of reading homework and number1 pages of math homework .,how many more pages of math homework than reading homework did she have ?
rachel had to complete number0 pages of reading homework number1 pages of math homework and number2 more pages of biology homework . how many more pages of math homework than reading homework did she have ?,4 7 19,- number1 number0,3.0,"[32, 1, 2, 3, 4, 5, 33, 7, 8, 9, 10, 34, 12, 14, 15, 16, 17]",rachel had to complete number0 pages of reading homework number1 pages of math homework and number2 more pages of biology homework .,how many more pages of math homework than reading homework did she have ?
zachary did number0 push-ups in gym class today . david did number1 more push-ups than zachary . how many push-ups did zachary and david do altogether ?,44 58,+ + number0 number0 number1,146.0,"[1, 2, 3, 7, 10, 11, 12, 13, 23, 24, 25]",zachary did number0 push-ups in gym class today . david did number1 more push-ups than zachary .,how many push-ups did zachary and david do altogether ?
zachary did number0 push-ups and david did number1 push-ups in gym class today . how many more push-ups did zachary do than david ?,51 44,- number0 number1,7.0,"[1, 2, 3, 6, 7, 8, 20, 21, 22]",zachary did number0 push-ups and david did number1 push-ups in gym class today .,how many more push-ups did zachary do than david ?
david did number0 push-ups in gym class today . david did number1 more push-ups than zachary . how many push-ups did zachary do ?,44 9,- number0 number1,35.0,"[1, 2, 3, 5, 10, 11, 12, 13, 20, 21, 22]",david did number0 push-ups in gym class today . david did number1 more push-ups than zachary .,how many push-ups did zachary do ?
david did number0 push-ups in gym class today . david did number1 more push-ups than zachary . how many push-ups did zachary and david do altogether ?,51 49,- + number0 number0 number1,53.0,"[1, 2, 3, 7, 10, 11, 12, 13, 23, 24, 25]",david did number0 push-ups in gym class today . david did number1 more push-ups than zachary .,how many push-ups did zachary and david do altogether ?
zachary did number0 push-ups and number1 crunches in gym class today . david did number2 more push-ups but number3 less crunches than zachary . how many push-ups did david do ?,59 44 19 27,+ number0 number2,78.0,"[1, 2, 3, 4, 5, 6, 7, 13, 14, 15, 16, 17, 18, 19, 20, 27, 28, 29]",zachary did number0 push-ups and number1 crunches in gym class today . david did number2 more push-ups but number3 less crunches than zachary .,how many push-ups did david do ?
zachary did number0 push-ups and number1 crunches in gym class today . david did number2 more push-ups but number3 less crunches than zachary . how many crunches did david do ?,44 17 29 13,- number1 number3,4.0,"[1, 2, 3, 4, 5, 6, 7, 13, 14, 15, 16, 17, 18, 19, 20, 27, 28, 29]",zachary did number0 push-ups and number1 crunches in gym class today . david did number2 more push-ups but number3 less crunches than zachary .,how many crunches did david do ?
zachary did number0 push-ups and number1 crunches in gym class today . david did number2 more push-ups but number3 less crunches than zachary . how many push-ups and crunches did zachary do ?,53 14 17 10,+ number0 number1,67.0,"[1, 2, 3, 4, 5, 6, 7, 13, 14, 15, 16, 17, 18, 19, 20, 29, 30, 31]",zachary did number0 push-ups and number1 crunches in gym class today . david did number2 more push-ups but number3 less crunches than zachary .,how many push-ups and crunches did zachary do ?
zachary did number0 push-ups and number1 crunches in gym class today . david did number2 more push-ups but number3 less crunches than zachary . how many more push-ups than crunches did zachary do ?,35 3 58 87,- number0 number1,32.0,"[32, 1, 2, 3, 4, 5, 6, 7, 8, 13, 14, 15, 16, 17, 18, 19, 20, 30, 31]",zachary did number0 push-ups and number1 crunches in gym class today . david did number2 more push-ups but number3 less crunches than zachary .,how many more push-ups than crunches did zachary do ?
zachary did number0 push-ups and number1 crunches in gym class today . david did number2 more push-ups but number3 less crunches than zachary . how many more crunches than push-ups did zachary do ?,46 58 38 62,- number1 number0,12.0,"[32, 1, 2, 3, 4, 5, 6, 7, 8, 13, 14, 15, 16, 17, 18, 19, 20, 30, 31]",zachary did number0 push-ups and number1 crunches in gym class today . david did number2 more push-ups but number3 less crunches than zachary .,how many more crunches than push-ups did zachary do ?
zachary did number0 push-ups in gym class today . david did number1 more push-ups than zachary . john did number2 push-ups less than david . how many push-ups did david do ?,19 39 13,+ number0 number1,58.0,"[1, 2, 3, 5, 10, 11, 12, 13, 18, 19, 20, 28, 29, 30]",zachary did number0 push-ups in gym class today . david did number1 more push-ups than zachary . john did number2 push-ups less than david .,how many push-ups did david do ?
zachary did number0 push-ups in gym class today . david did number1 more push-ups than zachary . john did number2 push-ups less than david . how many push-ups did john do ?,51 22 4,- + number0 number1 number2,69.0,"[1, 2, 3, 5, 10, 11, 12, 13, 18, 19, 20, 28, 29, 30]",zachary did number0 push-ups in gym class today . david did number1 more push-ups than zachary . john did number2 push-ups less than david .,how many push-ups did john do ?
zachary did number0 push-ups in gym class today . david did number1 more push-ups than zachary . john did number2 push-ups less than david . how many more push-ups did zachary do than john ?,15 39 9,- number1 number2,30.0,"[32, 1, 2, 3, 33, 6, 10, 11, 12, 13, 18, 19, 20, 31]",zachary did number0 push-ups in gym class today . david did number1 more push-ups than zachary . john did number2 push-ups less than david .,how many more push-ups did zachary do than john ?
david did number0 more push-ups than zachary in gym class today . if david did number1 push-ups how many push-ups did zachary do ?,30 37,- number1 number0,7.0,"[1, 2, 3, 4, 6, 10, 14, 15, 16, 20, 21, 22]",david did number0 more push-ups than zachary in gym class today . if david did number1 push-ups,how many push-ups did zachary do ?
david did number0 more push-ups than zachary in gym class today . if david did number1 push-ups how many push-ups did zachary and david do altogether ?,56 38,- + number1 number1 number0,20.0,"[1, 2, 3, 4, 6, 12, 14, 15, 16, 23, 24, 25]",david did number0 more push-ups than zachary in gym class today . if david did number1 push-ups,how many push-ups did zachary and david do altogether ?
david did number0 more push-ups but number1 less crunches than zachary in gym class today . if zachary did number2 push-ups and number3 crunches how many crunches did david do ?,40 17 34 62,- number3 number1,45.0,"[1, 2, 3, 4, 5, 6, 7, 8, 9, 13, 18, 19, 20, 21, 22, 23, 27, 28, 29]",david did number0 more push-ups but number1 less crunches than zachary in gym class today . if zachary did number2 push-ups and number3 crunches,how many crunches did david do ?
david did number0 more push-ups but number1 less crunches than zachary in gym class today . if zachary did number2 push-ups and number3 crunches how many more push-ups than crunches did zachary do ?,36 33 58 33,- number2 number1,25.0,"[32, 1, 2, 3, 4, 5, 6, 7, 8, 9, 10, 16, 18, 19, 20, 21, 22, 23, 30, 31]",david did number0 more push-ups but number1 less crunches than zachary in gym class today . if zachary did number2 push-ups and number3 crunches,how many more push-ups than crunches did zachary do ?
david did number0 more push-ups but number1 less crunches than zachary in gym class today . if zachary did number2 push-ups and number3 crunches how many more crunches than push-ups did zachary do ?,27 7 5 17,- number3 number2,12.0,"[32, 1, 2, 3, 4, 5, 6, 7, 8, 9, 10, 16, 18, 19, 20, 21, 22, 23, 30, 31]",david did number0 more push-ups but number1 less crunches than zachary in gym class today . if zachary did number2 push-ups and number3 crunches,how many more crunches than push-ups did zachary do ?
julia played tag with number0 kids on monday . she played tag with number1 kids on tuesday . how many more kids did she play with on monday than on tuesday ?,18 10,- number0 number1,8.0,"[1, 2, 3, 4, 5, 6, 12, 13, 14, 28, 29, 30]",julia played tag with number0 kids on monday . she played tag with number1 kids on tuesday .,how many more kids did she play with on monday than on tuesday ?
julia played tag with number0 kids on monday . she played tag with number1 kids on tuesday . how many more kids did she play with on tuesday than on monday ?,11 12,- number1 number0,1.0,"[1, 2, 3, 4, 5, 6, 12, 13, 14, 28, 29, 30]",julia played tag with number0 kids on monday . she played tag with number1 kids on tuesday .,how many more kids did she play with on tuesday than on monday ?
julia played tag with number0 kids on monday . she played tag with some more kids on tuesday . if she played with a total of number1 kids how many kids did she play with on tuesday ?,5 15,- number1 number0,10.0,"[34, 3, 4, 5, 35, 36, 10, 14, 25, 26, 27]",julia played tag with number0 kids on monday . she played tag with some more kids on tuesday . if she played with a total of number1 kids,how many kids did she play with on tuesday ?
julia played tag with some kids on monday . she played tag with number0 kids on tuesday . if she played with a total of number1 kids how many kids did she play with on monday ?,14 16,- number1 number0,2.0,"[33, 34, 35, 10, 12, 13, 14, 24, 25, 26]",julia played tag with some kids on monday . she played tag with number0 kids on tuesday . if she played with a total of number1 kids,how many kids did she play with on monday ?
julia played tag with number0 kids on monday . if she played tag with number1 more kids on monday than on tuesday how many kids did she play with on tuesday ?,16 12,- number0 number1,4.0,"[3, 4, 5, 6, 13, 14, 15, 16, 18, 28, 29, 30]",julia played tag with number0 kids on monday . if she played tag with number1 more kids on monday than on tuesday,how many kids did she play with on tuesday ?
julia played tag with number0 kids on tuesday . if she played tag with number1 more kids on monday than on tuesday how many kids did she play with on monday ?,14 8,+ number0 number1,22.0,"[3, 4, 5, 6, 13, 14, 15, 16, 18, 28, 29, 30]",julia played tag with number0 kids on tuesday . if she played tag with number1 more kids on monday than on tuesday,how many kids did she play with on monday ?
julia played tag with number0 kids on monday number1 kids on tuesday and number2 kids on wednesday . how many kids did she play with altogether ?,17 15 2,+ + number0 number1 number2,34.0,"[1, 3, 4, 5, 7, 8, 9, 12, 13, 14, 23, 24, 25]",julia played tag with number0 kids on monday number1 kids on tuesday and number2 kids on wednesday .,how many kids did she play with altogether ?
julia played tag with number0 kids on monday number1 kids on tuesday and number2 kids on wednesday . how many kids did she play with on monday and tuesday ?,15 18 97,+ number0 number1,33.0,"[1, 3, 4, 5, 7, 8, 9, 12, 13, 14, 26, 27, 28]",julia played tag with number0 kids on monday number1 kids on tuesday and number2 kids on wednesday .,how many kids did she play with on monday and tuesday ?
julia played tag with number0 kids on monday number1 kids on tuesday and number2 kids on wednesday . how many kids did she play with on monday and wednesday ?,5 9 15,+ number0 number2,20.0,"[1, 3, 4, 5, 7, 8, 9, 12, 13, 14, 26, 27, 28]",julia played tag with number0 kids on monday number1 kids on tuesday and number2 kids on wednesday .,how many kids did she play with on monday and wednesday ?
julia played tag with number0 kids on monday number1 kids on tuesday and number2 kids on wednesday . how many kids did she play with on tuesday and wednesday ?,2 14 16,+ number1 number2,30.0,"[1, 3, 4, 5, 7, 8, 9, 12, 13, 14, 26, 27, 28]",julia played tag with number0 kids on monday number1 kids on tuesday and number2 kids on wednesday .,how many kids did she play with on tuesday and wednesday ?
julia played tag with number0 kids on monday number1 kids on tuesday and number2 kids on wednesday . how many more kids did she play with on monday than on tuesday ?,9 7 96,- number0 number1,2.0,"[1, 2, 3, 4, 5, 6, 7, 8, 9, 12, 13, 14, 28, 29, 30]",julia played tag with number0 kids on monday number1 kids on tuesday and number2 kids on wednesday .,how many more kids did she play with on monday than on tuesday ?
julia played tag with number0 kids on monday number1 kids on tuesday and number2 kids on wednesday . how many more kids did she play with on monday than on wednesday ?,14 2 8,- number0 number2,6.0,"[1, 2, 3, 4, 5, 6, 7, 8, 9, 12, 13, 14, 28, 29, 30]",julia played tag with number0 kids on monday number1 kids on tuesday and number2 kids on wednesday .,how many more kids did she play with on monday than on wednesday ?
julia played tag with number0 kids on monday number1 kids on tuesday and number2 kids on wednesday . how many more kids did she play with on tuesday than on wednesday ?,8 11 9,- number1 number2,2.0,"[1, 2, 3, 4, 5, 6, 7, 8, 9, 12, 13, 14, 28, 29, 30]",julia played tag with number0 kids on monday number1 kids on tuesday and number2 kids on wednesday .,how many more kids did she play with on tuesday than on wednesday ?
julia played tag with number0 kids on monday number1 kids on tuesday and number2 kids on wednesday . how many more kids did she play with on monday and tuesday than on wednesday ?,15 18 7,- + number0 number1 number2,26.0,"[32, 1, 2, 3, 4, 5, 6, 7, 8, 9, 12, 13, 14, 30, 31]",julia played tag with number0 kids on monday number1 kids on tuesday and number2 kids on wednesday .,how many more kids did she play with on monday and tuesday than on wednesday ?
julia played tag with number0 kids on monday and number1 kids on tuesday . she played cards wtih number2 kids on wednesday . how many kids did she play with altogether ?,13 10 15,+ + number0 number1 number2,38.0,"[1, 3, 4, 5, 8, 9, 10, 17, 18, 19, 28, 29, 30]",julia played tag with number0 kids on monday and number1 kids on tuesday . she played cards wtih number2 kids on wednesday .,how many kids did she play with altogether ?
julia played tag with number0 kids on monday and number1 kids on tuesday . she played cards wtih number2 kids on wednesday . how many kids did she play tag with altogether ?,7 13 20,+ number0 number1,20.0,"[1, 3, 4, 5, 8, 9, 10, 17, 18, 19, 29, 30, 31]",julia played tag with number0 kids on monday and number1 kids on tuesday . she played cards wtih number2 kids on wednesday .,how many kids did she play tag with altogether ?
julia played tag with number0 kids on monday . she played tag with number1 kids on tuesday . she spent a total of number2 hours to play tag on both days . how many kids did she play with altogether ?,12 14 34,+ number0 number1,26.0,"[1, 3, 4, 5, 37, 38, 39, 12, 13, 14, 22, 23, 24]",julia played tag with number0 kids on monday . she played tag with number1 kids on tuesday . she spent a total of number2 hours to play tag on both days .,how many kids did she play with altogether ?
julia played tag with number0 kids on monday . she played tag with number1 kids on tuesday . she spent a total of number2 hours to play tag on both days . how many more kids did she play with on monday than on tuesday ?,19 18 38,- number0 number1,1.0,"[1, 2, 3, 4, 5, 6, 42, 43, 12, 13, 14, 44, 22, 23, 24]",julia played tag with number0 kids on monday . she played tag with number1 kids on tuesday . she spent a total of number2 hours to play tag on both days .,how many more kids did she play with on monday than on tuesday ?
julia played tag with number0 kids on tuesday . she had played tag with number1 kids on monday . how many more kids did she play with on monday than on tuesday ?,5 6,- number1 number0,1.0,"[1, 2, 3, 4, 5, 6, 13, 14, 15, 29, 30, 31]",julia played tag with number0 kids on tuesday . she had played tag with number1 kids on monday .,how many more kids did she play with on monday than on tuesday ?
julia played tag with a total of number0 kids . she played with number1 kids on monday and yet with some more kids on tuesday . how many kids did she play with on tuesday ?,18 4,- number0 number1,14.0,"[32, 1, 33, 34, 6, 7, 8, 11, 12, 13, 14]",julia played tag with a total of number0 kids . she played with number1 kids on monday and yet with some more kids on tuesday .,how many kids did she play with on tuesday ?
julia played tag with number0 kids on wednesday . she had played with number1 kids on monday and number2 kids on tuesday . how many more kids did she play with on monday than on wednesday ?,4 6 17,- number1 number0,2.0,"[1, 2, 3, 4, 5, 6, 33, 34, 35, 12, 13, 14, 17, 18, 19]",julia played tag with number0 kids on wednesday . she had played with number1 kids on monday and number2 kids on tuesday .,how many more kids did she play with on monday than on wednesday ?
jack received number0 emails in the morning and number1 emails in the afternoon . how many more emails did jack receive in the morning than in the afternoon ?,6 2,- number0 number1,4.0,"[1, 2, 3, 6, 7, 8, 9, 25, 26, 27]",jack received number0 emails in the morning and number1 emails in the afternoon .,how many more emails did jack receive in the morning than in the afternoon ?
jack received number0 emails in the morning and number1 emails in the afternoon . how many more emails did jack receive in the afternoon than in the morning ?,6 8,- number1 number0,2.0,"[1, 2, 3, 6, 7, 8, 9, 25, 26, 27]",jack received number0 emails in the morning and number1 emails in the afternoon .,how many more emails did jack receive in the afternoon than in the morning ?
jack received number0 emails in the morning and some more in the afternoon . if he received a total of number1 emails in the day how many emails did jack receive in the afternoon ?,4 5,- number1 number0,1.0,"[32, 1, 2, 3, 33, 12, 16, 19, 20, 21, 31]",jack received number0 emails in the morning and some more in the afternoon . if he received a total of number1 emails in the day,how many emails did jack receive in the afternoon ?
jack received number0 emails in the morning number1 emails in the afternoon and number2 emails in the evening . how many emails did jack receive in the day ?,6 3 5,+ + number0 number1 number2,14.0,"[1, 2, 3, 5, 6, 7, 8, 12, 13, 14, 25, 26, 27]",jack received number0 emails in the morning number1 emails in the afternoon and number2 emails in the evening .,how many emails did jack receive in the day ?
jack received number0 emails in the morning number1 emails in the afternoon and number2 emails in the evening . how many emails did jack receive in the morning and afternoon ?,5 8 72,+ number0 number1,13.0,"[1, 2, 3, 5, 6, 7, 8, 12, 13, 14, 27, 28, 29]",jack received number0 emails in the morning number1 emails in the afternoon and number2 emails in the evening .,how many emails did jack receive in the morning and afternoon ?
jack received number0 emails in the morning number1 emails in the afternoon and number2 emails in the evening . how many emails did jack receive in the afternoon and evening ?,4 5 8,+ number1 number2,13.0,"[1, 2, 3, 5, 6, 7, 8, 12, 13, 14, 27, 28, 29]",jack received number0 emails in the morning number1 emails in the afternoon and number2 emails in the evening .,how many emails did jack receive in the afternoon and evening ?
jack received number0 emails in the morning number1 emails in the afternoon and number2 emails in the evening . how many emails did jack receive in the morning and evening ?,3 4 8,+ number0 number2,11.0,"[1, 2, 3, 5, 6, 7, 8, 12, 13, 14, 27, 28, 29]",jack received number0 emails in the morning number1 emails in the afternoon and number2 emails in the evening .,how many emails did jack receive in the morning and evening ?
jack received number0 emails in the morning number1 emails in the afternoon and number2 emails in the evening . how many more emails did jack receive in the morning than in the afternoon ?,10 7 17,- number0 number1,3.0,"[32, 1, 2, 3, 6, 7, 8, 12, 13, 14, 30, 31]",jack received number0 emails in the morning number1 emails in the afternoon and number2 emails in the evening .,how many more emails did jack receive in the morning than in the afternoon ?
jack received number0 emails in the morning number1 emails in the afternoon and number2 emails in the evening . how many more emails did jack receive in the morning than in the evening ?,9 10 7,- number0 number2,2.0,"[32, 1, 2, 3, 6, 7, 8, 12, 13, 14, 30, 31]",jack received number0 emails in the morning number1 emails in the afternoon and number2 emails in the evening .,how many more emails did jack receive in the morning than in the evening ?
jack received number0 emails in the morning number1 emails in the afternoon and number2 emails in the evening . how many more emails did jack receive in the afternoon than in the evening ?,10 5 4,- number1 number2,1.0,"[32, 1, 2, 3, 6, 7, 8, 12, 13, 14, 30, 31]",jack received number0 emails in the morning number1 emails in the afternoon and number2 emails in the evening .,how many more emails did jack receive in the afternoon than in the evening ?
jack received number0 emails in the morning number1 emails in the afternoon and some more in the evening . if he received a total of number2 emails in the day how many emails did jack receive in the afternoon ?,6 3 10,- number2 + number0 number1,1.0,"[1, 2, 3, 36, 37, 6, 7, 8, 38, 12, 16, 24, 25, 26]",jack received number0 emails in the morning number1 emails in the afternoon and some more in the evening . if he received a total of number2 emails in the day,how many emails did jack receive in the afternoon ?
jack received number0 emails and number1 letters in the morning . he then received number2 emails and number3 letters in the afternoon . how many emails did jack receive in the day ?,3 64 5 54,+ number0 number2,8.0,"[1, 2, 3, 4, 5, 6, 13, 14, 15, 16, 17, 18, 29, 30, 31]",jack received number0 emails and number1 letters in the morning . he then received number2 emails and number3 letters in the afternoon .,how many emails did jack receive in the day ?
jack received number0 emails and number1 letters in the morning . he then received number2 emails and number3 letters in the afternoon . how many letters did jack receive in the day ?,5 6 9 7,+ number1 number3,13.0,"[1, 2, 3, 4, 5, 6, 13, 14, 15, 16, 17, 18, 29, 30, 31]",jack received number0 emails and number1 letters in the morning . he then received number2 emails and number3 letters in the afternoon .,how many letters did jack receive in the day ?
jack received number0 emails and number1 letters in the morning . he then received number2 emails and number3 letters in the afternoon . how many more emails did jack receive in the morning than in the afternoon ?,10 12 3 44,- number0 number2,7.0,"[1, 2, 3, 4, 5, 6, 34, 35, 36, 13, 14, 15, 16, 17, 18]",jack received number0 emails and number1 letters in the morning . he then received number2 emails and number3 letters in the afternoon .,how many more emails did jack receive in the morning than in the afternoon ?
jack received number0 emails and number1 letters in the morning . he then received number2 emails and number3 letters in the afternoon . how many more letters did jack receive in the morning than in the afternoon ?,6 8 2 7,- number1 number3,1.0,"[1, 2, 3, 4, 5, 6, 34, 35, 36, 13, 14, 15, 16, 17, 18]",jack received number0 emails and number1 letters in the morning . he then received number2 emails and number3 letters in the afternoon .,how many more letters did jack receive in the morning than in the afternoon ?
jack received number0 emails and sent number1 letters in the morning . he then received number2 emails and sent number3 letters in the afternoon . how many emails did jack receive in the day ?,6 91 2 74,+ number0 number2,8.0,"[32, 1, 2, 3, 33, 5, 6, 7, 14, 15, 16, 18, 19, 20, 31]",jack received number0 emails and sent number1 letters in the morning . he then received number2 emails and sent number3 letters in the afternoon .,how many emails did jack receive in the day ?
jack received number0 emails and sent number1 letters in the morning . he then received number2 emails and sent number3 letters in the afternoon . how many emails did jack send in the day ?,4 2 6 8,+ number1 number3,10.0,"[32, 1, 2, 3, 33, 5, 6, 7, 14, 15, 16, 18, 19, 20, 31]",jack received number0 emails and sent number1 letters in the morning . he then received number2 emails and sent number3 letters in the afternoon .,how many emails did jack send in the day ?
jack received a total of number0 emails in the day . if he received number1 emails in the morning and some more in the afternoon how many emails did jack receive in the afternoon ?,9 7,- number0 number1,2.0,"[32, 33, 2, 4, 5, 6, 13, 14, 15, 19, 31]",jack received a total of number0 emails in the day . if he received number1 emails in the morning and some more in the afternoon,how many emails did jack receive in the afternoon ?
jack received number0 emails in the afternoon number1 emails in the morning and number2 emails in the evening . how many more emails did jack receive in the morning than in the afternoon ?,3 5 16,- number1 number0,2.0,"[32, 1, 2, 3, 6, 7, 8, 12, 13, 14, 30, 31]",jack received number0 emails in the afternoon number1 emails in the morning and number2 emails in the evening .,how many more emails did jack receive in the morning than in the afternoon ?
jack received number0 emails in the afternoon number1 emails in the morning and some more in the evening . if he received a total of number2 emails in the day how many emails did jack receive in the afternoon ?,3 6 10,- number2 + number1 number0,1.0,"[1, 2, 3, 36, 37, 6, 7, 8, 38, 12, 16, 24, 25, 26]",jack received number0 emails in the afternoon number1 emails in the morning and some more in the evening . if he received a total of number2 emails in the day,how many emails did jack receive in the afternoon ?
ed had number0 more marbles than doug . doug lost some of his marbles at the playground . now ed has number1 more marbles than doug . how many marbles did doug lose ?,2 19,- number1 number0,17.0,"[32, 1, 2, 3, 4, 5, 20, 21, 22, 23, 30, 31]",ed had number0 more marbles than doug . doug lost some of his marbles at the playground . now ed has number1 more marbles than doug .,how many marbles did doug lose ?
ed had number0 more marbles than doug . doug lost number1 of his marbles at the playground . if ed had number2 marbles how many more marbles did ed have than doug then ?,10 11 45,+ number0 number1,21.0,"[32, 1, 2, 3, 4, 6, 7, 9, 10, 11, 20, 21, 22, 30, 31]",ed had number0 more marbles than doug . doug lost number1 of his marbles at the playground . if ed had number2 marbles,how many more marbles did ed have than doug then ?
ed had number0 more marbles than doug . doug lost number1 of his marbles at the playground . if ed had number2 marbles how many marbles does doug have now ?,6 7 22,- - number2 number0 number1,9.0,"[1, 2, 3, 4, 6, 9, 10, 11, 20, 21, 22, 27, 28, 29]",ed had number0 more marbles than doug . doug lost number1 of his marbles at the playground . if ed had number2 marbles,how many marbles does doug have now ?
ed had number0 more marbles than doug . doug lost number1 of his marbles at the playground . if ed had number2 marbles how many marbles did doug have initially ?,5 3 27,- number2 number0,22.0,"[1, 2, 3, 4, 6, 9, 10, 11, 20, 21, 22, 27, 28, 29]",ed had number0 more marbles than doug . doug lost number1 of his marbles at the playground . if ed had number2 marbles,how many marbles did doug have initially ?
ed had number0 more marbles than doug . doug lost number1 of his marbles at the playground while ed found number2 more marbles . how many more marbles did ed have than doug then ?,24 27 9,+ + number0 number1 number2,60.0,"[32, 1, 2, 3, 4, 33, 6, 9, 10, 11, 13, 19, 20, 21, 22, 31]",ed had number0 more marbles than doug . doug lost number1 of his marbles at the playground while ed found number2 more marbles .,how many more marbles did ed have than doug then ?
ed had number0 more marbles than doug . ed lost number1 of his marbles at the playground . how many more marbles did ed have than doug then ?,29 17,- number0 number1,12.0,"[1, 2, 3, 4, 6, 9, 10, 11, 25, 26, 27]",ed had number0 more marbles than doug . ed lost number1 of his marbles at the playground .,how many more marbles did ed have than doug then ?
ed had number0 more marbles than doug . ed lost some of his marbles at the playground . now ed has number1 more marbles than doug . how many marbles did ed lose ?,19 8,- number0 number1,11.0,"[32, 1, 2, 3, 4, 5, 20, 21, 22, 23, 30, 31]",ed had number0 more marbles than doug . ed lost some of his marbles at the playground . now ed has number1 more marbles than doug .,how many marbles did ed lose ?
ed had number0 more marbles than doug . ed lost number1 of his marbles at the playground . if ed had number2 marbles how many more marbles did ed have than doug then ?,30 21 91,- number0 number1,9.0,"[32, 1, 2, 3, 4, 6, 7, 9, 10, 11, 20, 21, 22, 30, 31]",ed had number0 more marbles than doug . ed lost number1 of his marbles at the playground . if ed had number2 marbles,how many more marbles did ed have than doug then ?
ed had number0 more marbles than doug . ed lost number1 of his marbles at the playground . if ed had number2 marbles how many marbles does doug have now ?,12 20 17,- number2 number0,5.0,"[1, 2, 3, 4, 6, 9, 10, 11, 20, 21, 22, 27, 28, 29]",ed had number0 more marbles than doug . ed lost number1 of his marbles at the playground . if ed had number2 marbles,how many marbles does doug have now ?
jerry had number0 action figures on a shelf in his room . later he added some more action figures to the shelf . if there are a total of number1 action figures on his shelf now how many action figures did he add to the shelf ?,4 8,- number1 number0,4.0,"[1, 2, 3, 4, 43, 44, 45, 14, 19, 28, 29, 30]",jerry had number0 action figures on a shelf in his room . later he added some more action figures to the shelf . if there are a total of number1 action figures on his shelf now,how many action figures did he add to the shelf ?
jerry had some action figures on a shelf in his room . later he added number0 more action figures to the shelf . if there are a total of number1 action figures on his shelf now how many action figures did he have initially on the shelf ?,7 10,- number1 number0,3.0,"[1, 2, 4, 44, 45, 14, 15, 16, 46, 18, 19, 28, 29, 30]",jerry had some action figures on a shelf in his room . later he added number0 more action figures to the shelf . if there are a total of number1 action figures on his shelf now,how many action figures did he have initially on the shelf ?
jerry had number0 action figures and number1 books on a shelf in his room . later he added number2 more action figures to the shelf . how many action figures were on his shelf in all ?,4 22 6,+ number0 number2,10.0,"[1, 2, 3, 4, 5, 6, 7, 33, 34, 35, 17, 18, 19, 21]",jerry had number0 action figures and number1 books on a shelf in his room . later he added number2 more action figures to the shelf .,how many action figures were on his shelf in all ?
jerry had number0 action figures and number1 books on a shelf in his room . later he added number2 more action figures to the shelf . how many more action figures than books were on his shelf ?,5 9 7,- + number0 number2 number1,3.0,"[1, 2, 3, 4, 5, 6, 7, 34, 35, 10, 36, 17, 18, 19, 21]",jerry had number0 action figures and number1 books on a shelf in his room . later he added number2 more action figures to the shelf .,how many more action figures than books were on his shelf ?
jerry had number0 action figures and number1 books on a shelf in his room . later he added number2 more action figures to the shelf . how many more books than action figures were on his shelf ?,2 10 4,- number1 + number0 number2,4.0,"[1, 2, 3, 4, 5, 6, 7, 34, 35, 10, 36, 17, 18, 19, 21]",jerry had number0 action figures and number1 books on a shelf in his room . later he added number2 more action figures to the shelf .,how many more books than action figures were on his shelf ?
jerry had number0 action figures and number1 books on a shelf in his room . later he added number2 more books to the shelf . how many books were on his shelf in all ?,8 9 10,+ number1 number2,19.0,"[32, 1, 2, 3, 4, 5, 6, 7, 33, 17, 18, 19, 20, 31]",jerry had number0 action figures and number1 books on a shelf in his room . later he added number2 more books to the shelf .,how many books were on his shelf in all ?
jerry had number0 action figures and number1 books on a shelf in his room . later he added number2 more books to the shelf . how many more action figures than books were on his shelf ?,7 2 4,- number0 + number1 number2,1.0,"[1, 2, 3, 4, 5, 6, 7, 33, 34, 10, 35, 17, 18, 19, 20]",jerry had number0 action figures and number1 books on a shelf in his room . later he added number2 more books to the shelf .,how many more action figures than books were on his shelf ?
jerry had number0 action figures and number1 books on a shelf in his room . later he added number2 more books to the shelf . how many more books than action figures were on his shelf ?,5 2 9,- + number1 number2 number0,6.0,"[1, 2, 3, 4, 5, 6, 7, 33, 34, 10, 35, 17, 18, 19, 20]",jerry had number0 action figures and number1 books on a shelf in his room . later he added number2 more books to the shelf .,how many more books than action figures were on his shelf ?
jerry had number0 action figures on a shelf in his room . later he added number1 more action figures to the shelf and removed number2 old ones . how many action figures were on his shelf in all ?,8 4 5,- + number0 number1 number2,7.0,"[1, 2, 3, 4, 35, 36, 7, 37, 11, 13, 14, 15, 16, 18, 23, 24, 25, 26]",jerry had number0 action figures on a shelf in his room . later he added number1 more action figures to the shelf and removed number2 old ones .,how many action figures were on his shelf in all ?
jerry had number0 action figures on a shelf in his room . later he added number1 more action figures to the shelf and removed some of the old ones . if there are number2 action figures on his shelf now how many action figures did he remove from the shelf ?,3 4 6,- + number0 number1 number2,1.0,"[32, 1, 2, 3, 4, 33, 34, 35, 11, 14, 15, 16, 47, 18, 48, 49]",jerry had number0 action figures on a shelf in his room . later he added number1 more action figures to the shelf and removed some of the old ones . if there are number2 action figures on his shelf now,how many action figures did he remove from the shelf ?
jerry had number0 action figures on a shelf in his room . later he added some more action figures to the shelf and removed number1 of the old ones . if there are number2 action figures on his shelf now how many action figures did he add to the shelf ?,7 10 8,- + number2 number1 number0,11.0,"[32, 1, 2, 3, 4, 33, 34, 35, 11, 47, 16, 48, 49, 23, 24, 25]",jerry had number0 action figures on a shelf in his room . later he added some more action figures to the shelf and removed number1 of the old ones . if there are number2 action figures on his shelf now,how many action figures did he add to the shelf ?
jerry had some action figures on a shelf in his room . later he added number0 more action figures to the shelf and removed number1 of the old ones . if there are number2 action figures on his shelf now how many action figures did he have initially on the shelf ?,2 7 10,- + number2 number1 number0,15.0,"[32, 33, 34, 35, 1, 4, 2, 11, 14, 15, 16, 48, 18, 49, 50, 23, 24, 25]",jerry had some action figures on a shelf in his room . later he added number0 more action figures to the shelf and removed number1 of the old ones . if there are number2 action figures on his shelf now,how many action figures did he have initially on the shelf ?
jerry had number0 action figures on a shelf in his room . later he added number1 more action figures to the shelf . if he also has number2 books on the shelf how many more action figures than books were on his shelf ?,9 7 10,- + number0 number1 number2,6.0,"[1, 2, 3, 4, 40, 41, 10, 11, 42, 14, 15, 16, 18, 19, 26, 27, 28]",jerry had number0 action figures on a shelf in his room . later he added number1 more action figures to the shelf . if he also has number2 books on the shelf,how many more action figures than books were on his shelf ?
jerry had number0 books and number1 action figures on a shelf in his room . later he added number2 more action figures to the shelf . how many more action figures than books were on his shelf ?,3 4 2,- + number1 number2 number0,3.0,"[1, 2, 3, 4, 5, 6, 7, 34, 35, 10, 36, 17, 18, 19, 21]",jerry had number0 books and number1 action figures on a shelf in his room . later he added number2 more action figures to the shelf .,how many more action figures than books were on his shelf ?
jerry had number0 books and number1 action figures on a shelf in his room . later he added number2 more action figures to the shelf . how many more books than action figures were on his shelf ?,7 3 2,- number0 + number1 number2,2.0,"[1, 2, 3, 4, 5, 6, 34, 35, 36, 10, 17, 18, 19, 21]",jerry had number0 books and number1 action figures on a shelf in his room . later he added number2 more action figures to the shelf .,how many more books than action figures were on his shelf ?
allan brought number0 balloons and jake brought number1 balloons to the park . how many more balloons did allan have than jake in the park ?,5 3,- number0 number1,2.0,"[1, 2, 3, 6, 7, 8, 22, 23, 24]",allan brought number0 balloons and jake brought number1 balloons to the park .,how many more balloons did allan have than jake in the park ?
allan brought number0 balloons and jake brought number1 balloons to the park . how many more balloons did jake have than allan in the park ?,2 3,- number1 number0,1.0,"[1, 2, 3, 6, 7, 8, 22, 23, 24]",allan brought number0 balloons and jake brought number1 balloons to the park .,how many more balloons did jake have than allan in the park ?
allan and jake brought number0 balloons to the park . if allan brought number1 balloons how many balloons did jake bring to the park ?,3 2,- number0 number1,1.0,"[2, 3, 4, 5, 6, 10, 12, 13, 14, 21, 22, 23]",allan and jake brought number0 balloons to the park . if allan brought number1 balloons,how many balloons did jake bring to the park ?
jake brought number0 balloons to the park . if jake brought number1 more balloons than the number of balloons that allan brought how many balloons did allan bring to the park ?,6 4,- number0 number1,2.0,"[1, 2, 3, 4, 10, 11, 12, 13, 15, 19, 28, 29, 30]",jake brought number0 balloons to the park . if jake brought number1 more balloons than the number of balloons that allan brought,how many balloons did allan bring to the park ?
allan brought number0 balloons to the park . if jake brought number1 more balloons than the number of balloons that allan brought how many balloons did jake bring to the park ?,5 6,+ number0 number1,11.0,"[1, 2, 3, 4, 10, 11, 12, 13, 15, 19, 28, 29, 30]",allan brought number0 balloons to the park . if jake brought number1 more balloons than the number of balloons that allan brought,how many balloons did jake bring to the park ?
allan brought number0 balloons and jake brought number1 balloons to the park . allan then bought number2 more balloons at the park . how many balloons did allan and jake have in the park ?,3 5 2,+ + number0 number1 number2,10.0,"[32, 1, 2, 3, 4, 33, 6, 7, 8, 15, 16, 17, 18, 31]",allan brought number0 balloons and jake brought number1 balloons to the park . allan then bought number2 more balloons at the park .,how many balloons did allan and jake have in the park ?
allan brought number0 balloons and jake brought number1 balloons to the park . allan then bought number2 more balloons at the park . how many more balloons did allan have than jake in the park ?,2 4 3,- + number0 number2 number1,1.0,"[32, 1, 2, 3, 4, 33, 6, 7, 8, 34, 15, 16, 17, 18]",allan brought number0 balloons and jake brought number1 balloons to the park . allan then bought number2 more balloons at the park .,how many more balloons did allan have than jake in the park ?
allan brought number0 balloons and jake brought number1 balloons to the park . allan then bought number2 more balloons at the park . how many more balloons did jake have than allan in the park ?,2 6 3,- number1 + number0 number2,1.0,"[32, 1, 2, 3, 4, 33, 6, 7, 8, 34, 15, 16, 17, 18]",allan brought number0 balloons and jake brought number1 balloons to the park . allan then bought number2 more balloons at the park .,how many more balloons did jake have than allan in the park ?
allan brought number0 balloons and jake brought number1 balloons to the park . allan then bought number2 more balloons at the park . how many balloons did allan bring to the park ?,5 4 3,+ number0 number2,8.0,"[1, 2, 3, 4, 5, 6, 7, 8, 15, 16, 17, 18, 29, 30, 31]",allan brought number0 balloons and jake brought number1 balloons to the park . allan then bought number2 more balloons at the park .,how many balloons did allan bring to the park ?
allan brought number0 balloons and jake brought number1 balloons to the park . jake then bought number2 more balloons at the park . how many more balloons did allan have than jake in the park ?,6 2 3,- number0 + number1 number2,1.0,"[32, 1, 2, 3, 4, 33, 6, 7, 8, 34, 15, 16, 17, 18]",allan brought number0 balloons and jake brought number1 balloons to the park . jake then bought number2 more balloons at the park .,how many more balloons did allan have than jake in the park ?
allan brought number0 balloons and jake brought number1 balloons to the park . jake then bought number2 more balloons at the park . how many more balloons did jake have than allan in the park ?,6 3 4,- + number1 number2 number0,1.0,"[32, 1, 2, 3, 4, 33, 6, 7, 8, 34, 15, 16, 17, 18]",allan brought number0 balloons and jake brought number1 balloons to the park . jake then bought number2 more balloons at the park .,how many more balloons did jake have than allan in the park ?
allan brought number0 balloons and jake brought number1 balloons to the park . jake then bought number2 more balloons at the park . how many balloons did jake bring to the park ?,5 6 3,+ number1 number2,9.0,"[1, 2, 3, 4, 5, 6, 7, 8, 15, 16, 17, 18, 29, 30, 31]",allan brought number0 balloons and jake brought number1 balloons to the park . jake then bought number2 more balloons at the park .,how many balloons did jake bring to the park ?
allan brought number0 balloons and number1 balls while jake brought number2 balloons and number3 balls to the park . how many balloons did allan and jake have in the park ?,3 20 5 59,+ number0 number2,8.0,"[1, 2, 3, 4, 5, 6, 7, 9, 10, 11, 12, 13, 14, 27, 28, 29]",allan brought number0 balloons and number1 balls while jake brought number2 balloons and number3 balls to the park .,how many balloons did allan and jake have in the park ?
allan brought number0 balloons and number1 balls while jake brought number2 balloons and number3 balls to the park . how many balls did allan and jake have in the park ?,7 5 6 4,+ number1 number3,9.0,"[1, 2, 3, 4, 5, 6, 7, 9, 10, 11, 12, 13, 14, 27, 28, 29]",allan brought number0 balloons and number1 balls while jake brought number2 balloons and number3 balls to the park .,how many balls did allan and jake have in the park ?
allan brought number0 balloons . if allan and jake brought total of number1 balloons to the park how many balloons did jake bring to the park ?,5 6,- number1 number0,1.0,"[1, 2, 3, 11, 12, 13, 18, 22, 23, 24, 25]",allan brought number0 balloons . if allan and jake brought total of number1 balloons to the park,how many balloons did jake bring to the park ?
allan brought number0 balloons to the park and then bought number1 more balloons there . if jake brought number2 balloons to the park how many more balloons did jake have than allan in the park ?,2 3 6,- number2 + number0 number1,1.0,"[32, 1, 2, 3, 33, 34, 9, 10, 11, 12, 14, 17, 18, 19]",allan brought number0 balloons to the park and then bought number1 more balloons there . if jake brought number2 balloons to the park,how many more balloons did jake have than allan in the park ?
number0 red peaches and number1 green peaches are in the basket . how many more red peaches than green peaches are in the basket ?,17 16,- number0 number1,1.0,"[0, 1, 2, 3, 4, 5, 6, 10, 11, 21, 22, 23]",number0 red peaches and number1 green peaches are in the basket .,how many more red peaches than green peaches are in the basket ?
number0 red peaches and number1 green peaches are in the basket . how many more green peaches than red peaches are in the basket ?,5 11,- number1 number0,6.0,"[0, 1, 2, 3, 4, 5, 6, 10, 11, 21, 22, 23]",number0 red peaches and number1 green peaches are in the basket .,how many more green peaches than red peaches are in the basket ?
number0 red peaches and some more green peaches are in the basket . if there are a total of number1 peaches in the basket how many green peaches are in the basket ?,10 15,- number1 number0,5.0,"[0, 1, 2, 6, 12, 13, 18, 19, 20, 29, 30, 31]",number0 red peaches and some more green peaches are in the basket . if there are a total of number1 peaches in the basket,how many green peaches are in the basket ?
number0 red peaches and some more green peaches are in the basket . if there are number1 more green peaches than red peaches in the basket how many green peaches are in the basket ?,3 10,+ number0 number1,13.0,"[0, 1, 2, 32, 4, 5, 6, 33, 8, 11, 14, 15, 16, 17, 19, 20, 31]",number0 red peaches and some more green peaches are in the basket . if there are number1 more green peaches than red peaches in the basket,how many green peaches are in the basket ?
number0 red peaches number1 yellow peaches and number2 green peaches are in the basket . how many peaches are in the basket ?,7 15 8,+ + number0 number1 number2,30.0,"[0, 1, 2, 3, 4, 5, 6, 7, 8, 9, 19, 20, 21]",number0 red peaches number1 yellow peaches and number2 green peaches are in the basket .,how many peaches are in the basket ?
number0 red peaches number1 yellow peaches and number2 green peaches are in the basket . how many more green peaches than red peaches are in the basket ?,7 71 8,- number2 number0,1.0,"[0, 1, 2, 3, 4, 5, 6, 7, 8, 9, 11, 24, 25, 26]",number0 red peaches number1 yellow peaches and number2 green peaches are in the basket .,how many more green peaches than red peaches are in the basket ?
number0 red peaches number1 yellow peaches and number2 green peaches are in the basket . how many more green peaches than yellow peaches are in the basket ?,2 6 14,- number2 number1,8.0,"[0, 1, 2, 3, 4, 5, 6, 7, 8, 9, 11, 13, 24, 25, 26]",number0 red peaches number1 yellow peaches and number2 green peaches are in the basket .,how many more green peaches than yellow peaches are in the basket ?
number0 red peaches number1 yellow peaches and number2 green peaches are in the basket . how many more red peaches than yellow peaches are in the basket ?,19 11 12,- number0 number1,8.0,"[0, 1, 2, 3, 4, 6, 7, 8, 9, 11, 24, 25, 26]",number0 red peaches number1 yellow peaches and number2 green peaches are in the basket .,how many more red peaches than yellow peaches are in the basket ?
number0 red peaches number1 yellow peaches and number2 green peaches are in the basket . how many red and green peaches are in the basket ?,6 90 16,+ number0 number2,22.0,"[0, 1, 2, 3, 4, 5, 6, 7, 8, 9, 22, 23, 24]",number0 red peaches number1 yellow peaches and number2 green peaches are in the basket .,how many red and green peaches are in the basket ?
number0 red peaches number1 yellow peaches and number2 green peaches are in the basket . how many red and yellow peaches are in the basket ?,18 14 17,+ number0 number1,32.0,"[0, 1, 2, 3, 4, 5, 6, 7, 8, 9, 22, 23, 24]",number0 red peaches number1 yellow peaches and number2 green peaches are in the basket .,how many red and yellow peaches are in the basket ?
number0 red peaches number1 yellow peaches and number2 green peaches are in the basket . how many green and yellow peaches are in the basket ?,5 14 6,+ number2 number1,20.0,"[0, 1, 2, 3, 4, 5, 6, 7, 8, 9, 13, 22, 23, 24]",number0 red peaches number1 yellow peaches and number2 green peaches are in the basket .,how many green and yellow peaches are in the basket ?
there are number0 baskets of peaches . each basket has number1 red peaches and number2 green peaches . how many peaches are in each basket ?,65 7 3,+ number1 number2,10.0,"[1, 2, 3, 4, 6, 7, 8, 9, 10, 11, 12, 13, 14, 15, 16, 22, 23, 24]",there are number0 baskets of peaches . each basket has number1 red peaches and number2 green peaches .,how many peaches are in each basket ?
there are number0 baskets of peaches . each basket has number1 red peaches and number2 green peaches . how many peaches are in the baskets altogether ?,11 10 18,* + number1 number2 number0,308.0,"[1, 2, 3, 4, 6, 7, 8, 9, 10, 11, 12, 13, 14, 15, 16, 23, 24, 25]",there are number0 baskets of peaches . each basket has number1 red peaches and number2 green peaches .,how many peaches are in the baskets altogether ?
there are number0 baskets of peaches . each basket has number1 red peaches and number2 green peaches . how many red peaches are in the baskets altogether ?,6 16 18,* number1 number0,96.0,"[1, 2, 3, 4, 7, 8, 9, 10, 11, 12, 13, 14, 15, 16, 24, 25, 26]",there are number0 baskets of peaches . each basket has number1 red peaches and number2 green peaches .,how many red peaches are in the baskets altogether ?
there are number0 baskets of peaches . each basket has number1 red peaches and number2 green peaches . how many green peaches are in the baskets altogether ?,7 10 2,* number2 number0,14.0,"[1, 2, 3, 4, 7, 8, 9, 10, 11, 12, 13, 14, 15, 16, 24, 25, 26]",there are number0 baskets of peaches . each basket has number1 red peaches and number2 green peaches .,how many green peaches are in the baskets altogether ?
there are some baskets of peaches . each basket has number0 red peaches and number1 green peaches . if there are a total of number2 peaches in all baskets how many baskets of peaches are there ?,4 3 7,/ number2 + number0 number1,1.0,"[33, 2, 34, 4, 35, 7, 8, 9, 10, 11, 12, 13, 14, 15, 16, 23, 24, 25]",there are some baskets of peaches . each basket has number0 red peaches and number1 green peaches . if there are a total of number2 peaches in all baskets,how many baskets of peaches are there ?
there are number0 baskets of peaches . each basket has number1 red peaches and some more green peaches . if there are a total of number2 peaches in all baskets how many green peaches are in each basket ?,2 4 12,- / number2 number0 number1,2.0,"[1, 2, 3, 36, 4, 35, 7, 37, 9, 10, 11, 12, 13, 18, 24, 25, 26]",there are number0 baskets of peaches . each basket has number1 red peaches and some more green peaches . if there are a total of number2 peaches in all baskets,how many green peaches are in each basket ?
there are a total of number0 peaches in a basket . if there are number1 red peaches and some more green peaches in the basket . how many green peaches are in the basket ?,16 13,- number0 number1,3.0,"[32, 1, 2, 33, 4, 5, 6, 7, 8, 9, 13, 14, 15, 16, 31]",there are a total of number0 peaches in a basket . if there are number1 red peaches and some more green peaches in the basket .,how many green peaches are in the basket ?
each basket of peaches has number0 red peaches and number1 green peaches . if there are number2 such baskets how many peaches are in the baskets altogether ?,19 4 15,* + number0 number1 number2,345.0,"[0, 2, 4, 5, 6, 7, 8, 9, 10, 11, 12, 15, 16, 17, 18, 24, 25, 26]",each basket of peaches has number0 red peaches and number1 green peaches . if there are number2 such baskets,how many peaches are in the baskets altogether ?
there are number0 peaches distributed equally in some baskets . if each basket has number1 red peaches and number2 green peaches how many baskets of peaches are there ?,10 4 6,/ number0 + number1 number2,1.0,"[1, 2, 3, 5, 9, 11, 13, 14, 15, 16, 17, 18, 19, 20, 25, 26, 27]",there are number0 peaches distributed equally in some baskets . if each basket has number1 red peaches and number2 green peaches,how many baskets of peaches are there ?
number0 green peaches number1 yellow peaches and number2 red peaches are in the basket . how many more green peaches than red peaches are in the basket ?,6 60 2,- number0 number2,4.0,"[0, 1, 2, 3, 4, 5, 6, 7, 8, 9, 11, 13, 24, 25, 26]",number0 green peaches number1 yellow peaches and number2 red peaches are in the basket .,how many more green peaches than red peaches are in the basket ?
lucy went to the grocery store . she bought number0 packs of cookie and number1 packs of cake . how many more packs of cookie did she buy over cake ?,10 4,- number0 number1,6.0,"[1, 2, 8, 9, 10, 13, 14, 15, 27, 28, 29]",lucy went to the grocery store . she bought number0 packs of cookie and number1 packs of cake .,how many more packs of cookie did she buy over cake ?
lucy went to the grocery store . she bought number0 packs of cookie number1 packs of cake and number2 packs of chocolate . how many packs of groceries did she buy in all ?,4 22 16,+ + number0 number1 number2,42.0,"[32, 1, 7, 8, 9, 10, 12, 13, 14, 17, 18, 19, 30, 31]",lucy went to the grocery store . she bought number0 packs of cookie number1 packs of cake and number2 packs of chocolate .,how many packs of groceries did she buy in all ?
lucy went to the grocery store . she bought number0 packs of cookie and some packs of cake . in total she had number1 packs of grocery how many packs of cake did she buy in all ?,23 27,- number1 number0,4.0,"[1, 34, 3, 35, 36, 8, 9, 10, 15, 22, 23, 24]",lucy went to the grocery store . she bought number0 packs of cookie and some packs of cake . in total she had number1 packs of grocery,how many packs of cake did she buy in all ?
lucy went to the grocery store . she bought number0 packs of cookie and number1 packs of cake . in the end she had number2 amount of change remaining . how many packs of groceries did she buy in all ?,2 12 56,+ number0 number1,14.0,"[1, 4, 37, 38, 7, 8, 9, 10, 39, 13, 14, 15, 23, 24, 25]",lucy went to the grocery store . she bought number0 packs of cookie and number1 packs of cake . in the end she had number2 amount of change remaining .,how many packs of groceries did she buy in all ?
during summer break number0 kids from lawrence county go to camp and the other number1 kids stay home . how many more kids spent their summer break at the camp compared to those who stayed home ?,819058 668278,- number0 number1,150780.0,"[1, 2, 3, 4, 33, 34, 35, 8, 13, 14, 15, 16]",during summer break number0 kids from lawrence county go to camp and the other number1 kids stay home .,how many more kids spent their summer break at the camp compared to those who stayed home ?
during summer break number0 kids from lawrence county go to camp and the other number1 kids stay home . how many more kids stayed home compared to those who went to the camp ?,202958 777622,- number1 number0,574664.0,"[32, 1, 2, 3, 4, 8, 13, 14, 15, 16, 30, 31]",during summer break number0 kids from lawrence county go to camp and the other number1 kids stay home .,how many more kids stayed home compared to those who went to the camp ?
lawrence county has number0 kids . during summer break number1 kids go to camp and the rest stay home . how many kids stay home ?,898051 629424,- number0 number1,268627.0,"[1, 2, 3, 4, 8, 9, 10, 11, 22, 23, 24]",lawrence county has number0 kids . during summer break number1 kids go to camp and the rest stay home .,how many kids stay home ?
lawrence county has number0 kids . during summer break number1 kids stay home and the rest go to camp . how many kids go to the camp during the break ?,313473 274865,- number0 number1,38608.0,"[1, 2, 3, 4, 8, 9, 10, 11, 27, 28, 29]",lawrence county has number0 kids . during summer break number1 kids stay home and the rest go to camp .,how many kids go to the camp during the break ?
during summer break number0 kids from lawrence county stay home and the other number1 kids go to camp . about how many kids are in lawrence county ?,907611 455682,+ number1 number0,1363293.0,"[2, 3, 4, 7, 8, 12, 13, 14, 15, 24, 25, 26]",during summer break number0 kids from lawrence county stay home and the other number1 kids go to camp .,about how many kids are in lawrence county ?
during summer break number0 kids from lawrence county go to camp and the rest stay home . lawrence county has number1 kids in all . about how many kids stayed home ?,800059 828521,- number1 number0,28462.0,"[2, 3, 4, 8, 19, 20, 21, 28, 29, 30]",during summer break number0 kids from lawrence county go to camp and the rest stay home . lawrence county has number1 kids in all .,about how many kids stayed home ?
during summer break number0 kids from lawrence county stayed home and the rest went to camp . the total number of kids in larence county is number1 . about how many kids in lawrence county went to camp ?,61619 91676,- number1 number0,30057.0,"[2, 3, 4, 35, 36, 7, 8, 37, 25, 26]",during summer break number0 kids from lawrence county stayed home and the rest went to camp . the total number of kids in larence county is number1 .,about how many kids in lawrence county went to camp ?
during summer break number0 kids from lawrence county go to camp and the other number1 kids stay home . an additional number2 kids from outside the county attended the camp . how many kids in total attended the camp ?,34044 134867 424944,+ number0 number2,458988.0,"[1, 2, 3, 4, 5, 36, 37, 8, 38, 13, 14, 15, 16, 20, 21, 22]",during summer break number0 kids from lawrence county go to camp and the other number1 kids stay home . an additional number2 kids from outside the county attended the camp .,how many kids in total attended the camp ?
during summer break number0 kids from lawrence county go to camp and the other number1 kids stay home . an additional number2 kids from outside the county attended the camp . about how many kids are in lawrence county ?,610769 590796 22,+ number0 number1,1201565.0,"[1, 2, 3, 4, 36, 37, 7, 8, 38, 13, 14, 15, 16, 20, 21, 22]",during summer break number0 kids from lawrence county go to camp and the other number1 kids stay home . an additional number2 kids from outside the county attended the camp .,about how many kids are in lawrence county ?
during summer break number0 kids from lawrence county stayed home and the other number1 kids went to camp . an additional number2 kids from outside the county attended the camp . how many kids are in lawrence county ?,644997 893835 78,+ number1 number0,1538832.0,"[1, 2, 3, 4, 35, 6, 36, 8, 37, 12, 13, 14, 15, 20, 21, 22]",during summer break number0 kids from lawrence county stayed home and the other number1 kids went to camp . an additional number2 kids from outside the county attended the camp .,how many kids are in lawrence county ?
number0 campers went rowing in the morning . number1 campers went rowing in the afternoon . how many more campers went rowing in the morning than in the afternoon ?,62 39,- number0 number1,23.0,"[0, 1, 2, 4, 8, 9, 10, 26, 27, 28]",number0 campers went rowing in the morning . number1 campers went rowing in the afternoon .,how many more campers went rowing in the morning than in the afternoon ?
number0 campers went rowing in the morning . number1 campers went rowing in the afternoon . how many more campers went rowing in the afternoon than in the morning ?,52 61,- number1 number0,9.0,"[0, 1, 2, 4, 8, 9, 10, 26, 27, 28]",number0 campers went rowing in the morning . number1 campers went rowing in the afternoon .,how many more campers went rowing in the afternoon than in the morning ?
number0 campers went rowing in the morning . some more campers went rowing in the afternoon . if a total of number1 campers went rowing that day how many campers went rowing in the afternoon ?,15 32,- number1 number0,17.0,"[0, 1, 2, 3, 32, 33, 34, 11, 15, 20, 21, 22]",number0 campers went rowing in the morning . some more campers went rowing in the afternoon . if a total of number1 campers went rowing that day,how many campers went rowing in the afternoon ?
some campers went rowing in the morning while number0 campers went rowing in the afternoon . if a total of number1 campers went rowing that day how many campers went rowing in the morning ?,7 60,- number1 number0,53.0,"[32, 33, 2, 7, 8, 9, 10, 11, 15, 19, 20, 21, 31]",some campers went rowing in the morning while number0 campers went rowing in the afternoon . if a total of number1 campers went rowing that day,how many campers went rowing in the morning ?
number0 campers went rowing in the morning number1 campers went rowing in the afternoon and number2 campers went rowing in the evening . how many campers went rowing in all ?,36 13 49,+ + number0 number1 number2,98.0,"[0, 1, 2, 5, 6, 7, 8, 9, 14, 15, 16, 17, 27, 28, 29]",number0 campers went rowing in the morning number1 campers went rowing in the afternoon and number2 campers went rowing in the evening .,how many campers went rowing in all ?
number0 campers went rowing in the morning number1 campers went rowing in the afternoon and number2 campers went rowing in the evening . how many more campers went rowing in the morning than in the afternoon ?,44 39 31,- number0 number1,5.0,"[0, 1, 2, 33, 4, 34, 35, 7, 8, 9, 10, 15, 16, 17, 18]",number0 campers went rowing in the morning number1 campers went rowing in the afternoon and number2 campers went rowing in the evening .,how many more campers went rowing in the morning than in the afternoon ?
number0 campers went rowing in the morning number1 campers went rowing in the afternoon and number2 campers went rowing in the evening . how many more campers went rowing in the morning than in the evening ?,53 48 49,- number0 number2,4.0,"[0, 1, 2, 33, 4, 34, 6, 7, 8, 9, 35, 14, 15, 16, 17]",number0 campers went rowing in the morning number1 campers went rowing in the afternoon and number2 campers went rowing in the evening .,how many more campers went rowing in the morning than in the evening ?
number0 campers went rowing in the morning number1 campers went rowing in the afternoon and number2 campers went rowing in the evening . how many more campers went rowing in the afternoon than in the evening ?,33 34 10,- number1 number2,24.0,"[0, 1, 2, 33, 4, 34, 6, 7, 8, 9, 35, 14, 15, 16, 17]",number0 campers went rowing in the morning number1 campers went rowing in the afternoon and number2 campers went rowing in the evening .,how many more campers went rowing in the afternoon than in the evening ?
number0 campers went rowing and number1 campers went hiking in the morning . number2 campers went rowing in the afternoon . how many campers went rowing in all ?,13 59 21,+ number0 number2,34.0,"[0, 1, 2, 4, 5, 6, 7, 13, 14, 25, 26, 27]",number0 campers went rowing and number1 campers went hiking in the morning . number2 campers went rowing in the afternoon .,how many campers went rowing in all ?
number0 campers went rowing and number1 campers went hiking in the morning . number2 campers went rowing in the afternoon . how many more campers went rowing in the morning than in the afternoon ?,29 66 26,- number0 number2,3.0,"[0, 1, 2, 32, 4, 5, 6, 7, 33, 13, 14, 31]",number0 campers went rowing and number1 campers went hiking in the morning . number2 campers went rowing in the afternoon .,how many more campers went rowing in the morning than in the afternoon ?
number0 campers went rowing and number1 campers went hiking in the morning . number2 campers went rowing in the afternoon . how many campers went rowing and hiking in all ?,41 4 26,+ + number0 number2 number1,71.0,"[0, 1, 2, 3, 4, 5, 6, 7, 13, 14, 27, 28, 29]",number0 campers went rowing and number1 campers went hiking in the morning . number2 campers went rowing in the afternoon .,how many campers went rowing and hiking in all ?
number0 campers went rowing on a day . number1 campers went rowing in the morning and some more campers went rowing in the afternoon . how many campers went rowing in the afternoon ?,46 43,- number0 number1,3.0,"[0, 1, 32, 4, 5, 8, 9, 10, 12, 30, 31]",number0 campers went rowing on a day . number1 campers went rowing in the morning and some more campers went rowing in the afternoon .,how many campers went rowing in the afternoon ?
a book has number0 chapters . the first chapter is number1 pages long . the second chapter is number2 pages long . how many more pages does the first chapter have than the second chapter ?,2 48 11,- number1 number2,37.0,"[32, 1, 2, 3, 4, 33, 34, 8, 9, 10, 11, 17, 18, 19]",a book has number0 chapters . the first chapter is number1 pages long . the second chapter is number2 pages long .,how many more pages does the first chapter have than the second chapter ?
a book has number0 chapters . the first chapter is number1 pages long . the second chapter is number2 pages long . how many more pages does the second chapter have than the first chapter ?,2 37 80,- number2 number1,43.0,"[32, 1, 2, 3, 4, 33, 34, 8, 9, 10, 11, 17, 18, 19]",a book has number0 chapters . the first chapter is number1 pages long . the second chapter is number2 pages long .,how many more pages does the second chapter have than the first chapter ?
a book has number0 chapters . the first chapter is number1 pages long . if there are a total of number2 pages in the book how many pages are in the second chapter ?,2 60 93,- number2 number1,33.0,"[32, 2, 3, 4, 9, 10, 11, 12, 18, 19, 20, 21, 30, 31]",a book has number0 chapters . the first chapter is number1 pages long . if there are a total of number2 pages in the book,how many pages are in the second chapter ?
a book has number0 chapters . the second chapter is number1 pages long . if there are a total of number2 pages in the book how many pages are in the first chapter ?,2 36 67,- number2 number1,31.0,"[32, 2, 3, 4, 9, 10, 11, 12, 18, 19, 20, 21, 30, 31]",a book has number0 chapters . the second chapter is number1 pages long . if there are a total of number2 pages in the book,how many pages are in the first chapter ?
a book has number0 chapters . the first chapter is number1 pages long the second chapter is number2 pages long and the third chapter is number3 pages long . how many pages does the book have altogether ?,3 66 35 24,+ + number1 number2 number3,125.0,"[1, 2, 3, 4, 34, 6, 35, 36, 9, 10, 11, 16, 17, 18, 24, 25, 26]",a book has number0 chapters . the first chapter is number1 pages long the second chapter is number2 pages long and the third chapter is number3 pages long .,how many pages does the book have altogether ?
a book has number0 chapters . the first chapter is number1 pages long the second chapter is number2 pages long and the third chapter is number3 pages long . how many more pages does the first chapter have than the second chapter ?,3 91 23 25,- number1 number2,68.0,"[1, 2, 3, 4, 39, 8, 9, 10, 11, 40, 41, 16, 17, 18, 24, 25, 26]",a book has number0 chapters . the first chapter is number1 pages long the second chapter is number2 pages long and the third chapter is number3 pages long .,how many more pages does the first chapter have than the second chapter ?
a book has number0 chapters . the first chapter is number1 pages long the second chapter is number2 pages long and the third chapter is number3 pages long . how many more pages does the second chapter have than the third chapter ?,3 35 18 3,- number2 number0,15.0,"[1, 2, 3, 4, 39, 8, 9, 10, 11, 40, 41, 16, 17, 18, 24, 25, 26]",a book has number0 chapters . the first chapter is number1 pages long the second chapter is number2 pages long and the third chapter is number3 pages long .,how many more pages does the second chapter have than the third chapter ?
a book has number0 chapters . the first chapter is number1 pages long the second chapter is number2 pages long and the third chapter is number3 pages long . how many more pages does the first chapter have than the third chapter ?,3 53 75 21,- number1 number3,32.0,"[1, 2, 3, 4, 39, 8, 9, 10, 11, 40, 41, 16, 17, 18, 24, 25, 26]",a book has number0 chapters . the first chapter is number1 pages long the second chapter is number2 pages long and the third chapter is number3 pages long .,how many more pages does the first chapter have than the third chapter ?
a book has number0 chapters . each chapter is number1 pages long . how many pages does the book have altogether ?,31 61,* number0 number1,1891.0,"[1, 2, 3, 4, 6, 8, 9, 10, 18, 19, 20]",a book has number0 chapters . each chapter is number1 pages long .,how many pages does the book have altogether ?
a book has number0 chapters across number1 pages . the first chapter is number2 pages long . how many pages are in the first chapter ?,2 23 10,- number1 number2,13.0,"[1, 2, 3, 4, 5, 6, 7, 12, 13, 14, 22, 23, 24]",a book has number0 chapters across number1 pages . the first chapter is number2 pages long .,how many pages are in the first chapter ?
a book has number0 chapters across number1 pages . the second chapter is number2 pages long . how many pages are in the second chapter ?,2 81 68,- number1 number2,13.0,"[1, 2, 3, 4, 5, 6, 7, 12, 13, 14, 22, 23, 24]",a book has number0 chapters across number1 pages . the second chapter is number2 pages long .,how many pages are in the second chapter ?
mary is baking a cake . the recipe calls for number0 cups of flour and number1 cups of sugar . she already put in number2 cups of flour . how many more cups of flour than cups of sugar does she need to add now ?,14 6 5,- - number0 number2 number1,3.0,"[1, 2, 9, 10, 11, 12, 42, 14, 15, 16, 43, 44, 23, 24, 25]",mary is baking a cake . the recipe calls for number0 cups of flour and number1 cups of sugar . she already put in number2 cups of flour .,how many more cups of flour than cups of sugar does she need to add now ?
mary is baking a cake . the recipe calls for number0 cups of flour and number1 cups of sugar . she already put in number2 cups of flour . how many more cups of sugar than cups of flour does she need to add now ?,9 11 4,- number1 - number0 number2,6.0,"[1, 2, 9, 10, 11, 12, 42, 14, 15, 16, 43, 44, 23, 24, 25]",mary is baking a cake . the recipe calls for number0 cups of flour and number1 cups of sugar . she already put in number2 cups of flour .,how many more cups of sugar than cups of flour does she need to add now ?
mary is baking a cake . the recipe calls for number0 cups of flour and number1 cups of sugar . she already put in some cups of flour . if she still needs number2 more cups of flour than sugar how many more cups of flour does she need to add ?,6 13 8,+ number1 number2,21.0,"[32, 33, 34, 35, 2, 5, 3, 9, 10, 11, 12, 13, 14, 15, 16, 48, 49, 50, 21]",mary is baking a cake . the recipe calls for number0 cups of flour and number1 cups of sugar . she already put in some cups of flour . if she still needs number2 more cups of flour than sugar,how many more cups of flour does she need to add ?
mary is baking a cake . the recipe calls for number0 cups of flour and number1 cups of sugar . she already put in some cups of flour . if she still needs number2 more cups of flour than sugar how many cups of flour did she put in ?,11 7 2,- - number0 number1 number2,2.0,"[32, 33, 34, 35, 2, 5, 3, 9, 10, 11, 12, 14, 15, 16, 46, 18, 47, 48]",mary is baking a cake . the recipe calls for number0 cups of flour and number1 cups of sugar . she already put in some cups of flour . if she still needs number2 more cups of flour than sugar,how many cups of flour did she put in ?
mary is baking a cake . the recipe calls for number0 cups of sugar and some more cups of flour . she already put in number1 cups of flour . if she still needs to add number2 more cups of flour how many cups of flour did the recipe require ?,11 3 6,+ number1 number2,9.0,"[35, 36, 37, 38, 7, 5, 9, 10, 11, 12, 47, 48, 49, 19, 24, 25, 26]",mary is baking a cake . the recipe calls for number0 cups of sugar and some more cups of flour . she already put in number1 cups of flour . if she still needs to add number2 more cups of flour,how many cups of flour did the recipe require ?
mary is baking a cake . the recipe calls for number0 cups of flour and number1 cups of sugar . she already put in some cups of flour . if she still needs number2 more cups of flour how many cups of flour did she put in ?,12 5 2,- number0 number2,10.0,"[32, 33, 34, 35, 2, 5, 3, 9, 10, 11, 44, 45, 14, 15, 16, 46]",mary is baking a cake . the recipe calls for number0 cups of flour and number1 cups of sugar . she already put in some cups of flour . if she still needs number2 more cups of flour,how many cups of flour did she put in ?
mary is baking a cake . the recipe calls for number0 cups of flour and number1 cups of sugar . she already put in number2 cups of flour and number3 cups of sugar . how many more cups of flour does she need to add ?,9 5 3 62,- number0 number2,6.0,"[1, 2, 8, 9, 10, 11, 42, 43, 14, 15, 16, 44, 23, 24, 25, 28, 29, 30]",mary is baking a cake . the recipe calls for number0 cups of flour and number1 cups of sugar . she already put in number2 cups of flour and number3 cups of sugar .,how many more cups of flour does she need to add ?
mary is baking a cake . the recipe calls for number0 cups of flour and number1 cups of sugar . she already put in number2 cups of flour and number3 cups of sugar . how many more cups of sugar does she need to add ?,5 14 10 2,- number1 number3,12.0,"[1, 2, 8, 9, 10, 11, 42, 43, 14, 15, 16, 44, 23, 24, 25, 28, 29, 30]",mary is baking a cake . the recipe calls for number0 cups of flour and number1 cups of sugar . she already put in number2 cups of flour and number3 cups of sugar .,how many more cups of sugar does she need to add ?
mary is baking a cake . the recipe calls for number0 cups of flour number1 cups of sugar and number2 cups of salt . she already put in number3 cups of flour . how many more cups of flour does she need to add ?,12 5 49 11,- number0 number3,1.0,"[1, 2, 8, 9, 10, 11, 41, 13, 14, 15, 42, 43, 18, 19, 20, 27, 28, 29]",mary is baking a cake . the recipe calls for number0 cups of flour number1 cups of sugar and number2 cups of salt . she already put in number3 cups of flour .,how many more cups of flour does she need to add ?
mary is baking a cake . the recipe calls for number0 cups of flour number1 cups of sugar and number2 cups of salt . she already put in number3 cups of flour . how many more cups of flour than cups of sugar does she need to add now ?,10 2 80 7,- - number0 number3 number1,1.0,"[1, 2, 9, 10, 11, 12, 13, 14, 15, 46, 47, 18, 19, 20, 48, 27, 28, 29]",mary is baking a cake . the recipe calls for number0 cups of flour number1 cups of sugar and number2 cups of salt . she already put in number3 cups of flour .,how many more cups of flour than cups of sugar does she need to add now ?
mary is baking a cake . the recipe calls for number0 cups of flour number1 cups of sugar and number2 cups of salt . she already put in number3 cups of flour . how many more cups of flour than cups of salt does she need to add now ?,12 14 7 2,- - number0 number3 number2,3.0,"[1, 2, 9, 10, 11, 12, 13, 14, 15, 46, 47, 18, 19, 20, 48, 27, 28, 29]",mary is baking a cake . the recipe calls for number0 cups of flour number1 cups of sugar and number2 cups of salt . she already put in number3 cups of flour .,how many more cups of flour than cups of salt does she need to add now ?
mary is baking a cake . the recipe calls for number0 cups of flour number1 cups of sugar and number2 cups of salt . she already put in number3 cups of flour . how many more cups of sugar than cups of salt does she need to add now ?,6 8 7 5,- number1 number2,1.0,"[1, 2, 9, 10, 11, 12, 13, 14, 15, 46, 47, 18, 19, 20, 48, 27, 28, 29]",mary is baking a cake . the recipe calls for number0 cups of flour number1 cups of sugar and number2 cups of salt . she already put in number3 cups of flour .,how many more cups of sugar than cups of salt does she need to add now ?
mary is baking a cake . the recipe calls for number0 cups of flour and number1 cups of sugar . she already put in number2 cups of sugar . how many more cups of sugar does she need to add ?,12 13 2,- number1 number2,11.0,"[1, 2, 37, 38, 39, 8, 9, 10, 11, 14, 15, 16, 23, 24, 25]",mary is baking a cake . the recipe calls for number0 cups of flour and number1 cups of sugar . she already put in number2 cups of sugar .,how many more cups of sugar does she need to add ?
mary is baking a cake . the recipe calls for number0 cups of flour and number1 cups of sugar . she already put in number2 cups of sugar . how many more cups of flour than cups of sugar does she need to add now ?,9 6 4,- number0 - number1 number2,7.0,"[1, 2, 9, 10, 11, 12, 42, 14, 15, 16, 43, 44, 23, 24, 25]",mary is baking a cake . the recipe calls for number0 cups of flour and number1 cups of sugar . she already put in number2 cups of sugar .,how many more cups of flour than cups of sugar does she need to add now ?
mary is baking a cake . the recipe calls for number0 cups of sugar and number1 cups of flour . she already put in number2 cups of flour . how many more cups of flour than cups of sugar does she need to add now ?,6 9 2,- - number1 number2 number0,1.0,"[1, 2, 9, 10, 11, 12, 42, 14, 15, 16, 43, 44, 23, 24, 25]",mary is baking a cake . the recipe calls for number0 cups of sugar and number1 cups of flour . she already put in number2 cups of flour .,how many more cups of flour than cups of sugar does she need to add now ?
mary is baking a cake . the recipe calls for number0 cups of sugar and number1 cups of flour . she already put in number2 cups of flour . how many more cups of sugar than cups of flour does she need to add now ?,5 14 11,- number0 - number1 number2,2.0,"[1, 2, 9, 10, 11, 12, 42, 14, 15, 16, 43, 44, 23, 24, 25]",mary is baking a cake . the recipe calls for number0 cups of sugar and number1 cups of flour . she already put in number2 cups of flour .,how many more cups of sugar than cups of flour does she need to add now ?
mary is baking a cake . the recipe calls for number0 cups of sugar and number1 cups of flour . she already put in some cups of flour . if she still needs number2 more cups of flour than sugar how many cups of flour did she put in ?,3 10 5,- - number1 number0 number2,2.0,"[32, 33, 34, 35, 2, 5, 3, 9, 10, 11, 12, 14, 15, 16, 46, 18, 47, 48]",mary is baking a cake . the recipe calls for number0 cups of sugar and number1 cups of flour . she already put in some cups of flour . if she still needs number2 more cups of flour than sugar,how many cups of flour did she put in ?
mary is baking a cake . the recipe calls for number0 cups of sugar and number1 cups of flour . she already put in some cups of flour . if she still needs number2 more cups of flour how many cups of flour did she put in ?,5 13 12,- number1 number2,1.0,"[32, 33, 34, 35, 2, 5, 3, 9, 10, 11, 44, 45, 14, 15, 16, 46]",mary is baking a cake . the recipe calls for number0 cups of sugar and number1 cups of flour . she already put in some cups of flour . if she still needs number2 more cups of flour,how many cups of flour did she put in ?
mary is baking a cake . the recipe calls for number0 cups of sugar and number1 cups of flour . she already put in number2 cups of flour and number3 cups of sugar . how many more cups of flour does she need to add ?,6 14 7 60,- number1 number2,7.0,"[1, 2, 8, 9, 10, 11, 42, 43, 14, 15, 16, 44, 23, 24, 25, 28, 29, 30]",mary is baking a cake . the recipe calls for number0 cups of sugar and number1 cups of flour . she already put in number2 cups of flour and number3 cups of sugar .,how many more cups of flour does she need to add ?
mary is baking a cake . the recipe calls for number0 cups of sugar and number1 cups of flour . she already put in number2 cups of flour and number3 cups of sugar . how many more cups of sugar does she need to add ?,11 9 12 10,- number0 number3,1.0,"[1, 2, 8, 9, 10, 11, 42, 43, 14, 15, 16, 44, 23, 24, 25, 28, 29, 30]",mary is baking a cake . the recipe calls for number0 cups of sugar and number1 cups of flour . she already put in number2 cups of flour and number3 cups of sugar .,how many more cups of sugar does she need to add ?
mary is baking a cake . the recipe calls for number0 cups of sugar number1 cups of flour and number2 cups of salt . she already put in number3 cups of flour . how many more cups of flour does she need to add ?,3 10 15 6,- number1 number3,4.0,"[1, 2, 8, 9, 10, 11, 41, 13, 14, 15, 42, 43, 18, 19, 20, 27, 28, 29]",mary is baking a cake . the recipe calls for number0 cups of sugar number1 cups of flour and number2 cups of salt . she already put in number3 cups of flour .,how many more cups of flour does she need to add ?
mary is baking a cake . the recipe calls for number0 cups of sugar number1 cups of flour and number2 cups of salt . she already put in number3 cups of flour . how many more cups of flour than cups of sugar does she need to add now ?,9 14 40 4,- - number1 number3 number0,1.0,"[1, 2, 9, 10, 11, 12, 13, 14, 15, 46, 47, 18, 19, 20, 48, 27, 28, 29]",mary is baking a cake . the recipe calls for number0 cups of sugar number1 cups of flour and number2 cups of salt . she already put in number3 cups of flour .,how many more cups of flour than cups of sugar does she need to add now ?
mary is baking a cake . the recipe calls for number0 cups of sugar number1 cups of flour and number2 cups of salt . she already put in number3 cups of flour . how many more cups of flour than cups of salt does she need to add now ?,9 7 4 2,- - number1 number3 number2,1.0,"[1, 2, 9, 10, 11, 12, 13, 14, 15, 46, 47, 18, 19, 20, 48, 27, 28, 29]",mary is baking a cake . the recipe calls for number0 cups of sugar number1 cups of flour and number2 cups of salt . she already put in number3 cups of flour .,how many more cups of flour than cups of salt does she need to add now ?
mary is baking a cake . the recipe calls for number0 cups of sugar number1 cups of flour and number2 cups of salt . she already put in number3 cups of flour . how many more cups of sugar than cups of salt does she need to add now ?,11 6 9 12,- number0 number2,2.0,"[1, 2, 9, 10, 11, 12, 13, 14, 15, 46, 47, 18, 19, 20, 48, 27, 28, 29]",mary is baking a cake . the recipe calls for number0 cups of sugar number1 cups of flour and number2 cups of salt . she already put in number3 cups of flour .,how many more cups of sugar than cups of salt does she need to add now ?
mary is baking a cake . the recipe calls for number0 cups of sugar and number1 cups of flour . she already put in number2 cups of sugar . how many more cups of sugar does she need to add ?,7 10 4,- number0 number2,3.0,"[1, 2, 37, 38, 39, 8, 9, 10, 11, 14, 15, 16, 23, 24, 25]",mary is baking a cake . the recipe calls for number0 cups of sugar and number1 cups of flour . she already put in number2 cups of sugar .,how many more cups of sugar does she need to add ?
mary is baking a cake . the recipe calls for number0 cups of sugar and number1 cups of flour . she already put in number2 cups of sugar . how many more cups of flour than cups of sugar does she need to add now ?,12 14 10,- number1 - number0 number2,12.0,"[1, 2, 9, 10, 11, 12, 42, 14, 15, 16, 43, 44, 23, 24, 25]",mary is baking a cake . the recipe calls for number0 cups of sugar and number1 cups of flour . she already put in number2 cups of sugar .,how many more cups of flour than cups of sugar does she need to add now ?
last week fred had number0 dollars and jason had number1 dollars . jason washed cars over the weekend and now has number2 dollars . how much money did jason make washing cars ?,60 19 33,- number2 number1,14.0,"[3, 4, 5, 8, 9, 10, 20, 21, 22, 29, 30, 31]",last week fred had number0 dollars and jason had number1 dollars . jason washed cars over the weekend and now has number2 dollars .,how much money did jason make washing cars ?
last week fred had number0 dollars and jason had number1 dollars . fred washed cars over the weekend and now has number2 dollars and jason did not work . how much money do they have together now ?,86 5 9,+ number1 number2,14.0,"[34, 3, 4, 5, 35, 36, 8, 9, 10, 20, 21, 22]",last week fred had number0 dollars and jason had number1 dollars . fred washed cars over the weekend and now has number2 dollars and jason did not work .,how much money do they have together now ?
last week fred had number0 dollars and jason had number1 dollars . they washed cars over the weekend and now fred has number2 dollars and jason has number3 dollars . how much money did fred earn over the weekend ?,19 16 40 69,- number2 number0,21.0,"[3, 4, 5, 36, 37, 8, 9, 10, 38, 14, 21, 22, 23, 26, 27, 28]",last week fred had number0 dollars and jason had number1 dollars . they washed cars over the weekend and now fred has number2 dollars and jason has number3 dollars .,how much money did fred earn over the weekend ?
last week fred had number0 dollars and jason had number1 dollars . they washed cars over the weekend and now fred has number2 dollars and jason has number3 dollars . how much money did jason make over the weekend ?,114 22 21 78,- number3 number1,56.0,"[3, 4, 5, 36, 37, 8, 9, 10, 38, 14, 21, 22, 23, 26, 27, 28]",last week fred had number0 dollars and jason had number1 dollars . they washed cars over the weekend and now fred has number2 dollars and jason has number3 dollars .,how much money did jason make over the weekend ?
last week fred had number0 dollars and jason had number1 dollars . fred washed cars over the weekend and now has number2 dollars . jason delivered newspapers and now has number3 dollars . how much money did they earn by washing cars ?,111 40 115 44,- number2 number0,4.0,"[3, 4, 5, 39, 8, 9, 10, 40, 41, 17, 20, 21, 22, 29, 30, 31]",last week fred had number0 dollars and jason had number1 dollars . fred washed cars over the weekend and now has number2 dollars . jason delivered newspapers and now has number3 dollars .,how much money did they earn by washing cars ?
last week fred had number0 dollars and jason had number1 dollars . fred washed cars over the weekend and now has number2 dollars . jason delivered newspapers and now has number3 dollars . how much money did they earn by delivering newspapers ?,49 3 112 63,- number2 number0,63.0,"[3, 4, 5, 39, 8, 9, 10, 40, 41, 17, 20, 21, 22, 29, 30, 31]",last week fred had number0 dollars and jason had number1 dollars . fred washed cars over the weekend and now has number2 dollars . jason delivered newspapers and now has number3 dollars .,how much money did they earn by delivering newspapers ?
last week fred had number0 dollars and jason had number1 dollars . jason delivered newspapers and now has number2 dollars . fred washed cars over the weekend and now has number3 dollars . how much money did they earn by delivering newspapers ?,78 31 14 90,- number3 number0,12.0,"[3, 4, 5, 39, 8, 9, 10, 40, 41, 17, 18, 19, 29, 30, 31]",last week fred had number0 dollars and jason had number1 dollars . jason delivered newspapers and now has number2 dollars . fred washed cars over the weekend and now has number3 dollars .,how much money did they earn by delivering newspapers ?
last week fred had number0 dollars and jason had number1 dollars . over the weekend fred delivered newspapers earning number2 dollars and washed cars earning number3 dollars . how much money did fred earn over the weekend ?,33 95 16 74,+ number2 number3,90.0,"[34, 3, 4, 5, 35, 36, 8, 9, 10, 18, 19, 20, 24, 25, 26]",last week fred had number0 dollars and jason had number1 dollars . over the weekend fred delivered newspapers earning number2 dollars and washed cars earning number3 dollars .,how much money did fred earn over the weekend ?
last week fred had number0 dollars and jason had number1 dollars . over the weekend fred delivered newspapers earning number2 dollars and washed cars earning number3 dollars . how much money does fred have now ?,47 99 111 34,+ + number0 number2 number3,192.0,"[32, 33, 34, 3, 4, 5, 8, 9, 10, 18, 19, 20, 24, 25, 26]",last week fred had number0 dollars and jason had number1 dollars . over the weekend fred delivered newspapers earning number2 dollars and washed cars earning number3 dollars .,how much money does fred have now ?
dan has $ number0 left with him after he bought a candy bar for $ number1 . how much money did he have initially ?,3 2,+ number0 number1,5.0,"[1, 2, 3, 4, 14, 15, 21, 22, 23]",dan has $ number0 left with him after he bought a candy bar for $ number1 .,how much money did he have initially ?
dan has $ number0 . he had $ number1 left with him after he bought a candy bar . how much did the candy bar cost ?,4 3,- number0 number1,1.0,"[1, 2, 3, 6, 7, 8, 9, 23, 24, 25]",dan has $ number0 . he had $ number1 left with him after he bought a candy bar .,how much did the candy bar cost ?
dan has $ number0 . he bought number1 candy bar for $ number2 each one costing the same amount of money . how much money is left ?,4 99 3,- number0 number2,1.0,"[1, 2, 3, 6, 7, 8, 9, 11, 12, 13, 24, 25, 26]",dan has $ number0 . he bought number1 candy bar for $ number2 each one costing the same amount of money .,how much money is left ?
dan has $ number0 . he bought number1 candy bar for $ number2 each one costing the same amount of money . how much did each candy bar cost ?,3 2 4,/ number2 number1,2.0,"[1, 2, 3, 6, 7, 8, 9, 11, 12, 13, 25, 26, 27, 28]",dan has $ number0 . he bought number1 candy bar for $ number2 each one costing the same amount of money .,how much did each candy bar cost ?
dan has $ number0 . he bought some candy bar for $ number1 each one costing $ number2 . how many candy bar did he buy ?,2 6 3,/ number1 number2,2.0,"[1, 2, 3, 11, 12, 13, 15, 16, 17, 23, 24, 25]",dan has $ number0 . he bought some candy bar for $ number1 each one costing $ number2 .,how many candy bar did he buy ?
dan has $ number0 . he bought a candy bar for $ number1 and a chocolate for $ number2 . how much money is left ?,7 2 3,- number0 + number1 number2,2.0,"[1, 2, 3, 11, 12, 13, 17, 18, 22, 23, 24]",dan has $ number0 . he bought a candy bar for $ number1 and a chocolate for $ number2 .,how much money is left ?
dan has $ number0 . he bought a candy bar for $ number1 and a chocolate for $ number2 . how much money did he spend buying the candy bar and chocolate ?,4 7 6,+ number1 number2,13.0,"[1, 2, 3, 11, 12, 13, 17, 18, 29, 30, 31]",dan has $ number0 . he bought a candy bar for $ number1 and a chocolate for $ number2 .,how much money did he spend buying the candy bar and chocolate ?
dan has $ number0 . he bought a candy bar for $ number1 and a chocolate for $ number2 . how much money did he spend to buy candy bar than he did to buy chocolate ?,2 6 3,- number1 number2,3.0,"[1, 2, 3, 33, 34, 35, 11, 12, 13, 17, 18]",dan has $ number0 . he bought a candy bar for $ number1 and a chocolate for $ number2 .,how much money did he spend to buy candy bar than he did to buy chocolate ?
dan has $ number0 . he bought a candy bar for $ number1 and a chocolate for $ number2 . how much money did he spend to buy chocolate than he did to buy candy bar ?,5 2 3,- number2 number1,1.0,"[1, 2, 3, 33, 34, 35, 11, 12, 13, 17, 18]",dan has $ number0 . he bought a candy bar for $ number1 and a chocolate for $ number2 .,how much money did he spend to buy chocolate than he did to buy candy bar ?
dan has $ number0 . he bought a candy bar for $ number1 . then his friend have him $ number2 how much money is left ?,4 8 5,+ - number0 number1 number2,1.0,"[1, 2, 3, 11, 12, 17, 19, 20, 21, 23, 24, 25]",dan has $ number0 . he bought a candy bar for $ number1 . then his friend have him $ number2,how much money is left ?
dan had $ number0 left with him after he bought a candy bar . if he had $ number1 at the start how much did the candy bar cost ?,3 4,- number1 number0,1.0,"[1, 2, 3, 4, 17, 18, 19, 26, 27, 28]",dan had $ number0 left with him after he bought a candy bar . if he had $ number1 at the start,how much did the candy bar cost ?
dan has $ number0 . for a total of $ number1 he bought number2 candy bar each one costing the same amount of money . how much money is left ?,4 3 10,- number0 number1,1.0,"[1, 2, 3, 9, 10, 11, 12, 13, 14, 15, 16, 27, 28, 29]",dan has $ number0 . for a total of $ number1 he bought number2 candy bar each one costing the same amount of money .,how much money is left ?
dan has $ number0 . for a total of $ number1 he bought number2 candy bar each one costing the same amount of money . how much did each candy bar cost ?,3 4 2,/ number1 number2,2.0,"[1, 2, 3, 9, 10, 11, 12, 13, 14, 15, 16, 28, 29, 30, 31]",dan has $ number0 . for a total of $ number1 he bought number2 candy bar each one costing the same amount of money .,how much did each candy bar cost ?
dan has $ number0 . he bought a chocolate for $ number1 and a candy bar for $ number2 . how much money did he spend to buy candy bar than he did to buy chocolate ?,5 3 7,- number2 number1,4.0,"[1, 2, 3, 33, 34, 35, 10, 11, 12, 17, 18]",dan has $ number0 . he bought a chocolate for $ number1 and a candy bar for $ number2 .,how much money did he spend to buy candy bar than he did to buy chocolate ?
dan has $ number0 . he bought a chocolate for $ number1 and a candy bar for $ number2 . how much money did he spend to buy chocolate than he did to buy candy bar ?,4 7 2,- number1 number2,5.0,"[1, 2, 3, 33, 34, 35, 10, 11, 12, 17, 18]",dan has $ number0 . he bought a chocolate for $ number1 and a candy bar for $ number2 .,how much money did he spend to buy chocolate than he did to buy candy bar ?
there were number0 roses in the vase . jessica cut number1 more roses from her flower garden and put them in the vase . how many roses are there in the vase now ?,10 8,+ number0 number1,18.0,"[32, 1, 2, 3, 4, 9, 10, 11, 12, 30, 31]",there were number0 roses in the vase . jessica cut number1 more roses from her flower garden and put them in the vase .,how many roses are there in the vase now ?
there were some roses in the vase . jessica cut number0 more roses from her flower garden and put them in the vase . there are now number1 roses in the vase . how many roses were there in the vase at the beginning ?,16 23,- number1 number0,7.0,"[1, 3, 4, 9, 10, 11, 12, 41, 42, 43, 26, 27, 28]",there were some roses in the vase . jessica cut number0 more roses from her flower garden and put them in the vase . there are now number1 roses in the vase .,how many roses were there in the vase at the beginning ?
there were number0 roses in the vase . jessica threw away number1 roses from the vase and cut some more new roses from her flower garden to put in the vase . there are now number2 roses in the vase . how many roses did she cut ?,2 4 23,- + number2 number1 number0,25.0,"[1, 2, 3, 35, 34, 36, 5, 9, 10, 11, 12, 44, 45, 46]",there were number0 roses in the vase . jessica threw away number1 roses from the vase and cut some more new roses from her flower garden to put in the vase . there are now number2 roses in the vase .,how many roses did she cut ?
there were number0 roses in the vase . jessica threw away number1 roses from the vase and cut some more new roses from her flower garden to put in the vase . there are now number2 roses in the vase . how many more roses did she cut than those she threw away ?,15 33 17,- number2 number0,2.0,"[1, 2, 3, 35, 34, 36, 6, 9, 10, 11, 12, 50, 51, 52]",there were number0 roses in the vase . jessica threw away number1 roses from the vase and cut some more new roses from her flower garden to put in the vase . there are now number2 roses in the vase .,how many more roses did she cut than those she threw away ?
there were number0 roses in the vase . jessica threw away number1 roses from the vase and cut some more new roses from her flower garden to put in the vase . there are now number2 roses in the vase . how many more roses did she throw away than those she cut from her garden ?,21 34 15,- number0 number2,6.0,"[1, 2, 3, 35, 34, 36, 6, 9, 10, 11, 12, 53, 54, 55]",there were number0 roses in the vase . jessica threw away number1 roses from the vase and cut some more new roses from her flower garden to put in the vase . there are now number2 roses in the vase .,how many more roses did she throw away than those she cut from her garden ?
there were number0 roses in the vase . jessica cut some more roses from her flower garden which had a total of number1 roses . there are now number2 roses in the vase . how many roses did she cut ?,7 59 20,- number2 number0,13.0,"[1, 2, 3, 5, 37, 38, 39, 21, 22, 23, 27, 28, 29]",there were number0 roses in the vase . jessica cut some more roses from her flower garden which had a total of number1 roses . there are now number2 roses in the vase .,how many roses did she cut ?
there were number0 roses in the vase . jessica cut some more roses from her flower garden which had a total of number1 roses . there are now number2 roses in the vase . how many roses are left in the garden ?,13 12 21,- number1 - number2 number0,4.0,"[1, 2, 3, 39, 40, 41, 21, 22, 23, 27, 28, 29]",there were number0 roses in the vase . jessica cut some more roses from her flower garden which had a total of number1 roses . there are now number2 roses in the vase .,how many roses are left in the garden ?
there were number0 roses and number1 orchids in the vase . jessica cut some more roses and orchids from her flower garden . there are now number2 roses and number3 orchids in the vase . how many roses did she cut ?,15 62 17 96,- number2 number0,2.0,"[1, 2, 3, 4, 5, 6, 38, 39, 40, 25, 26, 27, 28, 29, 30]",there were number0 roses and number1 orchids in the vase . jessica cut some more roses and orchids from her flower garden . there are now number2 roses and number3 orchids in the vase .,how many roses did she cut ?
there were number0 roses and number1 orchids in the vase . jessica cut some more roses and orchids from her flower garden . there are now number2 roses and number3 orchids in the vase . how many orchids did she cut ?,12 2 10 21,- number3 number1,19.0,"[1, 2, 3, 4, 5, 6, 38, 39, 40, 25, 26, 27, 28, 29, 30]",there were number0 roses and number1 orchids in the vase . jessica cut some more roses and orchids from her flower garden . there are now number2 roses and number3 orchids in the vase .,how many orchids did she cut ?
there were number0 roses and number1 orchids in the vase . jessica cut some more roses and orchids from her flower garden . there are now number2 roses and number3 orchids in the vase . how many more roses than orchids are there in the vase now ?,5 3 12 2,- number2 number3,10.0,"[1, 2, 3, 4, 5, 6, 7, 44, 45, 46, 25, 26, 27, 28, 29, 30]",there were number0 roses and number1 orchids in the vase . jessica cut some more roses and orchids from her flower garden . there are now number2 roses and number3 orchids in the vase .,how many more roses than orchids are there in the vase now ?
there were number0 roses and number1 orchids in the vase . jessica cut some more roses and orchids from her flower garden . there are now number2 roses and number3 orchids in the vase . how many more orchids than roses are there in the vase now ?,7 12 11 20,- number3 number2,9.0,"[1, 2, 3, 4, 5, 6, 7, 44, 45, 46, 25, 26, 27, 28, 29, 30]",there were number0 roses and number1 orchids in the vase . jessica cut some more roses and orchids from her flower garden . there are now number2 roses and number3 orchids in the vase .,how many more orchids than roses are there in the vase now ?
jessica cut some roses from her flower garden to put in her vase . there are now number0 roses in the vase . if there were number1 roses in the vase initially how many roses did she cut ?,19 3,- number0 number1,16.0,"[1, 2, 35, 36, 37, 10, 14, 16, 17, 18, 25, 26, 27]",jessica cut some roses from her flower garden to put in her vase . there are now number0 roses in the vase . if there were number1 roses in the vase initially,how many roses did she cut ?
there were number0 roses and number1 orchids in the vase . jessica cut some more roses and orchids from her flower garden . there are now number2 orchids and number3 roses in the vase . how many roses did she cut ?,13 84 91 14,- number3 number0,1.0,"[1, 2, 3, 4, 5, 6, 38, 39, 40, 25, 26, 27, 28, 29, 30]",there were number0 roses and number1 orchids in the vase . jessica cut some more roses and orchids from her flower garden . there are now number2 orchids and number3 roses in the vase .,how many roses did she cut ?
there were number0 roses and number1 orchids in the vase . jessica cut some more roses and orchids from her flower garden . there are now number2 orchids and number3 roses in the vase . how many orchids did she cut ?,16 3 7 13,- number2 number1,4.0,"[1, 2, 3, 4, 5, 6, 38, 39, 40, 25, 26, 27, 28, 29, 30]",there were number0 roses and number1 orchids in the vase . jessica cut some more roses and orchids from her flower garden . there are now number2 orchids and number3 roses in the vase .,how many orchids did she cut ?
there were number0 roses and number1 orchids in the vase . jessica cut some more roses and orchids from her flower garden . there are now number2 orchids and number3 roses in the vase . how many more roses than orchids are there in the vase now ?,6 20 21 22,- number3 number2,1.0,"[1, 2, 3, 4, 5, 6, 7, 44, 45, 46, 25, 26, 27, 28, 29, 30]",there were number0 roses and number1 orchids in the vase . jessica cut some more roses and orchids from her flower garden . there are now number2 orchids and number3 roses in the vase .,how many more roses than orchids are there in the vase now ?
there were number0 roses and number1 orchids in the vase . jessica cut some more roses and orchids from her flower garden . there are now number2 orchids and number3 roses in the vase . how many more orchids than roses are there in the vase now ?,9 6 13 3,- number2 number3,10.0,"[1, 2, 3, 4, 5, 6, 7, 44, 45, 46, 25, 26, 27, 28, 29, 30]",there were number0 roses and number1 orchids in the vase . jessica cut some more roses and orchids from her flower garden . there are now number2 orchids and number3 roses in the vase .,how many more orchids than roses are there in the vase now ?
paul had number0 books . he sold number1 books in a garage sale . how many books does he have left with him ?,115 78,- number0 number1,37.0,"[1, 2, 3, 6, 7, 8, 20, 21, 22]",paul had number0 books . he sold number1 books in a garage sale .,how many books does he have left with him ?
paul had some books . after selling number0 in a garage sale he had number1 left . how many books did he have at the start ?,137 105,+ number0 number1,242.0,"[6, 7, 8, 13, 14, 15, 23, 24, 25]",paul had some books . after selling number0 in a garage sale he had number1 left .,how many books did he have at the start ?
paul had number0 books . after selling some books in a garage sale and giving number1 books to his friend he had number2 books left . how many books did he sell in the garage sale ?,108 35 62,- - number0 number1 number2,11.0,"[1, 2, 3, 33, 5, 34, 35, 9, 14, 15, 16, 21, 22, 23]",paul had number0 books . after selling some books in a garage sale and giving number1 books to his friend he had number2 books left .,how many books did he sell in the garage sale ?
paul had number0 books . after buying some in a garage sale he had number1 left . how many books did he buy ?,50 151,- number1 number0,101.0,"[1, 2, 3, 5, 8, 13, 14, 15, 20, 21, 22]",paul had number0 books . after buying some in a garage sale he had number1 left .,how many books did he buy ?
paul had number0 books . after selling some in a garage sale he bought number1 new ones . if he has number2 books now how many books did he sell ?,2 150 58,- + number0 number1 number2,94.0,"[1, 2, 3, 7, 8, 10, 11, 13, 14, 15, 16, 20, 21, 22, 27, 28, 29]",paul had number0 books . after selling some in a garage sale he bought number1 new ones . if he has number2 books now,how many books did he sell ?
paul had number0 books . after selling some in a garage sale he bought number1 new ones . if he has number2 books now how many more books did he sell than he bought ?,21 42 15,- number0 number2,6.0,"[32, 1, 2, 3, 33, 7, 8, 10, 12, 13, 14, 15, 16, 20, 21, 22, 31]",paul had number0 books . after selling some in a garage sale he bought number1 new ones . if he has number2 books now,how many more books did he sell than he bought ?
paul had number0 books . after selling some in a garage sale he bought number1 new ones . if he has number2 books now how many more books did he buy than he sold ?,71 38 116,- number2 number0,45.0,"[32, 1, 2, 3, 33, 7, 8, 10, 12, 13, 14, 15, 16, 20, 21, 22, 31]",paul had number0 books . after selling some in a garage sale he bought number1 new ones . if he has number2 books now,how many more books did he buy than he sold ?
paul had number0 books and number1 pens . after selling some books and pens in a garage sale he had number2 books and number3 pens left . how many books did he sell in the garage sale ?,108 55 66 59,- number0 number2,42.0,"[1, 2, 3, 4, 5, 6, 34, 35, 9, 36, 19, 20, 21, 22, 23, 24, 25]",paul had number0 books and number1 pens . after selling some books and pens in a garage sale he had number2 books and number3 pens left .,how many books did he sell in the garage sale ?
paul had number0 books and number1 pens . after selling some books and pens in a garage sale he had number2 books and number3 pens left . how many pens did he sell in the garage sale ?,51 106 82 14,- number1 number3,92.0,"[1, 2, 3, 4, 5, 6, 34, 35, 9, 36, 19, 20, 21, 22, 23, 24, 25]",paul had number0 books and number1 pens . after selling some books and pens in a garage sale he had number2 books and number3 pens left .,how many pens did he sell in the garage sale ?
paul sold some books in a garage sale leaving him with number0 books . if he had number1 books initially how many books did he sell ?,27 136,- number1 number0,109.0,"[1, 2, 7, 10, 11, 12, 16, 17, 18, 23, 24, 25]",paul sold some books in a garage sale leaving him with number0 books . if he had number1 books initially,how many books did he sell ?
paul had number0 books . after giving number1 books to his friend and selling some books in a garage sale he had number2 books left . how many books did he sell in the garage sale ?,134 39 68,- - number0 number1 number2,27.0,"[1, 2, 3, 33, 5, 6, 7, 8, 34, 35, 13, 21, 22, 23]",paul had number0 books . after giving number1 books to his friend and selling some books in a garage sale he had number2 books left .,how many books did he sell in the garage sale ?
paul had number0 pens and number1 books . after selling some books and pens in a garage sale he had number2 books and number3 pens left . how many books did he sell in the garage sale ?,95 153 13 23,- number1 number2,140.0,"[1, 2, 3, 4, 5, 6, 34, 35, 9, 36, 19, 20, 21, 22, 23, 24, 25]",paul had number0 pens and number1 books . after selling some books and pens in a garage sale he had number2 books and number3 pens left .,how many books did he sell in the garage sale ?
paul had number0 pens and number1 books . after selling some books and pens in a garage sale he had number2 books and number3 pens left . how many pens did he sell in the garage sale ?,42 143 113 19,- number0 number3,23.0,"[1, 2, 3, 4, 5, 6, 34, 35, 36, 11, 17, 19, 20, 21, 22, 23, 24]",paul had number0 pens and number1 books . after selling some books and pens in a garage sale he had number2 books and number3 pens left .,how many pens did he sell in the garage sale ?
winter is almost here and most animals are migrating to warmer countries . there are number0 bird families living near the mountain . if number1 bird families flew away for winter how many more bird families flew away for the winter than those that stayed behind ?,19 60,- number1 - number0 number1,101.0,"[1, 4, 9, 10, 43, 44, 13, 14, 15, 16, 17, 45, 23, 24, 25, 26]",winter is almost here and most animals are migrating to warmer countries . there are number0 bird families living near the mountain . if number1 bird families flew away for winter,how many more bird families flew away for the winter than those that stayed behind ?
winter is almost here and most animals are migrating to warmer countries . there are number0 bird families living near the mountain . if number1 bird families flew away for winter how many more bird families stayed behind than those that flew away for the winter ?,87 7,- - number0 number1 number1,73.0,"[1, 4, 9, 10, 43, 44, 13, 14, 15, 16, 17, 45, 23, 24, 25, 26]",winter is almost here and most animals are migrating to warmer countries . there are number0 bird families living near the mountain . if number1 bird families flew away for winter,how many more bird families stayed behind than those that flew away for the winter ?
winter is almost here and most animals are migrating to warmer countries . there are some bird families living near the mountain . number0 bird families flew away for winter while number1 bird families stayed behind . how many bird families were living near the mountain at the start ?,20 14,+ number0 number1,34.0,"[32, 33, 1, 3, 5, 11, 46, 47, 48, 23, 24, 25, 30, 31]",winter is almost here and most animals are migrating to warmer countries . there are some bird families living near the mountain . number0 bird families flew away for winter while number1 bird families stayed behind .,how many bird families were living near the mountain at the start ?
winter is almost here and most animals are migrating to warmer countries . there are number0 bird families living near the mountain . if number1 bird families flew away to africa and number2 bird families flew away to asia how many bird families were left near the mountain ?,85 23 37,- number0 + number1 number2,25.0,"[32, 33, 34, 1, 4, 12, 45, 14, 15, 16, 17, 46, 47, 23, 24, 25, 26, 31]",winter is almost here and most animals are migrating to warmer countries . there are number0 bird families living near the mountain . if number1 bird families flew away to africa and number2 bird families flew away to asia,how many bird families were left near the mountain ?
winter is almost here and most animals are migrating to warmer countries . there are number0 bird families living near the mountain . if number1 bird families flew away to africa and number2 bird families flew away to asia how many more bird families flew away to africa than those that flew away to asia ?,8 42 31,- number1 number2,11.0,"[32, 33, 34, 1, 4, 12, 14, 15, 16, 17, 18, 52, 21, 53, 23, 24, 25, 26, 54, 31]",winter is almost here and most animals are migrating to warmer countries . there are number0 bird families living near the mountain . if number1 bird families flew away to africa and number2 bird families flew away to asia,how many more bird families flew away to africa than those that flew away to asia ?
winter is almost here and most animals are migrating to warmer countries . there are number0 bird families living near the mountain . if number1 bird families flew away to africa and number2 bird families flew away to asia how many more bird families flew away to asia than those that flew away to africa ?,38 47 94,- number2 number1,47.0,"[32, 33, 34, 1, 4, 12, 14, 15, 16, 17, 18, 52, 21, 53, 23, 24, 25, 26, 54, 31]",winter is almost here and most animals are migrating to warmer countries . there are number0 bird families living near the mountain . if number1 bird families flew away to africa and number2 bird families flew away to asia,how many more bird families flew away to asia than those that flew away to africa ?
winter is almost here and most animals are migrating to warmer countries . there are number0 bird families living near the mountain . if number1 bird families flew away to africa and number2 bird families flew away to asia how many bird families flew away for the winter ?,18 38 80,+ number1 number2,118.0,"[32, 33, 34, 1, 4, 12, 45, 14, 15, 16, 17, 46, 47, 20, 23, 24, 25, 26, 31]",winter is almost here and most animals are migrating to warmer countries . there are number0 bird families living near the mountain . if number1 bird families flew away to africa and number2 bird families flew away to asia,how many bird families flew away for the winter ?
summer is almost here and most animals are migrating back to cooler countries . there are number0 bird families living near a mountain . if number1 new bird families joined them how many bird families live near the mountain now ?,87 18,+ number0 number1,105.0,"[1, 2, 5, 37, 38, 8, 39, 11, 15, 16, 17, 18, 24, 25, 26, 28]",summer is almost here and most animals are migrating back to cooler countries . there are number0 bird families living near a mountain . if number1 new bird families joined them,how many bird families live near the mountain now ?
winter is almost here and most animals are migrating to warmer countries . there are number0 bird families living near the mountain . number1 bird families flew away for winter and number2 new bird families came to live near the mountain from the arctic . how many bird families were left near the mountain ?,49 59 24,+ - number0 number1 number2,14.0,"[32, 1, 34, 3, 9, 12, 14, 15, 16, 17, 51, 52, 53, 23, 24, 25, 30, 31]",winter is almost here and most animals are migrating to warmer countries . there are number0 bird families living near the mountain . number1 bird families flew away for winter and number2 new bird families came to live near the mountain from the arctic .,how many bird families were left near the mountain ?
winter is almost here and most animals are migrating to warmer countries . number0 bird families flew away for the winter from near a mountain . if there were number1 bird families living near the mountain initially how many bird families were left near the mountain ?,27 41,- number1 number0,14.0,"[2, 3, 43, 12, 13, 14, 15, 44, 45, 28, 29, 30, 31]",winter is almost here and most animals are migrating to warmer countries . number0 bird families flew away for the winter from near a mountain . if there were number1 bird families living near the mountain initially,how many bird families were left near the mountain ?
winter is almost here and most animals are migrating to warmer countries . number0 bird families flew away for the winter from near a mountain . if there were number1 bird families living near the mountain initially how many more bird families flew away for the winter than those that stayed behind ?,86 45,- number0 - number1 number0,127.0,"[2, 3, 12, 13, 14, 15, 16, 49, 50, 51, 28, 29, 30, 31]",winter is almost here and most animals are migrating to warmer countries . number0 bird families flew away for the winter from near a mountain . if there were number1 bird families living near the mountain initially,how many more bird families flew away for the winter than those that stayed behind ?
winter is almost here and most animals are migrating to warmer countries . there are number0 bird families living near the mountain . if number1 bird families flew away to asia and number2 bird families flew away to africa how many more bird families flew away to africa than those that flew away to asia ?,41 35 62,- number2 number1,27.0,"[32, 33, 34, 1, 4, 12, 14, 15, 16, 17, 18, 52, 21, 53, 23, 24, 25, 26, 54, 31]",winter is almost here and most animals are migrating to warmer countries . there are number0 bird families living near the mountain . if number1 bird families flew away to asia and number2 bird families flew away to africa,how many more bird families flew away to africa than those that flew away to asia ?
winter is almost here and most animals are migrating to warmer countries . there are number0 bird families living near the mountain . number1 new bird families came to live near the mountain from the arctic while number2 bird families flew away further south for winter . how many bird families were left near the mountain ?,3 26 2,+ - number0 number2 number1,27.0,"[1, 36, 37, 38, 39, 4, 14, 15, 16, 17, 53, 54, 23, 24, 55, 26]",winter is almost here and most animals are migrating to warmer countries . there are number0 bird families living near the mountain . number1 new bird families came to live near the mountain from the arctic while number2 bird families flew away further south for winter .,how many bird families were left near the mountain ?
kelly has number0 nintendo games . how many does she need to buy so that she will have number1 games left ?,22 140,- number1 number0,118.0,"[1, 2, 3, 4, 11, 17, 18, 19, 20]",kelly has number0 nintendo games .,how many does she need to buy so that she will have number1 games left ?
kelly has number0 nintendo games . how many will she have left if she gives away number1 games ?,106 64,- number0 number1,42.0,"[1, 2, 3, 4, 8, 15, 16, 17]",kelly has number0 nintendo games .,how many will she have left if she gives away number1 games ?
kelly gives away number0 nintendo games . how many did she have initially if she still has number1 games left ?,91 92,+ number0 number1,183.0,"[1, 2, 3, 4, 5, 9, 16, 17, 18, 19]",kelly gives away number0 nintendo games .,how many did she have initially if she still has number1 games left ?
kelly has number0 nintendo games and number1 sony games . how many nintendo games does she need to give away so that she will have number2 nintendo games left ?,20 70 12,- number0 number2,8.0,"[1, 2, 3, 4, 5, 6, 7, 8, 14, 24, 25, 26, 27, 28]",kelly has number0 nintendo games and number1 sony games .,how many nintendo games does she need to give away so that she will have number2 nintendo games left ?
kelly has number0 nintendo games and number1 sony games . how many sony games does she need to give away so that she will have number2 sony games left ?,46 132 31,- number1 number2,101.0,"[1, 2, 3, 4, 5, 6, 7, 8, 14, 24, 25, 26, 27, 28]",kelly has number0 nintendo games and number1 sony games .,how many sony games does she need to give away so that she will have number2 sony games left ?
kelly has number0 nintendo games . she found number1 more nintendo games . how many does she need to give away so that she will have number2 games left ?,80 31 6,- + number0 number1 number2,105.0,"[1, 2, 3, 4, 7, 8, 9, 11, 12, 25, 26, 27, 28]",kelly has number0 nintendo games . she found number1 more nintendo games .,how many does she need to give away so that she will have number2 games left ?
nell collects baseball cards . she had number0 cards . she gave number1 of her cards to jeff . how many cards does nell have left ?,242 136,- number0 number1,106.0,"[1, 6, 7, 8, 11, 12, 13, 23, 24, 25]",nell collects baseball cards . she had number0 cards . she gave number1 of her cards to jeff .,how many cards does nell have left ?
nell collects baseball cards . she gave number0 of her cards to jeff and now has number1 cards left . . how many cards did nell have initially ?,301 154,+ number1 number0,455.0,"[1, 6, 7, 8, 10, 15, 16, 17, 21, 25, 26, 27]",nell collects baseball cards . she gave number0 of her cards to jeff and now has number1 cards left . .,how many cards did nell have initially ?
nell collects baseball cards . she had number0 cards while jeff had number1 cards . she gave some of her cards to jeff and now has number2 cards left . how many cards did nell give to jeff ?,528 11 252,- number0 number2,276.0,"[1, 35, 36, 5, 6, 7, 8, 37, 10, 11, 12, 13, 25, 26, 27]",nell collects baseball cards . she had number0 cards while jeff had number1 cards . she gave some of her cards to jeff and now has number2 cards left .,how many cards did nell give to jeff ?
nell collects baseball cards . she had number0 cards while jeff had number1 cards . she gave some of her cards to jeff and now has number2 cards left . how many cards does jeff have now ?,566 234 535,- + number1 number0 number2,265.0,"[1, 34, 35, 36, 5, 6, 7, 8, 10, 11, 12, 13, 25, 26, 27]",nell collects baseball cards . she had number0 cards while jeff had number1 cards . she gave some of her cards to jeff and now has number2 cards left .,how many cards does jeff have now ?
nell collects cards . she had number0 baseball cards and number1 number2 cards . she gave some of her cards to jeff and now has number3 baseball cards and number4 number5 cards left . how many more baseball cards than number6 cards does nell have ?,309 356 10 415 149 10 10,- number3 number4,266.0,"[1, 2, 5, 6, 7, 8, 9, 10, 11, 12, 24, 25, 26, 27, 28, 29, 30, 31, 39, 40, 41, 42, 43, 44]",nell collects cards . she had number0 baseball cards and number1 number2 cards . she gave some of her cards to jeff and now has number3 baseball cards and number4 number5 cards left .,how many more baseball cards than number6 cards does nell have ?
nell collects cards . she had number0 baseball cards and number1 number2 cards . she gave some of her cards to jeff and now has number3 baseball cards and number4 number5 cards left . how many more number6 cards than baseball cards does nell have ?,246 214 10 404 495 10 10,- number4 number3,91.0,"[1, 2, 5, 6, 7, 8, 9, 10, 11, 12, 24, 25, 26, 27, 28, 29, 30, 31, 36, 37, 38, 42, 43, 44]",nell collects cards . she had number0 baseball cards and number1 number2 cards . she gave some of her cards to jeff and now has number3 baseball cards and number4 number5 cards left .,how many more number6 cards than baseball cards does nell have ?
nell collects baseball cards . she had number0 cards . she gave number1 cards to john and yet some more to jeff . now she has number2 cards left . how many cards did nell give to jeff ?,573 195 210,- - number0 number1 number2,168.0,"[1, 2, 35, 36, 5, 6, 7, 8, 37, 11, 12, 13, 25, 26, 27]",nell collects baseball cards . she had number0 cards . she gave number1 cards to john and yet some more to jeff . now she has number2 cards left .,how many cards did nell give to jeff ?
nell collects cards . she had number0 baseball cards and number1 number2 cards . she gave some of her cards to jeff and now has number3 number4 cards and number5 baseball cards left . how many more baseball cards than number6 cards does nell have ?,438 18 10 55 10 178 10,- number5 number3,123.0,"[1, 2, 5, 6, 7, 8, 9, 10, 11, 12, 24, 25, 26, 27, 28, 29, 30, 31, 39, 40, 41, 42, 43, 44]",nell collects cards . she had number0 baseball cards and number1 number2 cards . she gave some of her cards to jeff and now has number3 number4 cards and number5 baseball cards left .,how many more baseball cards than number6 cards does nell have ?
nell collects cards . she had number0 baseball cards and number1 number2 cards . she gave some of her cards to jeff and now has number3 number4 cards and number5 baseball cards left . how many more number6 cards than baseball cards does nell have ?,239 38 10 376 10 111 10,- number3 number5,265.0,"[1, 2, 5, 6, 7, 8, 9, 10, 11, 12, 24, 25, 26, 27, 28, 29, 30, 31, 36, 37, 38, 42, 43, 44]",nell collects cards . she had number0 baseball cards and number1 number2 cards . she gave some of her cards to jeff and now has number3 number4 cards and number5 baseball cards left .,how many more number6 cards than baseball cards does nell have ?
a farmer had number0 tomatoes in his garden . if he picked number1 of them yesterday and number2 today . how many will he have left after today ?,171 134 30,- - number0 number1 number2,7.0,"[2, 3, 4, 11, 12, 13, 16, 17, 18, 25, 26, 27]",a farmer had number0 tomatoes in his garden . if he picked number1 of them yesterday and number2 today .,how many will he have left after today ?
a farmer had number0 tomatoes in his garden . if he picked number1 of them yesterday and number2 today . how many did he have left after yesterday 's picking ?,160 56 41,- number0 number1,104.0,"[2, 3, 4, 11, 12, 13, 16, 17, 18, 27, 28, 29]",a farmer had number0 tomatoes in his garden . if he picked number1 of them yesterday and number2 today .,how many did he have left after yesterday 's picking ?
a farmer had number0 tomatoes in his garden . if he picked number1 of them yesterday and number2 today . how many tomatoes did he pick in all ?,90 154 50,+ number1 number2,204.0,"[1, 2, 3, 4, 5, 11, 12, 13, 16, 17, 18, 25, 26, 27]",a farmer had number0 tomatoes in his garden . if he picked number1 of them yesterday and number2 today .,how many tomatoes did he pick in all ?
a farmer had number0 tomatoes and number1 potatoes in his garden . if he picked number2 potatoes how many tomatoes and potatoes does he have left ?,175 77 172,- + number0 number1 number2,80.0,"[2, 3, 4, 5, 6, 7, 13, 14, 15, 16, 23, 24, 25]",a farmer had number0 tomatoes and number1 potatoes in his garden . if he picked number2 potatoes,how many tomatoes and potatoes does he have left ?
a farmer had number0 tomatoes and number1 potatoes in his garden . if he picked number2 tomatoes how many tomatoes and potatoes does he have left ?,177 12 53,- + number0 number1 number2,136.0,"[2, 3, 4, 5, 6, 7, 13, 14, 15, 16, 23, 24, 25]",a farmer had number0 tomatoes and number1 potatoes in his garden . if he picked number2 tomatoes,how many tomatoes and potatoes does he have left ?
a farmer had number0 green tomatoes and number1 red tomatoes in his garden . if he picked number2 tomatoes how many tomatoes are left ?,105 71 137,- + number0 number1 number2,39.0,"[2, 3, 4, 5, 6, 7, 8, 9, 16, 17, 18, 21, 22, 23]",a farmer had number0 green tomatoes and number1 red tomatoes in his garden . if he picked number2 tomatoes,how many tomatoes are left ?
baker made number0 cakes . if he sold number1 of them how many more cakes did baker make than those he sold ?,133 51,- number0 number1,82.0,"[1, 2, 3, 7, 8, 9, 19, 20, 21]",baker made number0 cakes . if he sold number1 of them,how many more cakes did baker make than those he sold ?
baker made number0 cakes . he sold some of them . if he still has number1 cakes left how many cakes did baker sell ?,54 13,- number0 number1,41.0,"[1, 2, 3, 8, 12, 14, 15, 16, 21, 22, 23]",baker made number0 cakes . he sold some of them . if he still has number1 cakes left,how many cakes did baker sell ?
baker made some cakes . he sold number0 of them . if he still has number1 cakes left how many cakes did baker make ?,145 72,+ number0 number1,217.0,"[1, 3, 6, 7, 8, 12, 14, 15, 16, 21, 22, 23]",baker made some cakes . he sold number0 of them . if he still has number1 cakes left,how many cakes did baker make ?
baker made number0 cakes . if his friend bought number1 cakes from him how many cakes would baker still have ?,155 140,- number0 number1,15.0,"[1, 2, 3, 8, 9, 10, 14, 17, 18, 19]",baker made number0 cakes . if his friend bought number1 cakes from him,how many cakes would baker still have ?
baker made number0 cakes . he sold number1 of them and bought number2 new cakes . how many cakes does baker still have ?,121 105 170,+ - number0 number1 number2,186.0,"[1, 2, 3, 6, 7, 8, 11, 12, 13, 14, 20, 21, 22]",baker made number0 cakes . he sold number1 of them and bought number2 new cakes .,how many cakes does baker still have ?
baker made number0 cakes . he sold number1 of them and bought number2 new cakes . how many more cakes did baker buy than those he sold ?,13 91 154,- number2 number1,63.0,"[1, 2, 3, 6, 7, 8, 11, 12, 13, 14, 24, 25, 26]",baker made number0 cakes . he sold number1 of them and bought number2 new cakes .,how many more cakes did baker buy than those he sold ?
baker made number0 cakes . he sold number1 of them and bought number2 new cakes . how many more cakes did baker sell than those he bought ?,170 78 31,- number1 number2,47.0,"[1, 2, 3, 6, 7, 8, 11, 12, 13, 14, 24, 25, 26]",baker made number0 cakes . he sold number1 of them and bought number2 new cakes .,how many more cakes did baker sell than those he bought ?
baker made number0 cakes . he sold number1 of them . then he made number2 more cakes . how many cakes would baker still have ?,110 75 76,+ - number0 number1 number2,111.0,"[1, 2, 3, 4, 6, 7, 8, 13, 14, 15, 16, 22, 23, 24]",baker made number0 cakes . he sold number1 of them . then he made number2 more cakes .,how many cakes would baker still have ?
baker made number0 cakes . he sold number1 of them . then he made number2 more cakes . how many more cakes did baker make than those he sold ?,144 71 111,- + number0 number2 number1,184.0,"[1, 2, 3, 4, 6, 7, 8, 13, 14, 15, 16, 26, 27, 28]",baker made number0 cakes . he sold number1 of them . then he made number2 more cakes .,how many more cakes did baker make than those he sold ?
baker made number0 cakes and number1 pastries . if he sold number2 cakes and number3 pastries how many cakes would baker still have ?,149 91 10 90,- number0 number2,139.0,"[1, 2, 3, 4, 5, 6, 9, 10, 11, 12, 13, 14, 15, 20, 21, 22]",baker made number0 cakes and number1 pastries . if he sold number2 cakes and number3 pastries,how many cakes would baker still have ?
baker made number0 cakes and number1 pastries . if he sold number2 cakes and number3 pastries how many pastries would baker still have ?,7 148 15 103,- number1 number3,45.0,"[1, 2, 3, 4, 5, 6, 9, 10, 11, 12, 13, 14, 15, 20, 21, 22]",baker made number0 cakes and number1 pastries . if he sold number2 cakes and number3 pastries,how many pastries would baker still have ?
baker made number0 cakes and number1 pastries . if he sold number2 cakes and number3 pastries how many more cakes than pastries did baker make ?,126 48 115 81,- number0 number1,78.0,"[1, 2, 3, 4, 5, 6, 9, 10, 11, 12, 13, 14, 15, 16, 22, 23, 24]",baker made number0 cakes and number1 pastries . if he sold number2 cakes and number3 pastries,how many more cakes than pastries did baker make ?
baker made number0 cakes and number1 pastries . if he sold number2 cakes and number3 pastries how many more pastries than cakes did baker make ?,19 131 70 88,- number1 number0,112.0,"[1, 2, 3, 4, 5, 6, 9, 10, 11, 12, 13, 14, 15, 16, 22, 23, 24]",baker made number0 cakes and number1 pastries . if he sold number2 cakes and number3 pastries,how many more pastries than cakes did baker make ?
baker made number0 cakes and number1 pastries . if he sold number2 cakes and number3 pastries how many more cakes than pastries did baker sell ?,157 169 158 147,- number2 number3,11.0,"[1, 2, 3, 4, 5, 6, 9, 10, 11, 12, 13, 14, 15, 16, 22, 23, 24]",baker made number0 cakes and number1 pastries . if he sold number2 cakes and number3 pastries,how many more cakes than pastries did baker sell ?
baker made number0 cakes and number1 pastries . if he sold number2 cakes and number3 pastries how many more pastries than cakes did baker sell ?,54 143 68 92,- number3 number2,24.0,"[1, 2, 3, 4, 5, 6, 9, 10, 11, 12, 13, 14, 15, 16, 22, 23, 24]",baker made number0 cakes and number1 pastries . if he sold number2 cakes and number3 pastries,how many more pastries than cakes did baker sell ?
baker sold number0 cakes . if he had made number1 cakes initially how many cakes would baker still have ?,44 48,- number1 number0,4.0,"[1, 2, 3, 8, 9, 10, 13, 16, 17, 18]",baker sold number0 cakes . if he had made number1 cakes initially,how many cakes would baker still have ?
baker sold number0 cakes . if he had made number1 cakes initially how many more cakes did baker make than those he sold ?,8 40,- number1 number0,32.0,"[1, 2, 3, 8, 9, 10, 20, 21, 22]",baker sold number0 cakes . if he had made number1 cakes initially,how many more cakes did baker make than those he sold ?
baker 's friend bought number0 cakes from him . if he had made number1 cakes initially how many cakes would baker still have ?,137 169,- number1 number0,32.0,"[3, 4, 5, 8, 12, 13, 14, 20, 21, 22]",baker 's friend bought number0 cakes from him . if he had made number1 cakes initially,how many cakes would baker still have ?
baker made number0 cakes . he bought number1 new cakes and sold number2 cakes . how many cakes does baker still have ?,173 103 86,+ - number0 number2 number1,190.0,"[1, 2, 3, 6, 7, 8, 9, 11, 12, 13, 19, 20, 21]",baker made number0 cakes . he bought number1 new cakes and sold number2 cakes .,how many cakes does baker still have ?
baker made number0 cakes . he bought number1 new cakes and sold number2 cakes . how many more cakes did baker buy than those he sold ?,99 167 89,- number1 number2,78.0,"[1, 2, 3, 6, 7, 8, 9, 11, 12, 13, 23, 24, 25]",baker made number0 cakes . he bought number1 new cakes and sold number2 cakes .,how many more cakes did baker buy than those he sold ?
baker made number0 cakes . he bought number1 new cakes and sold number2 cakes . how many more cakes did baker sell than those he bought ?,8 139 145,- number2 number1,6.0,"[1, 2, 3, 6, 7, 8, 9, 11, 12, 13, 23, 24, 25]",baker made number0 cakes . he bought number1 new cakes and sold number2 cakes .,how many more cakes did baker sell than those he bought ?
baker made number0 cakes . then he made number1 more cakes . he sold number2 of them . how many cakes would baker still have ?,62 149 144,+ - number0 number2 number1,67.0,"[1, 2, 3, 4, 6, 7, 8, 9, 10, 13, 14, 15, 22, 23, 24]",baker made number0 cakes . then he made number1 more cakes . he sold number2 of them .,how many cakes would baker still have ?
baker made number0 cakes . then he made number1 more cakes . he sold number2 of them . how many more cakes did baker make than those he sold ?,81 92 46,- + number0 number1 number2,127.0,"[1, 2, 3, 4, 6, 7, 8, 9, 10, 13, 14, 15, 26, 27, 28]",baker made number0 cakes . then he made number1 more cakes . he sold number2 of them .,how many more cakes did baker make than those he sold ?
baker made number0 pastries and number1 cakes . if he sold number2 cakes and number3 pastries how many cakes would baker still have ?,61 167 108 44,- number1 number2,59.0,"[1, 2, 3, 4, 5, 6, 9, 10, 11, 12, 13, 14, 15, 20, 21, 22]",baker made number0 pastries and number1 cakes . if he sold number2 cakes and number3 pastries,how many cakes would baker still have ?
baker made number0 pastries and number1 cakes . if he sold number2 cakes and number3 pastries how many pastries would baker still have ?,56 124 104 29,- number0 number3,27.0,"[1, 2, 3, 4, 5, 6, 9, 10, 11, 12, 13, 14, 15, 20, 21, 22]",baker made number0 pastries and number1 cakes . if he sold number2 cakes and number3 pastries,how many pastries would baker still have ?
baker made number0 pastries and number1 cakes . if he sold number2 cakes and number3 pastries how many more cakes than pastries did baker make ?,52 84 102 94,- number1 number0,32.0,"[1, 2, 3, 4, 5, 6, 9, 10, 11, 12, 13, 14, 15, 16, 22, 23, 24]",baker made number0 pastries and number1 cakes . if he sold number2 cakes and number3 pastries,how many more cakes than pastries did baker make ?
baker made number0 pastries and number1 cakes . if he sold number2 cakes and number3 pastries how many more pastries than cakes did baker make ?,134 11 140 92,- number0 number1,123.0,"[1, 2, 3, 4, 5, 6, 9, 10, 11, 12, 13, 14, 15, 16, 22, 23, 24]",baker made number0 pastries and number1 cakes . if he sold number2 cakes and number3 pastries,how many more pastries than cakes did baker make ?
baker made number0 cakes and number1 pastries . if he sold number2 pastries and number3 cakes how many more cakes than pastries did baker sell ?,14 153 8 97,- number3 number2,89.0,"[1, 2, 3, 4, 5, 6, 9, 10, 11, 12, 13, 14, 15, 16, 22, 23, 24]",baker made number0 cakes and number1 pastries . if he sold number2 pastries and number3 cakes,how many more cakes than pastries did baker sell ?
baker made number0 cakes and number1 pastries . if he sold number2 pastries and number3 cakes how many more pastries than cakes did baker sell ?,43 114 154 78,- number2 number3,76.0,"[1, 2, 3, 4, 5, 6, 9, 10, 11, 12, 13, 14, 15, 16, 22, 23, 24]",baker made number0 cakes and number1 pastries . if he sold number2 pastries and number3 cakes,how many more pastries than cakes did baker sell ?
at the zoo a cage had number0 snakes and number1 alligators . if number2 snakes were hiding how many snakes were not hiding ?,95 61 64,- number0 number2,31.0,"[4, 5, 6, 7, 8, 9, 10, 12, 13, 14, 20, 21, 22]",at the zoo a cage had number0 snakes and number1 alligators . if number2 snakes were hiding,how many snakes were not hiding ?
at the zoo a cage had number0 snakes and number1 alligators . if number2 alligators were hiding how many alligators were not hiding ?,93 97 40,- number1 number2,57.0,"[4, 5, 6, 7, 8, 9, 10, 12, 13, 14, 20, 21, 22]",at the zoo a cage had number0 snakes and number1 alligators . if number2 alligators were hiding,how many alligators were not hiding ?
at the zoo a cage had number0 snakes and number1 alligators . if number2 snakes and number3 alligators were hiding how many alligators were not hiding ?,3 75 82 19,- number1 number3,56.0,"[5, 6, 7, 8, 9, 10, 12, 13, 14, 15, 16, 17, 23, 24, 25]",at the zoo a cage had number0 snakes and number1 alligators . if number2 snakes and number3 alligators were hiding,how many alligators were not hiding ?
at the zoo a cage had snakes and alligators . the total number of animals in the cage was number0 . if number1 snakes and number2 alligators were hiding how many animals were not hiding in all ?,79 24 51,- - number0 number1 number2,4.0,"[34, 35, 36, 5, 18, 19, 21, 22, 23, 24, 25, 26]",at the zoo a cage had snakes and alligators . the total number of animals in the cage was number0 . if number1 snakes and number2 alligators were hiding,how many animals were not hiding in all ?
paul got a box of number0 crayons for his birthday . by the end of the school year he had either lost or given away number1 of them . how many crayons did he have left by the end of the school year ?,253 70,- number0 number1,183.0,"[1, 4, 5, 6, 40, 41, 42, 24, 25, 26]",paul got a box of number0 crayons for his birthday . by the end of the school year he had either lost or given away number1 of them .,how many crayons did he have left by the end of the school year ?
paul got a box of some crayons for his birthday . by the end of the school year he had either lost or given away number0 of them and only had number1 left . how many crayons did he get for his birthday ?,551 177,- number0 number1,374.0,"[32, 40, 41, 42, 19, 24, 25, 26, 30, 31]",paul got a box of some crayons for his birthday . by the end of the school year he had either lost or given away number0 of them and only had number1 left .,how many crayons did he get for his birthday ?
paul got a box of number0 crayons for his birthday . during the school year he gave number1 crayons to his friends while he lost number2 crayons . how many crayons did he have left ?,440 111 106,- number0 + number1 number2,223.0,"[32, 1, 33, 34, 4, 5, 6, 13, 16, 17, 18, 24, 25, 26]",paul got a box of number0 crayons for his birthday . during the school year he gave number1 crayons to his friends while he lost number2 crayons .,how many crayons did he have left ?
paul got a box of number0 crayons for his birthday . during the school year he gave number1 crayons to his friends while he lost number2 crayons . how many crayons had been lost or given away ?,65 213 16,+ number1 number2,229.0,"[1, 34, 35, 4, 5, 6, 36, 13, 16, 17, 18, 24, 25, 26]",paul got a box of number0 crayons for his birthday . during the school year he gave number1 crayons to his friends while he lost number2 crayons .,how many crayons had been lost or given away ?
paul got a box of number0 crayons for his birthday . during the school year he gave number1 crayons to his friends while he lost number2 crayons . how many more crayons did he give to his friends than those he lost ?,589 571 161,- number1 number2,410.0,"[1, 2, 4, 5, 6, 39, 40, 41, 13, 16, 17, 18, 24, 25, 26]",paul got a box of number0 crayons for his birthday . during the school year he gave number1 crayons to his friends while he lost number2 crayons .,how many more crayons did he give to his friends than those he lost ?
paul got a box of number0 crayons for his birthday . during the school year he gave number1 crayons to his friends while he lost number2 crayons . how many more crayons did he lose than those he gave to his friends ?,110 90 412,- number2 number1,322.0,"[1, 2, 4, 5, 6, 39, 40, 41, 13, 16, 17, 18, 24, 25, 26]",paul got a box of number0 crayons for his birthday . during the school year he gave number1 crayons to his friends while he lost number2 crayons .,how many more crayons did he lose than those he gave to his friends ?
paul got a box of some crayons for his birthday . during the school year he gave number0 crayons to his friends while he lost number1 crayons . if he only had number2 crayons left how many crayons did he get for his birthday ?,563 558 332,+ + number0 number1 number2,1453.0,"[32, 33, 3, 5, 6, 8, 41, 42, 43, 13, 16, 17, 18, 24, 25, 26, 31]",paul got a box of some crayons for his birthday . during the school year he gave number0 crayons to his friends while he lost number1 crayons . if he only had number2 crayons left,how many crayons did he get for his birthday ?
paul got a box of some crayons for his birthday . during the school year he gave number0 crayons to his friends while he lost number1 crayons . if he only had number2 crayons left how many crayons had been lost or given away ?,52 535 492,+ number0 number1,587.0,"[32, 33, 3, 5, 8, 41, 42, 43, 13, 16, 17, 18, 24, 25, 26, 31]",paul got a box of some crayons for his birthday . during the school year he gave number0 crayons to his friends while he lost number1 crayons . if he only had number2 crayons left,how many crayons had been lost or given away ?
paul got a box of number0 crayons and number1 erasers for his birthday . at the end of the school year he only had number2 left while not having lost a single erasers . how many crayons had been lost or given away ?,521 66 154,- number0 number2,367.0,"[1, 4, 5, 6, 7, 8, 9, 40, 41, 42, 23, 24, 25, 29, 31]",paul got a box of number0 crayons and number1 erasers for his birthday . at the end of the school year he only had number2 left while not having lost a single erasers .,how many crayons had been lost or given away ?
paul got a box of number0 crayons and number1 erasers for his birthday . at the end of the school year he only had number2 left while not having lost a single erasers . how many more crayons than erasers did he have left ?,531 38 391,- number2 number1,353.0,"[1, 2, 4, 5, 6, 7, 8, 9, 41, 42, 43, 23, 24, 25, 29, 31]",paul got a box of number0 crayons and number1 erasers for his birthday . at the end of the school year he only had number2 left while not having lost a single erasers .,how many more crayons than erasers did he have left ?
paul got a box of number0 crayons and number1 erasers for his birthday . at the end of the school year he only had number2 left while not having lost a single erasers . how many more erasers than crayons did he have left ?,601 406 336,- number1 number2,70.0,"[1, 2, 4, 5, 6, 7, 8, 9, 41, 42, 43, 23, 24, 25, 29, 31]",paul got a box of number0 crayons and number1 erasers for his birthday . at the end of the school year he only had number2 left while not having lost a single erasers .,how many more erasers than crayons did he have left ?
paul got a box of some crayons for his birthday . by the end of the school year he only had number0 left since he had either lost or given away number1 of them . how many crayons did he get for his birthday ?,291 315,- number1 number0,24.0,"[32, 41, 42, 43, 20, 21, 22, 30, 31]",paul got a box of some crayons for his birthday . by the end of the school year he only had number0 left since he had either lost or given away number1 of them .,how many crayons did he get for his birthday ?
paul got a box of number0 crayons for his birthday . during the school year he lost number1 crayons while he gave away number2 crayons to his friends . how many more crayons did he give to his friends than those he lost ?,267 231 308,- number2 number1,77.0,"[1, 2, 4, 5, 6, 40, 41, 10, 42, 16, 17, 18, 22, 23, 24]",paul got a box of number0 crayons for his birthday . during the school year he lost number1 crayons while he gave away number2 crayons to his friends .,how many more crayons did he give to his friends than those he lost ?
paul got a box of number0 erasers and number1 crayons for his birthday . at the end of the school year he only had number2 left while not having lost a single erasers . how many more crayons than erasers did he have left ?,457 320 523,- number2 number0,66.0,"[1, 2, 4, 5, 6, 7, 8, 9, 41, 42, 43, 23, 24, 25, 29, 31]",paul got a box of number0 erasers and number1 crayons for his birthday . at the end of the school year he only had number2 left while not having lost a single erasers .,how many more crayons than erasers did he have left ?
next on his checklist are wax to stick the feathers together . he needs number0 g of wax more . if the feathers require a total of number1 g of wax how many grams of wax does he already have ?,159 628,- number1 number0,469.0,"[1, 37, 38, 39, 13, 14, 15, 26, 27, 28]",next on his checklist are wax to stick the feathers together . he needs number0 g of wax more . if the feathers require a total of number1 g of wax,how many grams of wax does he already have ?
next on his checklist are wax to stick the feathers together and colors to paint them . he needs a total of number0 g of colors to paint them . if the feathers require number1 g of wax and right now he just needs number2 g how many grams of wax does he already have ?,49 288 260,- number1 number2,28.0,"[33, 34, 35, 3, 43, 44, 45, 13, 52, 21, 22, 23, 53, 54]",next on his checklist are wax to stick the feathers together and colors to paint them . he needs a total of number0 g of colors to paint them . if the feathers require number1 g of wax and right now he just needs number2 g,how many grams of wax does he already have ?
next on his checklist are wax to stick the feathers together and colors to paint them . he needs a total of number0 g of colors to paint them . he needs number1 g of wax more . if the feathers require a total of number2 g of wax how many grams of wax does he already have ?,57 22 353,- number2 number1,331.0,"[32, 33, 1, 44, 45, 46, 21, 22, 23, 55, 57, 56, 31]",next on his checklist are wax to stick the feathers together and colors to paint them . he needs a total of number0 g of colors to paint them . he needs number1 g of wax more . if the feathers require a total of number2 g of wax,how many grams of wax does he already have ?
next on his checklist are wax to stick the feathers together . if the feathers require number0 g of wax and right now he has number1 g how many more grams of wax does he need ?,166 20,- number0 number1,146.0,"[33, 34, 3, 35, 12, 15, 16, 17, 24, 25, 26]",next on his checklist are wax to stick the feathers together . if the feathers require number0 g of wax and right now he has number1 g,how many more grams of wax does he need ?
next on his checklist are wax to stick the feathers together . if he has number0 g of wax and right now he just needs number1 g total how many grams of wax do the feathers require ?,557 17,+ number0 number1,574.0,"[2, 34, 35, 36, 12, 14, 15, 16, 24, 25, 26]",next on his checklist are wax to stick the feathers together . if he has number0 g of wax and right now he just needs number1 g,total how many grams of wax do the feathers require ?
next on his checklist are wax to stick the feathers together . if he currently has number0 g of wax and the feathers require a total of number1 g of wax how many more grams of wax does he need ?,11 492,- number1 number0,481.0,"[3, 37, 38, 39, 15, 16, 17, 26, 27, 28]",next on his checklist are wax to stick the feathers together . if he currently has number0 g of wax and the feathers require a total of number1 g of wax,how many more grams of wax does he need ?
jake has number0 fewer peaches than steven . if jake has number1 peaches . how many peaches does steven have ?,11 17,+ number0 number1,28.0,"[1, 2, 3, 4, 5, 10, 11, 12, 17, 18, 19]",jake has number0 fewer peaches than steven . if jake has number1 peaches .,how many peaches does steven have ?
jake has number0 fewer peaches than steven who has number1 more peaches than jill . steven has number2 peaches . how many peaches does jake have ?,7 14 15,- number2 number0,8.0,"[1, 2, 3, 4, 5, 8, 9, 10, 11, 16, 17, 18, 23, 24, 25]",jake has number0 fewer peaches than steven who has number1 more peaches than jill . steven has number2 peaches .,how many peaches does jake have ?
jake has number0 fewer peaches than steven who has number1 more peaches than jill . steven has number2 peaches . how many peaches does jill have ?,18 13 19,- number2 number1,6.0,"[1, 2, 3, 4, 5, 8, 9, 10, 11, 16, 17, 18, 23, 24, 25]",jake has number0 fewer peaches than steven who has number1 more peaches than jill . steven has number2 peaches .,how many peaches does jill have ?
jake has number0 fewer peaches than steven who has number1 more peaches than jill . steven has number2 peaches . how many more peaches does jake have than jill ?,3 8 5,- number1 number0,5.0,"[1, 2, 3, 4, 6, 8, 9, 10, 11, 16, 17, 18, 26, 27, 28]",jake has number0 fewer peaches than steven who has number1 more peaches than jill . steven has number2 peaches .,how many more peaches does jake have than jill ?
jake has number0 fewer peaches than steven who has number1 more peaches than jill . steven has number2 peaches . how many more peaches does jill have than jake ?,12 11 4,- number0 number1,1.0,"[1, 2, 3, 4, 6, 8, 9, 10, 11, 16, 17, 18, 26, 27, 28]",jake has number0 fewer peaches than steven who has number1 more peaches than jill . steven has number2 peaches .,how many more peaches does jill have than jake ?
jake has number0 fewer peaches than steven and number1 more peaches than jill . steven has number2 peaches . how many peaches does jake have ?,7 9 16,- number2 number0,9.0,"[1, 2, 3, 4, 5, 7, 8, 9, 10, 15, 16, 17, 22, 23, 24]",jake has number0 fewer peaches than steven and number1 more peaches than jill . steven has number2 peaches .,how many peaches does jake have ?
jake has number0 fewer peaches than steven and number1 more peaches than jill . steven has number2 peaches . how many peaches does jill have ?,7 8 17,- - number2 number0 number1,2.0,"[1, 2, 3, 4, 5, 7, 8, 9, 10, 15, 16, 17, 22, 23, 24]",jake has number0 fewer peaches than steven and number1 more peaches than jill . steven has number2 peaches .,how many peaches does jill have ?
jake has number0 fewer peaches than steven and number1 more peaches than jill . steven has number2 peaches . how many more peaches does steven have than jill ?,9 18 16,+ number0 number1,27.0,"[1, 2, 3, 4, 6, 7, 8, 9, 10, 15, 16, 17, 25, 26, 27]",jake has number0 fewer peaches than steven and number1 more peaches than jill . steven has number2 peaches .,how many more peaches does steven have than jill ?
jake has number0 fewer peaches than steven . steven has number1 more peaches than jill . if jill has number2 peaches how many peaches does jake have ?,6 18 5,- + number1 number2 number0,17.0,"[1, 2, 3, 4, 6, 9, 10, 11, 12, 18, 19, 20, 24, 25, 26]",jake has number0 fewer peaches than steven . steven has number1 more peaches than jill . if jill has number2 peaches,how many peaches does jake have ?
jake has number0 fewer peaches than steven . steven has number1 more peaches than jill . if jill has number2 peaches how many more peaches does jake have than jill ?,5 18 87,- number1 number0,13.0,"[1, 2, 3, 4, 6, 7, 9, 10, 11, 12, 18, 19, 20, 27, 28, 29]",jake has number0 fewer peaches than steven . steven has number1 more peaches than jill . if jill has number2 peaches,how many more peaches does jake have than jill ?
jake has number0 fewer peaches than steven . steven has number1 more peaches than jill . if jill has number2 peaches how many more peaches does jill have than jake ?,16 15 12,- number0 number1,1.0,"[1, 2, 3, 4, 6, 7, 9, 10, 11, 12, 18, 19, 20, 27, 28, 29]",jake has number0 fewer peaches than steven . steven has number1 more peaches than jill . if jill has number2 peaches,how many more peaches does jill have than jake ?
jake has number0 fewer peaches and number1 more apples than steven . steven has number2 peaches and number3 apples . how many peaches does jake have ?,12 79 19 14,- number2 number0,7.0,"[1, 2, 3, 4, 5, 6, 7, 8, 13, 14, 15, 16, 17, 18, 23, 24, 25]",jake has number0 fewer peaches and number1 more apples than steven . steven has number2 peaches and number3 apples .,how many peaches does jake have ?
jake has number0 fewer peaches and number1 more apples than steven . steven has number2 peaches and number3 apples . how many apples does jake have ?,13 3 9 8,+ number1 number3,11.0,"[1, 2, 3, 4, 5, 6, 7, 8, 13, 14, 15, 16, 17, 18, 23, 24, 25]",jake has number0 fewer peaches and number1 more apples than steven . steven has number2 peaches and number3 apples .,how many apples does jake have ?
jake has number0 fewer peaches and number1 more apples than steven . steven has number2 peaches and number3 apples . how many more peaches than apples does steven have ?,6 8 17 16,- number2 number3,1.0,"[1, 2, 3, 4, 5, 6, 7, 8, 13, 14, 15, 16, 17, 18, 26, 27, 28]",jake has number0 fewer peaches and number1 more apples than steven . steven has number2 peaches and number3 apples .,how many more peaches than apples does steven have ?
jake has number0 fewer peaches and number1 more apples than steven . steven has number2 peaches and number3 apples . how many more apples than peaches does steven have ?,3 10 12 15,- number3 number2,3.0,"[1, 2, 3, 4, 5, 6, 7, 8, 13, 14, 15, 16, 17, 18, 26, 27, 28]",jake has number0 fewer peaches and number1 more apples than steven . steven has number2 peaches and number3 apples .,how many more apples than peaches does steven have ?
steven has number0 peaches . jake has number1 fewer peaches than steven who has number2 more peaches than jill . how many peaches does jake have ?,12 4 67,- number0 number1,8.0,"[1, 2, 3, 5, 6, 7, 8, 9, 10, 13, 14, 15, 16, 23, 24, 25]",steven has number0 peaches . jake has number1 fewer peaches than steven who has number2 more peaches than jill .,how many peaches does jake have ?
steven has number0 peaches . jake has number1 fewer peaches than steven who has number2 more peaches than jill . how many peaches does jill have ?,18 12 8,- number0 number2,10.0,"[1, 2, 3, 5, 6, 7, 8, 9, 10, 13, 14, 15, 16, 23, 24, 25]",steven has number0 peaches . jake has number1 fewer peaches than steven who has number2 more peaches than jill .,how many peaches does jill have ?
steven has number0 peaches . jake has number1 fewer peaches than steven and number2 more peaches than jill . how many peaches does jake have ?,19 12 72,- number0 number1,7.0,"[1, 2, 3, 5, 6, 7, 8, 9, 12, 13, 14, 15, 22, 23, 24]",steven has number0 peaches . jake has number1 fewer peaches than steven and number2 more peaches than jill .,how many peaches does jake have ?
steven has number0 peaches . jake has number1 fewer peaches than steven and number2 more peaches than jill . how many peaches does jill have ?,14 6 3,- - number0 number1 number2,5.0,"[1, 2, 3, 5, 6, 7, 8, 9, 12, 13, 14, 15, 22, 23, 24]",steven has number0 peaches . jake has number1 fewer peaches than steven and number2 more peaches than jill .,how many peaches does jill have ?
jake has number0 more apples and number1 fewer peaches than steven . steven has number2 peaches and number3 apples . how many peaches does jake have ?,84 10 13 52,- number2 number1,3.0,"[1, 2, 3, 4, 5, 6, 7, 8, 13, 14, 15, 16, 17, 18, 23, 24, 25]",jake has number0 more apples and number1 fewer peaches than steven . steven has number2 peaches and number3 apples .,how many peaches does jake have ?
jake has number0 more apples and number1 fewer peaches than steven . steven has number2 peaches and number3 apples . how many apples does jake have ?,13 17 8 12,+ number0 number3,25.0,"[1, 2, 3, 4, 5, 6, 7, 8, 13, 14, 15, 16, 17, 18, 23, 24, 25]",jake has number0 more apples and number1 fewer peaches than steven . steven has number2 peaches and number3 apples .,how many apples does jake have ?
jake has number0 fewer peaches and number1 more apples than steven . steven has number2 apples and number3 peaches . how many more peaches than apples does steven have ?,8 10 11 18,- number3 number2,7.0,"[1, 2, 3, 4, 5, 6, 7, 8, 13, 14, 15, 16, 17, 18, 26, 27, 28]",jake has number0 fewer peaches and number1 more apples than steven . steven has number2 apples and number3 peaches .,how many more peaches than apples does steven have ?
jake has number0 fewer peaches and number1 more apples than steven . steven has number2 apples and number3 peaches . how many more apples than peaches does steven have ?,3 4 19 15,- number2 number3,4.0,"[1, 2, 3, 4, 5, 6, 7, 8, 13, 14, 15, 16, 17, 18, 26, 27, 28]",jake has number0 fewer peaches and number1 more apples than steven . steven has number2 apples and number3 peaches .,how many more apples than peaches does steven have ?
stray cats loved eating goldfish in the pond leaving number0 goldfish . paige had raised number1 goldfish in the pond initially . how many goldfish disappeared ?,6 8,- number1 number0,2.0,"[1, 2, 3, 8, 9, 10, 14, 15, 16, 23, 24, 25]",stray cats loved eating goldfish in the pond leaving number0 goldfish . paige had raised number1 goldfish in the pond initially .,how many goldfish disappeared ?
paige raised number0 goldfish and number1 catfish in the pond but stray cats loved eating them . now she has number2 left . how many fishes disappeared ?,7 12 15,- + number0 number1 number2,4.0,"[1, 2, 3, 4, 5, 6, 19, 20, 21, 24, 25, 26]",paige raised number0 goldfish and number1 catfish in the pond but stray cats loved eating them . now she has number2 left .,how many fishes disappeared ?
paige raised number0 goldfish and number1 catfish in the pond but stray cats loved eating them . now she has number2 left . how many goldfish disappeared ?,16 71 2,- number0 number2,14.0,"[1, 2, 3, 4, 5, 6, 19, 20, 21, 24, 25, 26]",paige raised number0 goldfish and number1 catfish in the pond but stray cats loved eating them . now she has number2 left .,how many goldfish disappeared ?
paige raised number0 goldfish in the pond but stray cats loved eating them . number1 were eaten . how many goldfish remained ?,15 5,- number0 number1,10.0,"[1, 2, 3, 14, 15, 19, 20, 21]",paige raised number0 goldfish in the pond but stray cats loved eating them . number1 were eaten .,how many goldfish remained ?
paco ate number0 cookies and had number1 cookies left . how many cookies did he have in the beginning ?,19 35,+ number0 number1,54.0,"[1, 2, 3, 5, 6, 7, 16, 17, 18]",paco ate number0 cookies and had number1 cookies left .,how many cookies did he have in the beginning ?
paco had number0 cookies . he ate some of them and had number1 cookies left . how many cookies did paco eat ?,28 7,- number0 number1,21.0,"[1, 2, 3, 5, 6, 11, 12, 13, 19, 20, 21]",paco had number0 cookies . he ate some of them and had number1 cookies left .,how many cookies did paco eat ?
paco had number0 cookies . he ate number1 of them . then he bought number2 more cookies how many cookies did paco have left ?,40 2 37,+ - number0 number1 number2,75.0,"[1, 2, 3, 4, 6, 7, 8, 12, 13, 14, 15, 16, 21, 22, 23]",paco had number0 cookies . he ate number1 of them . then he bought number2 more cookies,how many cookies did paco have left ?
paco had number0 cookies . he ate number1 of them . then he bought number2 more cookies how many more cookies did he eat than those he bought ?,25 5 3,- number1 number2,2.0,"[1, 2, 3, 4, 6, 7, 8, 12, 13, 14, 15, 16, 25, 26, 27]",paco had number0 cookies . he ate number1 of them . then he bought number2 more cookies,how many more cookies did he eat than those he bought ?
paco had number0 cookies . he ate number1 of them . then he bought number2 more cookies how many more cookies did he buy than those he ate ?,13 2 36,- number2 number1,34.0,"[1, 2, 3, 4, 6, 7, 8, 12, 13, 14, 15, 16, 25, 26, 27]",paco had number0 cookies . he ate number1 of them . then he bought number2 more cookies,how many more cookies did he buy than those he ate ?
paco had number0 cookies . he ate number1 cookies and gave number2 of them to his friend . how many cookies did paco have left ?,40 5 13,- - number0 number1 number2,22.0,"[1, 2, 3, 6, 7, 8, 10, 11, 12, 22, 23, 24]",paco had number0 cookies . he ate number1 cookies and gave number2 of them to his friend .,how many cookies did paco have left ?
paco had number0 cookies . he ate number1 cookies and gave number2 of them to his friend . how many more cookies did he eat than those he gave to his friend ?,17 14 13,- number1 number2,1.0,"[1, 2, 3, 6, 7, 8, 10, 11, 12, 29, 30, 31]",paco had number0 cookies . he ate number1 cookies and gave number2 of them to his friend .,how many more cookies did he eat than those he gave to his friend ?
paco had number0 cookies . he ate number1 cookies and gave number2 of them to his friend . how many more cookies did he give to his friend than those he ate ?,12 16 21,- number2 number1,5.0,"[1, 2, 3, 6, 7, 8, 10, 11, 12, 29, 30, 31]",paco had number0 cookies . he ate number1 cookies and gave number2 of them to his friend .,how many more cookies did he give to his friend than those he ate ?
paco had number0 sweet cookies and number1 salty cookies . he ate number2 sweet cookies and number3 salty cookies . how many sweet cookies did paco have left ?,22 75 15 54,- number0 number2,7.0,"[1, 2, 3, 4, 5, 6, 7, 8, 11, 12, 13, 14, 15, 16, 17, 18, 25, 26, 27]",paco had number0 sweet cookies and number1 salty cookies . he ate number2 sweet cookies and number3 salty cookies .,how many sweet cookies did paco have left ?
paco had number0 sweet cookies and number1 salty cookies . he ate number2 sweet cookies and number3 salty cookies . how many salty cookies did paco have left ?,9 6 36 3,- number1 number3,3.0,"[1, 2, 3, 4, 5, 6, 7, 8, 11, 12, 13, 14, 15, 16, 17, 18, 25, 26, 27]",paco had number0 sweet cookies and number1 salty cookies . he ate number2 sweet cookies and number3 salty cookies .,how many salty cookies did paco have left ?
paco had number0 sweet cookies and number1 salty cookies . he ate number2 sweet cookies and number3 salty cookies . how many more sweet cookies than salty cookies did he eat ?,37 11 5 2,- number2 number3,3.0,"[1, 2, 3, 4, 5, 6, 7, 8, 10, 11, 12, 13, 14, 15, 16, 17, 18, 28, 29, 30]",paco had number0 sweet cookies and number1 salty cookies . he ate number2 sweet cookies and number3 salty cookies .,how many more sweet cookies than salty cookies did he eat ?
paco had number0 sweet cookies and number1 salty cookies . he ate number2 sweet cookies and number3 salty cookies . how many more salty cookies than sweet cookies did he eat ?,8 6 20 34,- number3 number2,14.0,"[1, 2, 3, 4, 5, 6, 7, 8, 10, 11, 12, 13, 14, 15, 16, 17, 18, 28, 29, 30]",paco had number0 sweet cookies and number1 salty cookies . he ate number2 sweet cookies and number3 salty cookies .,how many more salty cookies than sweet cookies did he eat ?
paco ate number0 cookies . if he had number1 cookies initially how many cookies did paco have left ?,36 37,- number1 number0,1.0,"[1, 2, 3, 7, 8, 9, 12, 15, 16, 17]",paco ate number0 cookies . if he had number1 cookies initially,how many cookies did paco have left ?
paco had number0 cookies . he gave number1 cookies to his friend and ate number2 cookies . how many cookies did paco have left ?,36 14 10,- - number0 number2 number1,12.0,"[1, 2, 3, 6, 7, 8, 13, 14, 15, 21, 22, 23]",paco had number0 cookies . he gave number1 cookies to his friend and ate number2 cookies .,how many cookies did paco have left ?
paco had number0 cookies . he gave number1 cookies to his friend and ate number2 cookies . how many more cookies did he eat than those he gave to his friend ?,41 9 18,- number2 number1,9.0,"[1, 2, 3, 6, 7, 8, 13, 14, 15, 28, 29, 30]",paco had number0 cookies . he gave number1 cookies to his friend and ate number2 cookies .,how many more cookies did he eat than those he gave to his friend ?
paco had number0 cookies . he gave number1 cookies to his friend and ate number2 cookies . how many more cookies did he give to his friend than those he ate ?,6 30 23,- number1 number2,7.0,"[1, 2, 3, 6, 7, 8, 13, 14, 15, 28, 29, 30]",paco had number0 cookies . he gave number1 cookies to his friend and ate number2 cookies .,how many more cookies did he give to his friend than those he ate ?
paco had number0 salty cookies and number1 sweet cookies . he ate number2 sweet cookies and number3 salty cookies . how many sweet cookies did paco have left ?,97 34 15 56,- number1 number2,19.0,"[1, 2, 3, 4, 5, 6, 7, 8, 11, 12, 13, 14, 15, 16, 17, 18, 25, 26, 27]",paco had number0 salty cookies and number1 sweet cookies . he ate number2 sweet cookies and number3 salty cookies .,how many sweet cookies did paco have left ?
paco had number0 salty cookies and number1 sweet cookies . he ate number2 sweet cookies and number3 salty cookies . how many salty cookies did paco have left ?,26 17 14 9,- number0 number3,17.0,"[1, 2, 3, 4, 5, 6, 7, 8, 11, 12, 13, 14, 15, 16, 17, 18, 25, 26, 27]",paco had number0 salty cookies and number1 sweet cookies . he ate number2 sweet cookies and number3 salty cookies .,how many salty cookies did paco have left ?
paco had number0 sweet cookies and number1 salty cookies . he ate number2 salty cookies and number3 sweet cookies . how many more sweet cookies than salty cookies did he eat ?,39 6 23 32,- number3 number2,9.0,"[1, 2, 3, 4, 5, 6, 7, 8, 10, 11, 12, 13, 14, 15, 16, 17, 18, 28, 29, 30]",paco had number0 sweet cookies and number1 salty cookies . he ate number2 salty cookies and number3 sweet cookies .,how many more sweet cookies than salty cookies did he eat ?
paco had number0 sweet cookies and number1 salty cookies . he ate number2 salty cookies and number3 sweet cookies . how many more salty cookies than sweet cookies did he eat ?,40 25 28 15,- number2 number3,13.0,"[1, 2, 3, 4, 5, 6, 7, 8, 10, 11, 12, 13, 14, 15, 16, 17, 18, 28, 29, 30]",paco had number0 sweet cookies and number1 salty cookies . he ate number2 salty cookies and number3 sweet cookies .,how many more salty cookies than sweet cookies did he eat ?
after making some pies chef had number0 apples left . initially he had number1 apples how many apples did he use ?,2 43,- number1 number0,41.0,"[2, 5, 6, 7, 10, 12, 13, 14, 18, 19, 20]",after making some pies chef had number0 apples left . initially he had number1 apples,how many apples did he use ?
a chef had number0 apples . after making some pies he had used number1 . how many apples remained ?,58 35,- number0 number1,23.0,"[1, 2, 3, 4, 12, 13, 16, 17, 18]",a chef had number0 apples . after making some pies he had used number1 .,how many apples remained ?
a chef had number0 apples and number1 peaches . after making some pies he had number2 left . how many apples did he use ?,40 54 39,- number0 number2,1.0,"[1, 2, 3, 4, 5, 6, 7, 14, 15, 16, 21, 22, 23]",a chef had number0 apples and number1 peaches . after making some pies he had number2 left .,how many apples did he use ?
there are number0 different books in the ' crazy silly school ' series . if you are yet to read number1 of the books how many books have you already read ?,20 5,- number0 number1,15.0,"[1, 2, 3, 4, 11, 16, 19, 20, 21, 28, 29, 30]",there are number0 different books in the ' crazy silly school ' series . if you are yet to read number1 of the books,how many books have you already read ?
there are many different books in the ' crazy silly school ' series . if you have read number0 of the books and are yet to read number1 books how many books are there in the ' crazy silly school ' series ?,13 8,+ number0 number1,21.0,"[1, 2, 3, 39, 40, 41, 12, 16, 17, 18, 19, 26, 27, 28]",there are many different books in the ' crazy silly school ' series . if you have read number0 of the books and are yet to read number1 books,how many books are there in the ' crazy silly school ' series ?
there are number0 different books and number1 different movies in the ' crazy silly school ' series . if you read number2 of the books and watched number3 of the movies how many more books do you still have to read ?,22 10 12 56,- number0 number2,10.0,"[1, 2, 3, 4, 5, 6, 7, 8, 38, 39, 40, 14, 15, 20, 21, 22, 26, 27, 28]",there are number0 different books and number1 different movies in the ' crazy silly school ' series . if you read number2 of the books and watched number3 of the movies,how many more books do you still have to read ?
there are number0 different books and number1 different movies in the ' crazy silly school ' series . if you read number2 of the books and watched number3 of the movies how many more movies do you still have to watch ?,4 17 19 7,- number1 number3,10.0,"[1, 2, 3, 4, 5, 6, 7, 8, 38, 39, 40, 14, 15, 20, 21, 22, 26, 27, 28]",there are number0 different books and number1 different movies in the ' crazy silly school ' series . if you read number2 of the books and watched number3 of the movies,how many more movies do you still have to watch ?
there are number0 different books and number1 different movies in the ' crazy silly school ' series . if you read number2 of the books and watched number3 of the movies how many more books than movies are there in the ' crazy silly school ' series ?,16 14 19 13,- number0 number1,2.0,"[1, 2, 3, 4, 5, 6, 7, 8, 44, 45, 14, 15, 46, 20, 21, 22, 26, 27, 28]",there are number0 different books and number1 different movies in the ' crazy silly school ' series . if you read number2 of the books and watched number3 of the movies,how many more books than movies are there in the ' crazy silly school ' series ?
there are number0 different books and number1 different movies in the ' crazy silly school ' series . if you read number2 of the books and watched number3 of the movies how many more movies than books are there in the ' crazy silly school ' series ?,8 10 19 61,- number1 number0,2.0,"[1, 2, 3, 4, 5, 6, 7, 8, 44, 45, 14, 15, 46, 20, 21, 22, 26, 27, 28]",there are number0 different books and number1 different movies in the ' crazy silly school ' series . if you read number2 of the books and watched number3 of the movies,how many more movies than books are there in the ' crazy silly school ' series ?
there are number0 different books and number1 different movies in the ' crazy silly school ' series . if you read number2 of the books and watched number3 of the movies how many more books than movies have you read ?,10 11 13 12,- number2 number3,1.0,"[1, 2, 3, 4, 5, 6, 7, 8, 37, 38, 39, 14, 15, 20, 21, 22, 26, 27, 28]",there are number0 different books and number1 different movies in the ' crazy silly school ' series . if you read number2 of the books and watched number3 of the movies,how many more books than movies have you read ?
there are number0 different books and number1 different movies in the ' crazy silly school ' series . if you read number2 of the books and watched number3 of the movies how many more movies than books have you read ?,11 17 7 21,- number3 number2,14.0,"[1, 2, 3, 4, 5, 6, 7, 8, 37, 38, 39, 14, 15, 20, 21, 22, 26, 27, 28]",there are number0 different books and number1 different movies in the ' crazy silly school ' series . if you read number2 of the books and watched number3 of the movies,how many more movies than books have you read ?
you have read number0 books from the ' crazy silly school ' series . if there are a total of number1 different books in the ' crazy silly school ' series how many more do you still have to read ?,8 14,- number1 number0,6.0,"[2, 3, 4, 37, 38, 7, 39, 19, 20, 21, 22]",you have read number0 books from the ' crazy silly school ' series . if there are a total of number1 different books in the ' crazy silly school ' series,how many more do you still have to read ?
there are number0 different movies and number1 different books in the ' crazy silly school ' series . if you read number2 of the books and watched number3 of the movies how many more books do you still have to read ?,62 19 4 34,- number1 number2,15.0,"[1, 2, 3, 4, 5, 6, 7, 8, 38, 39, 40, 14, 15, 20, 21, 22, 26, 27, 28]",there are number0 different movies and number1 different books in the ' crazy silly school ' series . if you read number2 of the books and watched number3 of the movies,how many more books do you still have to read ?
there are number0 different movies and number1 different books in the ' crazy silly school ' series . if you read number2 of the books and watched number3 of the movies how many more movies do you still have to watch ?,8 21 7 4,- number0 number3,4.0,"[1, 2, 3, 4, 5, 6, 7, 8, 38, 39, 40, 14, 15, 20, 21, 22, 26, 27, 28]",there are number0 different movies and number1 different books in the ' crazy silly school ' series . if you read number2 of the books and watched number3 of the movies,how many more movies do you still have to watch ?
there are number0 different movies and number1 different books in the ' crazy silly school ' series . if you read number2 of the books and watched number3 of the movies how many more books than movies are there in the ' crazy silly school ' series ?,14 15 11 40,- number1 number0,1.0,"[1, 2, 3, 4, 5, 6, 7, 8, 44, 45, 14, 15, 46, 20, 21, 22, 26, 27, 28]",there are number0 different movies and number1 different books in the ' crazy silly school ' series . if you read number2 of the books and watched number3 of the movies,how many more books than movies are there in the ' crazy silly school ' series ?
there are number0 different movies and number1 different books in the ' crazy silly school ' series . if you read number2 of the books and watched number3 of the movies how many more movies than books are there in the ' crazy silly school ' series ?,17 11 13 63,- number0 number1,6.0,"[1, 2, 3, 4, 5, 6, 7, 8, 44, 45, 14, 15, 46, 20, 21, 22, 26, 27, 28]",there are number0 different movies and number1 different books in the ' crazy silly school ' series . if you read number2 of the books and watched number3 of the movies,how many more movies than books are there in the ' crazy silly school ' series ?
there are number0 different books and number1 different movies in the ' crazy silly school ' series . if you read number2 of the movies and watched number3 of the books how many more books than movies have you read ?,10 6 14 19,- number3 number2,5.0,"[1, 2, 3, 4, 5, 6, 7, 8, 37, 38, 39, 14, 15, 20, 21, 22, 26, 27, 28]",there are number0 different books and number1 different movies in the ' crazy silly school ' series . if you read number2 of the movies and watched number3 of the books,how many more books than movies have you read ?
there are number0 different books and number1 different movies in the ' crazy silly school ' series . if you read number2 of the movies and watched number3 of the books how many more movies than books have you read ?,8 5 19 16,- number2 number3,3.0,"[1, 2, 3, 4, 5, 6, 7, 8, 37, 38, 39, 14, 15, 20, 21, 22, 26, 27, 28]",there are number0 different books and number1 different movies in the ' crazy silly school ' series . if you read number2 of the movies and watched number3 of the books,how many more movies than books have you read ?
a waiter had number0 customers . after some left he still had number1 customers . how many more customers left than those that stayed behind ?,11 3,- - number0 number1 number1,5.0,"[1, 2, 3, 4, 5, 11, 12, 13, 22, 23, 24]",a waiter had number0 customers . after some left he still had number1 customers .,how many more customers left than those that stayed behind ?
a waiter had number0 customers . after some left he still had number1 customers . how many more customers stayed behind than those that left ?,3 4,- number1 - number0 number1,5.0,"[1, 2, 3, 4, 5, 11, 12, 13, 22, 23, 24]",a waiter had number0 customers . after some left he still had number1 customers .,how many more customers stayed behind than those that left ?
a waiter had some customers . after number0 customers left he still had number1 customers . how many customers did he have at the start ?,9 12,+ number0 number1,21.0,"[1, 2, 3, 5, 6, 7, 8, 12, 13, 14, 22, 23, 24]",a waiter had some customers . after number0 customers left he still had number1 customers .,how many customers did he have at the start ?
a waiter had number0 customers . number1 customers left . how many customers does he still have ?,14 5,- number0 number1,9.0,"[1, 2, 3, 4, 6, 7, 14, 15, 16]",a waiter had number0 customers . number1 customers left .,how many customers does he still have ?
a waiter had number0 customers . after some left he got number1 new customers . if he still had number2 customers how many customers left ?,13 4 9,- number0 - number2 number1,8.0,"[2, 3, 4, 6, 7, 9, 10, 11, 12, 13, 18, 19, 20, 22, 23, 24]",a waiter had number0 customers . after some left he got number1 new customers . if he still had number2 customers,how many customers left ?
a waiter had number0 customers . while number1 customers left he got number2 new customers . how many customers does he still have ?,12 15 14,+ - number0 number1 number2,11.0,"[1, 2, 3, 4, 5, 6, 7, 8, 11, 12, 13, 14, 20, 21, 22]",a waiter had number0 customers . while number1 customers left he got number2 new customers .,how many customers does he still have ?
a waiter had number0 customers . after some more arrived he had number1 customers . how many new customers arrived ?,3 8,- number1 number0,5.0,"[1, 2, 3, 4, 5, 11, 12, 13, 17, 18, 19]",a waiter had number0 customers . after some more arrived he had number1 customers .,how many new customers arrived ?
a waiter had number0 customers . after some left he still had number1 customers . then he got number2 new customers how many customers left ?,8 5 99,- number0 number1,3.0,"[2, 3, 4, 5, 7, 9, 11, 12, 13, 17, 18, 19, 20, 22, 23, 24]",a waiter had number0 customers . after some left he still had number1 customers . then he got number2 new customers,how many customers left ?
a waiter had number0 customers . after some left he still had number1 customers . then he got number2 new customers how many customers does he have now ?,12 14 10,+ number1 number2,24.0,"[2, 3, 4, 5, 7, 11, 12, 13, 17, 18, 19, 20, 25, 26, 27]",a waiter had number0 customers . after some left he still had number1 customers . then he got number2 new customers,how many customers does he have now ?
there were number0 dollars in olivia 's wallet . she spent number1 dollars at a supermarket . how much money does she have left ?,78 15,- number0 number1,63.0,"[1, 2, 3, 10, 11, 12, 21, 22, 23]",there were number0 dollars in olivia 's wallet . she spent number1 dollars at a supermarket .,how much money does she have left ?
olivia spent number0 dollars at a supermarket . if she has number1 dollars left with her how much money did she have initially ?,78 33,+ number0 number1,111.0,"[1, 2, 3, 10, 11, 12, 20, 21, 22]",olivia spent number0 dollars at a supermarket . if she has number1 dollars left with her,how much money did she have initially ?
there were number0 dollars in olivia 's wallet . she collected number1 more dollars from an atm . after she visited a supermarket there were number2 dollars left . how much did she spend ?,100 148 159,- + number0 number1 number2,89.0,"[32, 1, 2, 3, 33, 6, 10, 11, 12, 13, 24, 25, 26, 31]",there were number0 dollars in olivia 's wallet . she collected number1 more dollars from an atm . after she visited a supermarket there were number2 dollars left .,how much did she spend ?
there were number0 dollars in olivia 's wallet . she collected number1 more dollars from an atm . after she visited a supermarket there were number2 dollars left . how much more money did she collect at the atm than she spent at the supermarket ?,3 49 49,- number1 number0,46.0,"[1, 2, 3, 6, 10, 11, 12, 13, 42, 43, 44, 24, 25, 26]",there were number0 dollars in olivia 's wallet . she collected number1 more dollars from an atm . after she visited a supermarket there were number2 dollars left .,how much more money did she collect at the atm than she spent at the supermarket ?
there were number0 dollars in olivia 's wallet . she collected number1 more dollars from an atm . after she visited a supermarket there were number2 dollars left . how much more money did she spend at the supermarket than she collected at the atm ?,53 91 14,- number0 number2,39.0,"[1, 2, 3, 6, 10, 11, 12, 13, 42, 43, 44, 24, 25, 26]",there were number0 dollars in olivia 's wallet . she collected number1 more dollars from an atm . after she visited a supermarket there were number2 dollars left .,how much more money did she spend at the supermarket than she collected at the atm ?
there were number0 dollars in olivia 's wallet . after she visited a supermarket and a showroom there were number1 dollars left . if she spent number2 dollars at the showroom how much did she spend at the supermarket ?,106 26 49,- - number0 number1 number2,31.0,"[1, 2, 3, 36, 37, 38, 9, 18, 19, 20, 25, 26, 27]",there were number0 dollars in olivia 's wallet . after she visited a supermarket and a showroom there were number1 dollars left . if she spent number2 dollars at the showroom,how much did she spend at the supermarket ?
after olivia visited a supermarket there were number0 dollars left . if there were number1 dollars in her wallet initially how much did she spend ?,29 54,- number1 number0,25.0,"[2, 6, 7, 8, 13, 14, 15, 22, 23, 24]",after olivia visited a supermarket there were number0 dollars left . if there were number1 dollars in her wallet initially,how much did she spend ?
olivia spent number0 dollars at a supermarket . if there were number1 dollars in her wallet initially how much money does she have left ?,38 128,- number1 number0,90.0,"[1, 2, 3, 10, 11, 12, 21, 22, 23]",olivia spent number0 dollars at a supermarket . if there were number1 dollars in her wallet initially,how much money does she have left ?
for gwen 's birthday she received number0 dollars . she spent some money and has number1 dollars left with her . how much money did she spend ?,7 5,- number0 number1,2.0,"[5, 6, 7, 14, 15, 16, 24, 25, 26]",for gwen 's birthday she received number0 dollars . she spent some money and has number1 dollars left with her .,how much money did she spend ?
for gwen 's birthday she received some dollars . she spent number0 dollars and has number1 dollars left with her . how much money did gwen receive for her birthday ?,8 6,+ number0 number1,14.0,"[1, 5, 10, 11, 12, 14, 15, 16, 27, 28, 29]",for gwen 's birthday she received some dollars . she spent number0 dollars and has number1 dollars left with her .,how much money did gwen receive for her birthday ?
for gwen 's birthday she received number0 dollars from her mom . her dad gave her number1 more dollars . if she spent number2 dollars . how much money did she still have ?,2 4 3,- + number0 number1 number2,3.0,"[32, 2, 5, 6, 7, 15, 16, 17, 18, 22, 23, 24, 30, 31]",for gwen 's birthday she received number0 dollars from her mom . her dad gave her number1 more dollars . if she spent number2 dollars .,how much money did she still have ?
for gwen 's birthday she received number0 dollars from her mom . her dad gave her number1 more dollars . if she spent number2 dollars . how much more money did she receive from her mom than she did from her dad ?,8 5 4,- number0 number1,3.0,"[2, 5, 6, 7, 39, 40, 41, 15, 16, 17, 18, 22, 23, 24]",for gwen 's birthday she received number0 dollars from her mom . her dad gave her number1 more dollars . if she spent number2 dollars .,how much more money did she receive from her mom than she did from her dad ?
for gwen 's birthday she received number0 dollars from her mom . her dad gave her number1 more dollars . if she spent number2 dollars . how much more money did she receive from her dad than she did from her mom ?,3 6 4,- number1 number0,3.0,"[2, 5, 6, 7, 39, 40, 41, 15, 16, 17, 18, 22, 23, 24]",for gwen 's birthday she received number0 dollars from her mom . her dad gave her number1 more dollars . if she spent number2 dollars .,how much more money did she receive from her dad than she did from her mom ?
for gwen 's birthday she received number0 dollars from her dad . her mom gave her number1 more dollars . if she spent number2 dollars . how much more money did she receive from her mom than she did from her dad ?,5 7 4,- number1 number0,2.0,"[2, 5, 6, 7, 39, 40, 41, 15, 16, 17, 18, 22, 23, 24]",for gwen 's birthday she received number0 dollars from her dad . her mom gave her number1 more dollars . if she spent number2 dollars .,how much more money did she receive from her mom than she did from her dad ?
for gwen 's birthday she received number0 dollars from her dad . her mom gave her number1 more dollars . if she spent number2 dollars . how much more money did she receive from her dad than she did from her mom ?,5 2 6,- number0 number1,3.0,"[2, 5, 6, 7, 39, 40, 41, 15, 16, 17, 18, 22, 23, 24]",for gwen 's birthday she received number0 dollars from her dad . her mom gave her number1 more dollars . if she spent number2 dollars .,how much more money did she receive from her dad than she did from her mom ?
robin 's hair was number0 inches long . she cut off some inches of her hair . if her hair is now number1 inches long how much of her hair did she cut ?,17 13,- number0 number1,4.0,"[32, 1, 3, 4, 5, 21, 22, 23, 30, 31]",robin 's hair was number0 inches long . she cut off some inches of her hair . if her hair is now number1 inches long,how much of her hair did she cut ?
robin cut off number0 inches of her hair . if her hair is now number1 inches long how long was her hair before she cut ?,20 10,+ number0 number1,30.0,"[1, 2, 3, 4, 13, 14, 15, 22, 23, 24]",robin cut off number0 inches of her hair . if her hair is now number1 inches long,how long was her hair before she cut ?
robin 's hair was number0 inches long . she cut off number1 inches . then it again grew by number2 inches . how long is her hair now ?,16 11 12,+ - number0 number1 number2,17.0,"[1, 3, 4, 5, 10, 11, 12, 18, 19, 20, 25, 26, 27]",robin 's hair was number0 inches long . she cut off number1 inches . then it again grew by number2 inches .,how long is her hair now ?
robin 's hair was number0 inches long . if she grew number1 more inches how long is her hair now ?,19 18,+ number0 number1,37.0,"[2, 3, 4, 5, 10, 11, 12, 13, 17, 18, 19]",robin 's hair was number0 inches long . if she grew number1 more inches,how long is her hair now ?
robin cut off number0 inches of her hair . if her hair was number1 inches long initially how long is her hair now ?,13 14,- number1 number0,1.0,"[1, 2, 3, 4, 12, 13, 14, 20, 21, 22]",robin cut off number0 inches of her hair . if her hair was number1 inches long initially,how long is her hair now ?
robin 's hair was number0 inches long . it grew by number1 inches . then she cut off number2 inches . how long is her hair now ?,14 8 20,+ - number0 number2 number1,2.0,"[2, 3, 4, 5, 10, 11, 12, 17, 18, 19, 24, 25, 26]",robin 's hair was number0 inches long . it grew by number1 inches . then she cut off number2 inches .,how long is her hair now ?
jessie weighed number0 kilograms . after she started to go jogging everyday she lost number1 kilograms . how much does she weigh now ?,71 20,- number0 number1,51.0,"[1, 2, 3, 13, 14, 15, 20, 21, 22]",jessie weighed number0 kilograms . after she started to go jogging everyday she lost number1 kilograms .,how much does she weigh now ?
jessie currently weighs number0 kilograms . after she started to go jogging everyday she lost number1 kilograms . how much did she weigh before starting to jog ?,27 101,+ number0 number1,128.0,"[2, 3, 4, 14, 15, 16, 24, 25, 26]",jessie currently weighs number0 kilograms . after she started to go jogging everyday she lost number1 kilograms .,how much did she weigh before starting to jog ?
after jessie started to go jogging everyday she lost number0 kilograms . she currently weighs number1 kilograms . how much did she weigh before starting to jog ?,126 66,+ number1 number0,192.0,"[2, 8, 9, 10, 14, 15, 16, 24, 25, 26]",after jessie started to go jogging everyday she lost number0 kilograms . she currently weighs number1 kilograms .,how much did she weigh before starting to jog ?
after jessie started to go jogging everyday she lost number0 kilograms . she weighed number1 kilograms before beginning jogging . how much does she weigh now ?,35 69,- number1 number0,34.0,"[1, 8, 9, 10, 13, 14, 15, 23, 24, 25]",after jessie started to go jogging everyday she lost number0 kilograms . she weighed number1 kilograms before beginning jogging .,how much does she weigh now ?
jessie weighed number0 kilograms . after she started to go jogging everyday she lost number1 kilograms in the first week and number2 kilograms in the second week . how much does she weigh now ?,114 50 60,- - number0 number1 number2,4.0,"[32, 1, 2, 3, 33, 13, 14, 15, 20, 21, 22, 31]",jessie weighed number0 kilograms . after she started to go jogging everyday she lost number1 kilograms in the first week and number2 kilograms in the second week .,how much does she weigh now ?
jessie currently weighs number0 kilograms . after she started to go jogging everyday she lost number1 kilograms in the first week and number2 kilograms in the second week . how much did she weigh before starting to jog ?,9 62 140,+ + number0 number1 number2,211.0,"[2, 3, 4, 35, 36, 37, 14, 15, 16, 21, 22, 23]",jessie currently weighs number0 kilograms . after she started to go jogging everyday she lost number1 kilograms in the first week and number2 kilograms in the second week .,how much did she weigh before starting to jog ?
jessie weighed number0 kilograms . after she started to go jogging everyday she lost number1 kilograms in the first week and number2 kilograms in the second week . how much did she weigh after the first week of jogging ?,92 56 99,- number0 number1,36.0,"[1, 2, 3, 36, 37, 38, 13, 14, 15, 20, 21, 22]",jessie weighed number0 kilograms . after she started to go jogging everyday she lost number1 kilograms in the first week and number2 kilograms in the second week .,how much did she weigh after the first week of jogging ?
dave had number0 apps on his phone . he deleted number1 apps . how many apps are left on his phone ?,19 5,- number0 number1,14.0,"[1, 2, 3, 9, 10, 11, 18, 19, 20]",dave had number0 apps on his phone . he deleted number1 apps .,how many apps are left on his phone ?
dave had some apps on his phone . after deleting number0 of them he had number1 left . how many apps did he have on his phone at the start ?,18 5,+ number0 number1,23.0,"[6, 9, 10, 11, 14, 15, 16, 27, 28, 29]",dave had some apps on his phone . after deleting number0 of them he had number1 left .,how many apps did he have on his phone at the start ?
dave had number0 apps on his phone . he added number1 new apps . after deleting some he had number2 left . how many apps did he delete ?,10 11 4,- + number0 number1 number2,17.0,"[1, 2, 3, 4, 5, 9, 10, 11, 12, 18, 19, 20, 25, 26, 27]",dave had number0 apps on his phone . he added number1 new apps . after deleting some he had number2 left .,how many apps did he delete ?
dave had number0 apps on his phone . he added number1 new apps . after deleting some he had number2 left . how many more apps did he add than he deleted ?,21 89 24,- number2 number0,3.0,"[1, 2, 3, 4, 6, 9, 10, 11, 12, 18, 19, 20, 29, 30, 31]",dave had number0 apps on his phone . he added number1 new apps . after deleting some he had number2 left .,how many more apps did he add than he deleted ?
dave had number0 apps on his phone . he added number1 new apps . after deleting some he had number2 left . how many more apps did he delete than he added ?,15 71 14,- number0 number2,1.0,"[1, 2, 3, 4, 6, 9, 10, 11, 12, 18, 19, 20, 29, 30, 31]",dave had number0 apps on his phone . he added number1 new apps . after deleting some he had number2 left .,how many more apps did he delete than he added ?
dave had number0 apps and number1 files on his phone . after deleting some apps and files he had number2 apps and number3 files left . how many apps did he delete ?,16 77 5 23,- number0 number2,11.0,"[1, 2, 3, 4, 5, 6, 7, 18, 19, 20, 21, 22, 23, 29, 30, 31]",dave had number0 apps and number1 files on his phone . after deleting some apps and files he had number2 apps and number3 files left .,how many apps did he delete ?
dave had number0 apps and number1 files on his phone . after deleting some apps and files he had number2 apps and number3 files left . how many files did he delete ?,17 21 3 7,- number1 number3,14.0,"[1, 2, 3, 4, 5, 6, 7, 18, 19, 20, 21, 22, 23, 29, 30, 31]",dave had number0 apps and number1 files on his phone . after deleting some apps and files he had number2 apps and number3 files left .,how many files did he delete ?
dave had number0 apps and number1 files on his phone . after deleting some apps and files he had number2 apps and number3 files left . how many more apps than files does he have left on the phone ?,15 24 21 4,- number2 number3,17.0,"[1, 2, 3, 4, 5, 6, 7, 36, 9, 37, 38, 18, 19, 20, 21, 22, 23]",dave had number0 apps and number1 files on his phone . after deleting some apps and files he had number2 apps and number3 files left .,how many more apps than files does he have left on the phone ?
dave had number0 apps and number1 files on his phone . after deleting some apps and files he had number2 apps and number3 files left . how many more files than apps does he have left on the phone ?,19 18 6 15,- number3 number2,9.0,"[1, 2, 3, 4, 5, 6, 7, 36, 9, 37, 38, 18, 19, 20, 21, 22, 23]",dave had number0 apps and number1 files on his phone . after deleting some apps and files he had number2 apps and number3 files left .,how many more files than apps does he have left on the phone ?
dave had number0 apps on his phone . after adding some he had number1 left . how many apps did he add ?,17 18,- number1 number0,1.0,"[1, 2, 3, 4, 5, 12, 13, 14, 19, 20, 21]",dave had number0 apps on his phone . after adding some he had number1 left .,how many apps did he add ?
dave had number0 files and number1 apps on his phone . after deleting some apps and files he had number2 apps and number3 files left . how many apps did he delete ?,59 15 12 30,- number1 number2,3.0,"[1, 2, 3, 4, 5, 6, 7, 18, 19, 20, 21, 22, 23, 29, 30, 31]",dave had number0 files and number1 apps on his phone . after deleting some apps and files he had number2 apps and number3 files left .,how many apps did he delete ?
dave had number0 files and number1 apps on his phone . after deleting some apps and files he had number2 apps and number3 files left . how many files did he delete ?,24 13 17 21,- number0 number3,3.0,"[1, 2, 3, 4, 5, 6, 7, 13, 18, 19, 20, 21, 22, 23, 29, 30, 31]",dave had number0 files and number1 apps on his phone . after deleting some apps and files he had number2 apps and number3 files left .,how many files did he delete ?
dave had number0 apps and number1 files on his phone . after deleting some apps and files he had number2 files and number3 apps left . how many more apps than files does he have left on the phone ?,24 9 5 12,- number3 number2,7.0,"[1, 2, 3, 4, 5, 6, 7, 36, 9, 37, 38, 18, 19, 20, 21, 22, 23]",dave had number0 apps and number1 files on his phone . after deleting some apps and files he had number2 files and number3 apps left .,how many more apps than files does he have left on the phone ?
dave had number0 apps and number1 files on his phone . after deleting some apps and files he had number2 files and number3 apps left . how many more files than apps does he have left on the phone ?,11 3 24 2,- number2 number3,22.0,"[1, 2, 3, 4, 5, 6, 7, 36, 9, 37, 38, 18, 19, 20, 21, 22, 23]",dave had number0 apps and number1 files on his phone . after deleting some apps and files he had number2 files and number3 apps left .,how many more files than apps does he have left on the phone ?
josh had number0 marbles in his collection . he lost some marbles . if he has number1 marbles now how many marbles did he lose ?,9 4,- number0 number1,5.0,"[1, 2, 3, 7, 11, 15, 16, 17, 22, 23, 24]",josh had number0 marbles in his collection . he lost some marbles . if he has number1 marbles now,how many marbles did he lose ?
josh had some marbles in his collection . he lost number0 marbles . if he has number1 marbles now how many marbles did he have in his collection ?,21 12,+ number0 number1,33.0,"[1, 2, 7, 9, 10, 11, 15, 16, 17, 25, 26, 27]",josh had some marbles in his collection . he lost number0 marbles . if he has number1 marbles now,how many marbles did he have in his collection ?
josh had number0 marbles in his collection . he lost number1 marbles and found number2 new ones . how many marbles does he have now ?,19 11 5,+ - number0 number1 number2,13.0,"[1, 2, 3, 5, 7, 9, 10, 11, 13, 14, 15, 16, 22, 23, 24]",josh had number0 marbles in his collection . he lost number1 marbles and found number2 new ones .,how many marbles does he have now ?
josh had number0 marbles in his collection . he lost number1 marbles and found number2 new ones . how many more marbles did he lose than those he found ?,4 16 8,- number1 number2,8.0,"[1, 2, 3, 5, 6, 7, 9, 10, 11, 13, 14, 15, 16, 26, 27, 28]",josh had number0 marbles in his collection . he lost number1 marbles and found number2 new ones .,how many more marbles did he lose than those he found ?
josh had number0 marbles in his collection . he lost number1 marbles and found number2 new ones . how many more marbles did he find than those he lost ?,7 8 10,- number2 number1,2.0,"[1, 2, 3, 5, 6, 7, 9, 10, 11, 13, 14, 15, 16, 26, 27, 28]",josh had number0 marbles in his collection . he lost number1 marbles and found number2 new ones .,how many more marbles did he find than those he lost ?
josh had number0 marbles in his collection . he found number1 marbles . how many marbles does he have now ?,21 7,+ number0 number1,28.0,"[1, 2, 3, 5, 9, 10, 11, 17, 18, 19]",josh had number0 marbles in his collection . he found number1 marbles .,how many marbles does he have now ?
josh had number0 marbles in his collection . he gave number1 marbles to jack . how many marbles does josh have now ?,20 2,- number0 number1,18.0,"[1, 2, 3, 5, 9, 10, 11, 19, 20, 21]",josh had number0 marbles in his collection . he gave number1 marbles to jack .,how many marbles does josh have now ?
josh had number0 marbles in his collection . jack gave him number1 marbles . how many marbles does josh have now ?,22 20,+ number0 number1,42.0,"[1, 2, 3, 5, 10, 11, 12, 18, 19, 20]",josh had number0 marbles in his collection . jack gave him number1 marbles .,how many marbles does josh have now ?
josh lost number0 marbles . if he had number1 marbles in his collection earlier how many marbles does he have now ?,11 19,- number1 number0,8.0,"[1, 2, 3, 7, 8, 9, 10, 14, 18, 19, 20]",josh lost number0 marbles . if he had number1 marbles in his collection earlier,how many marbles does he have now ?
josh had number0 marbles in his collection . he found number1 marbles ones while he lost number2 marbles . how many marbles does he have now ?,22 13 5,+ - number0 number2 number1,30.0,"[1, 2, 3, 5, 7, 9, 10, 11, 12, 15, 16, 17, 23, 24, 25]",josh had number0 marbles in his collection . he found number1 marbles ones while he lost number2 marbles .,how many marbles does he have now ?
josh had number0 marbles in his collection . he found number1 marbles ones while he lost number2 marbles . how many more marbles did he lose than those he found ?,15 9 23,- number2 number1,14.0,"[1, 2, 3, 6, 7, 9, 10, 11, 12, 15, 16, 17, 27, 28, 29]",josh had number0 marbles in his collection . he found number1 marbles ones while he lost number2 marbles .,how many more marbles did he lose than those he found ?
josh had number0 marbles in his collection . he found number1 marbles ones while he lost number2 marbles . how many more marbles did he find than those he lost ?,3 6 5,- number1 number2,1.0,"[1, 2, 3, 6, 7, 9, 10, 11, 15, 16, 17, 27, 28, 29]",josh had number0 marbles in his collection . he found number1 marbles ones while he lost number2 marbles .,how many more marbles did he find than those he lost ?
danny has number0 bottle caps in his collection . he found number1 bottle caps at the park . how many bottle caps does he have now ?,12 53,+ number0 number1,65.0,"[1, 2, 3, 4, 6, 10, 11, 12, 13, 23, 24, 25]",danny has number0 bottle caps in his collection . he found number1 bottle caps at the park .,how many bottle caps does he have now ?
danny has number0 bottle caps in his collection . he found some more bottle caps at the park . if he has number1 bottle caps now how many bottle caps did he find at the park ?,21 53,- number1 number0,32.0,"[1, 2, 3, 4, 33, 34, 35, 8, 13, 21, 22, 23, 24]",danny has number0 bottle caps in his collection . he found some more bottle caps at the park . if he has number1 bottle caps now,how many bottle caps did he find at the park ?
danny collects bottle caps . he found number0 bottle caps at the park while he threw away number1 old ones . now he has number2 bottle caps in his collection . how many bottle caps did danny have at first ?,63 51 33,- + number2 number1 number0,21.0,"[1, 2, 37, 6, 7, 8, 9, 10, 38, 39, 13, 16, 17, 18, 19, 23, 24, 25, 26]",danny collects bottle caps . he found number0 bottle caps at the park while he threw away number1 old ones . now he has number2 bottle caps in his collection .,how many bottle caps did danny have at first ?
danny collects bottle caps . he found number0 bottle caps at the park while he threw away number1 old ones . now he has number2 bottle caps in his collection . how many more bottle caps did danny find at the park than those he threw away ?,36 35 22,- number0 number1,1.0,"[1, 2, 6, 7, 8, 9, 10, 44, 13, 45, 46, 16, 17, 18, 19, 23, 24, 25, 26]",danny collects bottle caps . he found number0 bottle caps at the park while he threw away number1 old ones . now he has number2 bottle caps in his collection .,how many more bottle caps did danny find at the park than those he threw away ?
danny collects bottle caps . he found number0 bottle caps at the park while he threw away number1 old ones . now he has number2 bottle caps in his collection . how many more bottle caps did danny throw away than those he found at the park ?,30 63 42,- number1 number0,33.0,"[1, 2, 6, 7, 8, 9, 10, 44, 13, 45, 46, 16, 17, 18, 19, 23, 24, 25, 26]",danny collects bottle caps . he found number0 bottle caps at the park while he threw away number1 old ones . now he has number2 bottle caps in his collection .,how many more bottle caps did danny throw away than those he found at the park ?
danny collects bottle caps and wrappers . he found number0 bottle caps and number1 wrappers at the park . now he has number2 bottle caps and number3 wrappers in his collection . how many bottle caps did danny have at first ?,22 8 28 63,- number2 number0,6.0,"[1, 2, 6, 38, 8, 9, 10, 11, 12, 13, 14, 39, 40, 21, 22, 23, 24, 25, 26, 27]",danny collects bottle caps and wrappers . he found number0 bottle caps and number1 wrappers at the park . now he has number2 bottle caps and number3 wrappers in his collection .,how many bottle caps did danny have at first ?
danny collects bottle caps and wrappers . he found number0 bottle caps and number1 wrappers at the park . now he has number2 bottle caps and number3 wrappers in his collection . how many wrappers did danny have at first ?,22 30 17 57,- number3 number1,27.0,"[1, 2, 5, 37, 38, 8, 9, 10, 11, 12, 13, 14, 39, 21, 22, 23, 24, 25, 26, 27]",danny collects bottle caps and wrappers . he found number0 bottle caps and number1 wrappers at the park . now he has number2 bottle caps and number3 wrappers in his collection .,how many wrappers did danny have at first ?
danny collects bottle caps and wrappers . he found number0 bottle caps and number1 wrappers at the park . now he has number2 bottle caps and number3 wrappers in his collection . how many more bottle caps than wrappers did danny find at the park ?,30 14 7 86,- number0 number1,16.0,"[1, 2, 8, 9, 10, 11, 12, 13, 14, 42, 43, 44, 21, 22, 23, 24, 25, 26, 27]",danny collects bottle caps and wrappers . he found number0 bottle caps and number1 wrappers at the park . now he has number2 bottle caps and number3 wrappers in his collection .,how many more bottle caps than wrappers did danny find at the park ?
danny collects bottle caps and wrappers . he found number0 bottle caps and number1 wrappers at the park . now he has number2 bottle caps and number3 wrappers in his collection . how many more wrappers than bottle caps did danny find at the park ?,11 28 68 51,- number1 number0,17.0,"[1, 2, 8, 9, 10, 11, 12, 13, 14, 42, 43, 44, 21, 22, 23, 24, 25, 26, 27]",danny collects bottle caps and wrappers . he found number0 bottle caps and number1 wrappers at the park . now he has number2 bottle caps and number3 wrappers in his collection .,how many more wrappers than bottle caps did danny find at the park ?
danny collects bottle caps and wrappers . he found number0 bottle caps and number1 wrappers at the park . now he has number2 bottle caps and number3 wrappers in his collection . how many more bottle caps than wrappers does danny have now ?,71 24 28 16,- number2 number3,12.0,"[1, 2, 8, 9, 10, 11, 12, 13, 14, 40, 41, 42, 21, 22, 23, 24, 25, 26, 27]",danny collects bottle caps and wrappers . he found number0 bottle caps and number1 wrappers at the park . now he has number2 bottle caps and number3 wrappers in his collection .,how many more bottle caps than wrappers does danny have now ?
danny collects bottle caps and wrappers . he found number0 bottle caps and number1 wrappers at the park . now he has number2 bottle caps and number3 wrappers in his collection . how many more wrappers than bottle caps does danny have now ?,10 62 27 43,- number3 number2,16.0,"[1, 2, 8, 9, 10, 11, 12, 13, 14, 40, 41, 42, 21, 22, 23, 24, 25, 26, 27]",danny collects bottle caps and wrappers . he found number0 bottle caps and number1 wrappers at the park . now he has number2 bottle caps and number3 wrappers in his collection .,how many more wrappers than bottle caps does danny have now ?
danny collects bottle caps . he lost number0 bottle caps at the park . now he has number1 bottle caps in his collection . how many bottle caps did danny have at first ?,66 25,+ number0 number1,91.0,"[32, 1, 2, 6, 7, 8, 9, 16, 17, 18, 19, 30, 31]",danny collects bottle caps . he lost number0 bottle caps at the park . now he has number1 bottle caps in his collection .,how many bottle caps did danny have at first ?
after finding some bottle caps at the park danny has number0 bottle caps in his collection . if he had number1 bottle caps in his collection earlier how many bottle caps did he find at the park ?,32 25,- number0 number1,7.0,"[1, 2, 34, 35, 36, 9, 10, 11, 12, 16, 19, 20, 21, 22]",after finding some bottle caps at the park danny has number0 bottle caps in his collection . if he had number1 bottle caps in his collection earlier,how many bottle caps did he find at the park ?
danny collects bottle caps . he he threw away number0 of the old ones at the park while he found number1 bottle caps new ones . now he has number2 bottle caps in his collection . how many bottle caps did danny have at first ?,60 58 67,- + number2 number0 number1,69.0,"[1, 2, 6, 8, 9, 10, 42, 43, 44, 14, 19, 20, 21, 22, 28, 29, 30, 31]",danny collects bottle caps . he he threw away number0 of the old ones at the park while he found number1 bottle caps new ones . now he has number2 bottle caps in his collection .,how many bottle caps did danny have at first ?
danny collects bottle caps . he he threw away number0 of the old ones at the park while he found number1 bottle caps new ones . now he has number2 bottle caps in his collection . how many more bottle caps did danny find at the park than those he threw away ?,6 50 60,- number1 number0,44.0,"[1, 2, 7, 8, 9, 10, 14, 49, 50, 19, 20, 21, 22, 51, 28, 29, 30, 31]",danny collects bottle caps . he he threw away number0 of the old ones at the park while he found number1 bottle caps new ones . now he has number2 bottle caps in his collection .,how many more bottle caps did danny find at the park than those he threw away ?
danny collects bottle caps . he he threw away number0 of the old ones at the park while he found number1 bottle caps new ones . now he has number2 bottle caps in his collection . how many more bottle caps did danny throw away than those he found at the park ?,54 48 52,- number0 number1,6.0,"[1, 2, 7, 8, 9, 10, 14, 49, 50, 19, 20, 21, 22, 51, 28, 29, 30, 31]",danny collects bottle caps . he he threw away number0 of the old ones at the park while he found number1 bottle caps new ones . now he has number2 bottle caps in his collection .,how many more bottle caps did danny throw away than those he found at the park ?
danny collects bottle caps and wrappers . he found number0 wrappers and number1 bottle caps at the park . now he has number2 bottle caps and number3 wrappers in his collection . how many bottle caps did danny have at first ?,82 29 42 61,- number2 number1,13.0,"[1, 2, 6, 38, 8, 9, 10, 11, 12, 13, 14, 39, 40, 21, 22, 23, 24, 25, 26, 27]",danny collects bottle caps and wrappers . he found number0 wrappers and number1 bottle caps at the park . now he has number2 bottle caps and number3 wrappers in his collection .,how many bottle caps did danny have at first ?
danny collects bottle caps and wrappers . he found number0 wrappers and number1 bottle caps at the park . now he has number2 bottle caps and number3 wrappers in his collection . how many wrappers did danny have at first ?,66 39 16 68,- number3 number0,2.0,"[1, 2, 5, 37, 38, 8, 9, 10, 11, 12, 13, 14, 39, 21, 22, 23, 24, 25, 26, 27]",danny collects bottle caps and wrappers . he found number0 wrappers and number1 bottle caps at the park . now he has number2 bottle caps and number3 wrappers in his collection .,how many wrappers did danny have at first ?
danny collects bottle caps and wrappers . he found number0 wrappers and number1 bottle caps at the park . now he has number2 bottle caps and number3 wrappers in his collection . how many more bottle caps than wrappers did danny find at the park ?,46 50 21 52,- number1 number0,4.0,"[1, 2, 8, 9, 10, 11, 12, 13, 14, 42, 43, 44, 21, 22, 23, 24, 25, 26, 27]",danny collects bottle caps and wrappers . he found number0 wrappers and number1 bottle caps at the park . now he has number2 bottle caps and number3 wrappers in his collection .,how many more bottle caps than wrappers did danny find at the park ?
danny collects bottle caps and wrappers . he found number0 wrappers and number1 bottle caps at the park . now he has number2 bottle caps and number3 wrappers in his collection . how many more wrappers than bottle caps did danny find at the park ?,65 5 31 9,- number0 number1,60.0,"[1, 2, 8, 9, 10, 11, 12, 13, 14, 42, 43, 44, 21, 22, 23, 24, 25, 26, 27]",danny collects bottle caps and wrappers . he found number0 wrappers and number1 bottle caps at the park . now he has number2 bottle caps and number3 wrappers in his collection .,how many more wrappers than bottle caps did danny find at the park ?
danny collects bottle caps and wrappers . he found number0 bottle caps and number1 wrappers at the park . now he has number2 wrappers and number3 bottle caps in his collection . how many more bottle caps than wrappers does danny have now ?,58 25 11 12,- number3 number2,1.0,"[1, 2, 8, 9, 10, 11, 12, 13, 14, 40, 41, 42, 21, 22, 23, 24, 25, 26, 27]",danny collects bottle caps and wrappers . he found number0 bottle caps and number1 wrappers at the park . now he has number2 wrappers and number3 bottle caps in his collection .,how many more bottle caps than wrappers does danny have now ?
danny collects bottle caps and wrappers . he found number0 bottle caps and number1 wrappers at the park . now he has number2 wrappers and number3 bottle caps in his collection . how many more wrappers than bottle caps does danny have now ?,15 18 67 35,- number2 number3,32.0,"[1, 2, 8, 9, 10, 11, 12, 13, 14, 40, 41, 42, 21, 22, 23, 24, 25, 26, 27]",danny collects bottle caps and wrappers . he found number0 bottle caps and number1 wrappers at the park . now he has number2 wrappers and number3 bottle caps in his collection .,how many more wrappers than bottle caps does danny have now ?
being his favorite he saved checking on the grapevines for his last stop . he was told by number0 of the pickers that they fill number1 drums of grapes in number2 days . how many drums of grapes would be filled per day ?,94 90 6,/ number1 number2,15.0,"[1, 40, 41, 10, 42, 17, 18, 19, 24, 25, 26, 29, 30, 31]",being his favorite he saved checking on the grapevines for his last stop . he was told by number0 of the pickers that they fill number1 drums of grapes in number2 days .,how many drums of grapes would be filled per day ?
being his favorite he saved checking on the grapevines for his last stop . he was told by number0 of the pickers that they fill number1 drums of grapes in number2 days . how many drums of grapes would be filled in each day ?,266 90 5,/ number1 number2,18.0,"[1, 41, 42, 10, 43, 17, 18, 19, 24, 25, 26, 29, 30, 31]",being his favorite he saved checking on the grapevines for his last stop . he was told by number0 of the pickers that they fill number1 drums of grapes in number2 days .,how many drums of grapes would be filled in each day ?
being his favorite he saved checking on the grapevines for his last stop . he was told by number0 of the pickers that they fill number1 drums of grapes per day and number2 drums of raspberries per day . how many drums of grapes would be filled in number3 days ?,294 244 47 146,* number1 number3,35624.0,"[32, 33, 1, 36, 10, 47, 48, 17, 18, 19, 49, 24, 25, 26, 29, 31]",being his favorite he saved checking on the grapevines for his last stop . he was told by number0 of the pickers that they fill number1 drums of grapes per day and number2 drums of raspberries per day .,how many drums of grapes would be filled in number3 days ?
being his favorite he saved checking on the grapevines for his last stop . he was told by number0 of the pickers that they fill number1 drums of raspberries per day and number2 drums of grapes per day . how many drums of grapes would be filled in number3 days ?,235 100 221 77,* number2 number3,17017.0,"[32, 33, 1, 36, 10, 47, 48, 17, 18, 19, 49, 24, 25, 26, 29, 31]",being his favorite he saved checking on the grapevines for his last stop . he was told by number0 of the pickers that they fill number1 drums of raspberries per day and number2 drums of grapes per day .,how many drums of grapes would be filled in number3 days ?
being his favorite he saved checking on the grapevines after number0 stops . he was told by number1 of the pickers that they fill number2 drums of grapes per day . how many drums of grapes would be filled in number3 days ?,57 252 108 58,* number2 number3,6264.0,"[1, 39, 40, 9, 10, 11, 41, 16, 17, 18, 23, 24, 25, 28]",being his favorite he saved checking on the grapevines after number0 stops . he was told by number1 of the pickers that they fill number2 drums of grapes per day .,how many drums of grapes would be filled in number3 days ?
being his favorite he saved checking on the grapevines for his last stop . he was told by number0 of the pickers that they fill number1 drums of grapes per day . how many days will it take to fill number2 drums of grapes ?,36 8 240,/ number2 number1,30.0,"[39, 40, 41, 10, 7, 42, 43, 17, 18, 19, 24, 25, 26, 29]",being his favorite he saved checking on the grapevines for his last stop . he was told by number0 of the pickers that they fill number1 drums of grapes per day .,how many days will it take to fill number2 drums of grapes ?
bryan took a look at his books as well . if he has number0 books distributed equally in number1 bookshelves how many books are there in each bookshelf ?,34 2,/ number0 number1,17.0,"[2, 11, 12, 13, 14, 17, 18, 19, 25, 26, 27]",bryan took a look at his books as well . if he has number0 books distributed equally in number1 bookshelves,how many books are there in each bookshelf ?
bryan took a look at his books as well . if he has a total of number0 books and each bookshelf contains number1 books how many bookshelves does he have ?,42 2,/ number0 number1,21.0,"[11, 15, 16, 17, 19, 21, 22, 23, 27, 28, 29]",bryan took a look at his books as well . if he has a total of number0 books and each bookshelf contains number1 books,how many bookshelves does he have ?
bryan took a look at his books and magazines . if he has number0 books and number1 magazines in each of his number2 bookshelves how many books does he have in total ?,27 80 23,* number0 number2,621.0,"[2, 12, 13, 14, 15, 16, 17, 19, 21, 22, 23, 29, 30, 31]",bryan took a look at his books and magazines . if he has number0 books and number1 magazines in each of his number2 bookshelves,how many books does he have in total ?
bryan took a look at his books and magazines . if he has number0 books and number1 magazines in each of his number2 bookshelves how many magazines does he have in total ?,9 46 10,* number1 number2,460.0,"[2, 12, 13, 14, 15, 16, 17, 19, 21, 22, 23, 29, 30, 31]",bryan took a look at his books and magazines . if he has number0 books and number1 magazines in each of his number2 bookshelves,how many magazines does he have in total ?
bryan took a look at his books and magazines . if he has number0 books and number1 magazines in each of his number2 bookshelves how many books and magazines does he have in total ?,23 61 29,* + number0 number1 number2,2436.0,"[32, 33, 2, 12, 13, 14, 15, 16, 17, 19, 21, 22, 23, 31]",bryan took a look at his books and magazines . if he has number0 books and number1 magazines in each of his number2 bookshelves,how many books and magazines does he have in total ?
bryan took a look at his books as well . he has number0 bookshelves with each having the same number of books . if he has a total of number1 books how many books are there in each bookshelf ?,7 28,/ number1 number0,4.0,"[1, 36, 37, 38, 9, 11, 12, 13, 15, 28, 29, 30]",bryan took a look at his books as well . he has number0 bookshelves with each having the same number of books . if he has a total of number1 books,how many books are there in each bookshelf ?
bryan took a look at his books as well . each bookshelf contains number0 books . if he has a total of number1 books how many bookshelves does he have ?,2 38,/ number1 number0,19.0,"[2, 10, 12, 13, 14, 21, 22, 23, 27, 28, 29]",bryan took a look at his books as well . each bookshelf contains number0 books . if he has a total of number1 books,how many bookshelves does he have ?
if lewis earns a total of $ number0 during number1 weeks of harvest how much money does he earn each week ?,460 5,/ number0 number1,92.0,"[6, 7, 8, 9, 10, 18, 19, 20]",if lewis earns a total of $ number0 during number1 weeks of harvest,how much money does he earn each week ?
lewis earns a total of $ number0 during the harvest . if he earns $ number1 each week how many weeks did the harvest last ?,1216 16,/ number0 number1,76.0,"[2, 5, 6, 7, 14, 15, 16, 22, 23, 24]",lewis earns a total of $ number0 during the harvest . if he earns $ number1 each week,how many weeks did the harvest last ?
lewis earns $ number0 every week during the number1 weeks of harvest . if he has to pay $ number2 tax how much money will have at the end of the harvest season ?,21 216 702,- * number0 number1 number2,3834.0,"[32, 1, 2, 3, 4, 7, 8, 9, 18, 19, 20, 30, 31]",lewis earns $ number0 every week during the number1 weeks of harvest . if he has to pay $ number2 tax,how much money will have at the end of the harvest season ?
if lewis earns $ number0 every week during the number1 weeks of a harvest season . how much money will he earn if he works for number2 harvest seasons ?,1357 223 73,* * number0 number1 number2,22090603.0,"[2, 3, 4, 5, 8, 9, 10, 25, 26, 27, 28]",if lewis earns $ number0 every week during the number1 weeks of a harvest season .,how much money will he earn if he works for number2 harvest seasons ?
lewis earns $ number0 every week during the number1 weeks of harvest . he also earns $ number2 per week for working overtime . if he works overtime every week how much money does he earn during harvest season ?,28 1091 939,* + number0 number2 number1,1054997.0,"[1, 2, 3, 4, 36, 37, 7, 8, 9, 38, 16, 17, 18, 28]",lewis earns $ number0 every week during the number1 weeks of harvest . he also earns $ number2 per week for working overtime . if he works overtime every week,how much money does he earn during harvest season ?
lewis earns $ number0 every week during the number1 weeks of harvest . if he has to pay $ number2 rent every week how much money does he earn during harvest season ?,403 233 49,* number0 number1,93899.0,"[1, 2, 3, 4, 7, 8, 9, 18, 19, 20, 21, 29, 30, 31]",lewis earns $ number0 every week during the number1 weeks of harvest . if he has to pay $ number2 rent every week,how much money does he earn during harvest season ?
lewis earns $ number0 every week during the number1 weeks of harvest . if he has to pay $ number2 rent every week how much money does he pay as rent during the harvest season ?,368 1359 388,* number2 number1,527292.0,"[32, 1, 2, 3, 4, 33, 34, 7, 8, 9, 18, 19, 20, 21]",lewis earns $ number0 every week during the number1 weeks of harvest . if he has to pay $ number2 rent every week,how much money does he pay as rent during the harvest season ?
lewis earns $ number0 every week during the number1 weeks of harvest . if he has to pay $ number2 rent every week how much money will have at the end of the harvest season ?,491 1181 216,* - number0 number2 number1,324775.0,"[32, 1, 2, 3, 4, 33, 34, 7, 8, 9, 18, 19, 20, 21]",lewis earns $ number0 every week during the number1 weeks of harvest . if he has to pay $ number2 rent every week,how much money will have at the end of the harvest season ?
for number0 weeks of harvest lewis earns a total of $ number1 . how much money does he earn each week ?,19 133,/ number1 number0,7.0,"[0, 1, 2, 10, 11, 18, 19, 20]",for number0 weeks of harvest lewis earns a total of $ number1 .,how much money does he earn each week ?
lewis earns $ number0 every week during the harvest . if he earns a total of $ number1 how many weeks did the harvest last ?,2 178,/ number1 number0,89.0,"[1, 2, 3, 4, 16, 17, 18, 22, 23, 24]",lewis earns $ number0 every week during the harvest . if he earns a total of $ number1,how many weeks did the harvest last ?
he then went to see the oranges being harvested . he found out that they harvest number0 sacks per day . how many oranges do they harvest per day if each sack contains number1 oranges ?,66 28,* number0 number1,1848.0,"[32, 33, 34, 1, 5, 11, 15, 16, 17, 18, 27, 30]",he then went to see the oranges being harvested . he found out that they harvest number0 sacks per day .,how many oranges do they harvest per day if each sack contains number1 oranges ?
he then went to see the oranges being harvested . he found out that they harvest number0 sacks per day . how many days will it take to harvest number1 sacks of oranges ?,8 24,/ number1 number0,3.0,"[32, 5, 7, 15, 16, 17, 18, 28, 29, 30, 31]",he then went to see the oranges being harvested . he found out that they harvest number0 sacks per day .,how many days will it take to harvest number1 sacks of oranges ?
he then went to see the oranges being harvested . he found out that the harvest will go on for number0 days . how many sacks do they harvest per day if they harvested a total of number1 sacks of oranges ?,4 56,/ number1 number0,14.0,"[1, 36, 37, 38, 5, 39, 40, 19, 20, 21, 29]",he then went to see the oranges being harvested . he found out that the harvest will go on for number0 days .,how many sacks do they harvest per day if they harvested a total of number1 sacks of oranges ?
he then went to see the oranges being harvested . he found out that they harvest number0 sacks per day and that each sack containes number1 oranges . how many sacks of oranges will they have after number2 days of harvest ?,38 42 49,* number0 number2,1862.0,"[1, 36, 37, 38, 5, 7, 39, 40, 14, 15, 16, 17, 18, 22, 24, 25, 26]",he then went to see the oranges being harvested . he found out that they harvest number0 sacks per day and that each sack containes number1 oranges .,how many sacks of oranges will they have after number2 days of harvest ?
he then went to see the oranges being harvested . he found out that they harvest number0 sacks per day and that each sack containes number1 oranges . how many oranges will they have after number2 days of harvest ?,66 25 87,* * number0 number2 number1,143550.0,"[1, 34, 35, 36, 5, 37, 38, 14, 15, 16, 17, 18, 22, 24, 25, 26]",he then went to see the oranges being harvested . he found out that they harvest number0 sacks per day and that each sack containes number1 oranges .,how many oranges will they have after number2 days of harvest ?
he then went to see the oranges being harvested . he found out that they harvest number0 sacks per day and that each sack containes number1 oranges . how many oranges do they harvest per day ?,8 35,* number0 number1,280.0,"[1, 34, 33, 35, 5, 14, 15, 16, 17, 18, 22, 24, 25, 26]",he then went to see the oranges being harvested . he found out that they harvest number0 sacks per day and that each sack containes number1 oranges .,how many oranges do they harvest per day ?
he then went to see the oranges being harvested . he found out that they harvest number0 sacks per day and that each sack containes number1 oranges . how many days will it take to harvest number2 sacks of oranges ?,16 57 80,/ number2 number0,5.0,"[35, 36, 37, 5, 7, 38, 39, 14, 15, 16, 17, 18, 22, 24, 25, 26]",he then went to see the oranges being harvested . he found out that they harvest number0 sacks per day and that each sack containes number1 oranges .,how many days will it take to harvest number2 sacks of oranges ?
he then went to see the oranges being harvested . he found out that they harvest number0 sacks per day and that each sack containes number1 oranges . how many oranges are harvested if they harvest a total of number2 sacks of oranges ?,67 12 35,* number1 number2,420.0,"[1, 5, 38, 39, 40, 41, 42, 14, 15, 16, 17, 18, 22, 24, 25, 26]",he then went to see the oranges being harvested . he found out that they harvest number0 sacks per day and that each sack containes number1 oranges .,how many oranges are harvested if they harvest a total of number2 sacks of oranges ?
he then went to see the oranges being harvested . he found out that they harvest number0 sacks per day and discard number1 of them . how many sacks of oranges will they have after number2 days of harvest ?,74 71 51,* - number0 number1 number2,153.0,"[1, 34, 35, 36, 5, 37, 7, 38, 15, 16, 17, 18, 21, 22, 23]",he then went to see the oranges being harvested . he found out that they harvest number0 sacks per day and discard number1 of them .,how many sacks of oranges will they have after number2 days of harvest ?
he then went to see the oranges being harvested . he found out that they harvest number0 sacks per day and discard number1 of them . how many oranges do they harvest per day if each sack contains number2 oranges ?,76 64 50,* - number0 number1 number2,600.0,"[32, 1, 35, 37, 38, 39, 5, 11, 15, 16, 17, 18, 21, 22, 23]",he then went to see the oranges being harvested . he found out that they harvest number0 sacks per day and discard number1 of them .,how many oranges do they harvest per day if each sack contains number2 oranges ?
he then went to see the oranges being harvested . he found out that they harvest number0 sacks of ripe oranges and number1 sacks of unripe oranges per day . how many sacks of oranges will they have after number2 days of harvest ?,28 52 26,* + number0 number1 number2,2080.0,"[1, 5, 38, 39, 40, 7, 41, 42, 15, 16, 17, 21, 22, 23, 27]",he then went to see the oranges being harvested . he found out that they harvest number0 sacks of ripe oranges and number1 sacks of unripe oranges per day .,how many sacks of oranges will they have after number2 days of harvest ?
he then went to see the oranges being harvested . he found out that they harvest number0 sacks of ripe oranges and number1 sacks of unripe oranges per day . how many sacks of ripe oranges will they have after number2 days of harvest ?,82 61 25,* number0 number2,2050.0,"[1, 5, 39, 40, 41, 8, 42, 43, 15, 16, 17, 21, 22, 23, 27]",he then went to see the oranges being harvested . he found out that they harvest number0 sacks of ripe oranges and number1 sacks of unripe oranges per day .,how many sacks of ripe oranges will they have after number2 days of harvest ?
he then went to see the oranges being harvested . he found out that they harvest number0 sacks of ripe oranges and number1 sacks of unripe oranges per day . how many sacks of unripe oranges will they have after number2 days of harvest ?,31 24 45,* number1 number2,1080.0,"[1, 5, 39, 40, 41, 8, 42, 43, 15, 16, 17, 21, 22, 23, 27]",he then went to see the oranges being harvested . he found out that they harvest number0 sacks of ripe oranges and number1 sacks of unripe oranges per day .,how many sacks of unripe oranges will they have after number2 days of harvest ?
he then went to see the oranges being harvested . he found out that they harvest number0 sacks of ripe oranges and number1 sacks of unripe oranges per day . how many more sacks of ripe oranges than unripe oranges are harvested per day ?,44 25,- number0 number1,19.0,"[1, 2, 5, 41, 42, 43, 15, 16, 17, 21, 22, 23, 27]",he then went to see the oranges being harvested . he found out that they harvest number0 sacks of ripe oranges and number1 sacks of unripe oranges per day .,how many more sacks of ripe oranges than unripe oranges are harvested per day ?
he then went to see the oranges being harvested . he found out that they harvest number0 sacks of ripe oranges and number1 sacks of unripe oranges per day . how many more sacks of unripe oranges than ripe oranges are harvested per day ?,5 74,- number1 number0,69.0,"[1, 2, 5, 41, 42, 43, 15, 16, 17, 21, 22, 23, 27]",he then went to see the oranges being harvested . he found out that they harvest number0 sacks of ripe oranges and number1 sacks of unripe oranges per day .,how many more sacks of unripe oranges than ripe oranges are harvested per day ?
he then went to see the oranges being harvested . he found out that they harvested number0 sacks of oranges . how many days did it take to harvest them if they harvested number1 sacks of oranges per day ?,54 18,/ number0 number1,3.0,"[32, 33, 34, 36, 37, 5, 38, 11, 15, 16, 17]",he then went to see the oranges being harvested . he found out that they harvested number0 sacks of oranges .,how many days did it take to harvest them if they harvested number1 sacks of oranges per day ?
he then went to see the oranges being harvested . he found out that they harvested number0 sacks of oranges . how many sacks did they harvest per day if they harvested for a total of number1 days ?,56 14,/ number0 number1,4.0,"[1, 35, 36, 37, 5, 15, 16, 17, 27]",he then went to see the oranges being harvested . he found out that they harvested number0 sacks of oranges .,how many sacks did they harvest per day if they harvested for a total of number1 days ?
he then went to see the oranges being harvested . he found out that they harvest number0 sacks of unripe oranges and number1 sacks of ripe oranges per day . how many sacks of ripe oranges will they have after number2 days of harvest ?,25 5 73,* number1 number2,365.0,"[1, 5, 39, 40, 41, 8, 42, 43, 15, 16, 17, 21, 22, 23, 27]",he then went to see the oranges being harvested . he found out that they harvest number0 sacks of unripe oranges and number1 sacks of ripe oranges per day .,how many sacks of ripe oranges will they have after number2 days of harvest ?
he then went to see the oranges being harvested . he found out that they harvest number0 sacks of unripe oranges and number1 sacks of ripe oranges per day . how many sacks of unripe oranges will they have after number2 days of harvest ?,65 46 6,* number0 number2,390.0,"[1, 5, 39, 40, 41, 8, 42, 43, 15, 16, 17, 21, 22, 23, 27]",he then went to see the oranges being harvested . he found out that they harvest number0 sacks of unripe oranges and number1 sacks of ripe oranges per day .,how many sacks of unripe oranges will they have after number2 days of harvest ?
he then went to see the oranges being harvested . he found out that they harvest number0 sacks of unripe oranges and number1 sacks of ripe oranges per day . how many more sacks of ripe oranges than unripe oranges are harvested per day ?,41 86,- number1 number0,45.0,"[1, 2, 5, 41, 42, 43, 15, 16, 17, 21, 22, 23, 27]",he then went to see the oranges being harvested . he found out that they harvest number0 sacks of unripe oranges and number1 sacks of ripe oranges per day .,how many more sacks of ripe oranges than unripe oranges are harvested per day ?
he then went to see the oranges being harvested . he found out that they harvest number0 sacks of unripe oranges and number1 sacks of ripe oranges per day . how many more sacks of unripe oranges than ripe oranges are harvested per day ?,71 60,- number0 number1,11.0,"[1, 2, 5, 41, 42, 43, 15, 16, 17, 21, 22, 23, 27]",he then went to see the oranges being harvested . he found out that they harvest number0 sacks of unripe oranges and number1 sacks of ripe oranges per day .,how many more sacks of unripe oranges than ripe oranges are harvested per day ?
jesse 's room is number0 feet long and number1 feet wide . how much longer is her room than it is wide ?,12 11,- number0 number1,1.0,"[3, 4, 5, 7, 8, 9, 19, 20, 21]",jesse 's room is number0 feet long and number1 feet wide .,how much longer is her room than it is wide ?
jesse 's room is number0 feet long . if she needs a carpet of size number1 square feet what is the width of her room ?,7 14,/ number1 number0,2.0,"[3, 4, 5, 14, 15, 16, 22, 23, 24]",jesse 's room is number0 feet long . if she needs a carpet of size number1 square feet,what is the width of her room ?
jesse 's room is number0 feet wide . if she needs a carpet of size number1 square feet what is the length of her room ?,7 14,/ number1 number0,2.0,"[3, 4, 5, 14, 15, 16, 22, 23, 24]",jesse 's room is number0 feet wide . if she needs a carpet of size number1 square feet,what is the length of her room ?
jesse 's room is number0 feet long and number1 feet wide . if she already has number2 square feet of carpet how much more carpet does she need to cover the whole floor ?,11 15 16,- * number0 number1 number2,149.0,"[32, 3, 4, 5, 7, 8, 9, 15, 16, 17, 18, 30, 31]",jesse 's room is number0 feet long and number1 feet wide . if she already has number2 square feet of carpet,how much more carpet does she need to cover the whole floor ?
jesse 's room is number0 feet long and number1 feet wide . if each tile is of size number2 square feet how many tiles does she need to cover the whole floor ?,2 12 4,/ * number0 number1 number2,6.0,"[3, 4, 5, 7, 8, 9, 13, 17, 18, 19, 29, 30, 31]",jesse 's room is number0 feet long and number1 feet wide . if each tile is of size number2 square feet,how many tiles does she need to cover the whole floor ?
jesse 's rooms are number0 feet long and number1 feet wide . if she has number2 rooms in all how much carpet does she need to cover the floors of all rooms ?,19 18 20,* * number0 number1 number2,6840.0,"[2, 3, 4, 5, 6, 7, 8, 9, 14, 15, 16, 29, 30, 31]",jesse 's rooms are number0 feet long and number1 feet wide . if she has number2 rooms in all,how much carpet does she need to cover the floors of all rooms ?
jesse 's room is number0 feet wide and number1 feet long . how much longer is her room than it is wide ?,19 20,- number1 number0,1.0,"[3, 4, 5, 7, 8, 9, 19, 20, 21]",jesse 's room is number0 feet wide and number1 feet long .,how much longer is her room than it is wide ?
jesse needs a carpet of size number0 square feet to cover her room . if her room is number1 feet long what is the width of her room ?,10 5,/ number0 number1,2.0,"[5, 6, 7, 17, 18, 19, 25, 26, 27]",jesse needs a carpet of size number0 square feet to cover her room . if her room is number1 feet long,what is the width of her room ?
jesse needs a carpet of size number0 square feet to cover her room . if her room is number1 feet wide what is the length of her room ?,10 2,/ number0 number1,5.0,"[5, 6, 7, 17, 18, 19, 25, 26, 27]",jesse needs a carpet of size number0 square feet to cover her room . if her room is number1 feet wide,what is the length of her room ?
jesse has number0 square feet of carpet . if her room is number1 feet long and number2 feet wide how much more carpet does she need to cover the whole floor ?,18 4 20,- * number1 number2 number0,62.0,"[1, 2, 3, 4, 11, 12, 13, 15, 16, 17, 28, 29, 30]",jesse has number0 square feet of carpet . if her room is number1 feet long and number2 feet wide,how much more carpet does she need to cover the whole floor ?
white t - shirts can be purchased in packages of number0 . if mom buys number1 white t - shirts how many packages will she have ?,13 39,/ number1 number0,3.0,"[0, 2, 4, 8, 9, 13, 14, 15, 17, 21, 22, 23]",white t - shirts can be purchased in packages of number0 . if mom buys number1 white t - shirts,how many packages will she have ?
white t - shirts can be purchased in packages . if mom buys number0 white t - shirts where each package has number1 white t - shirts . how many packages will she have ?,66 3,/ number0 number1,22.0,"[0, 2, 4, 10, 11, 12, 13, 15, 17, 19, 20, 21, 23, 28, 29, 30]",white t - shirts can be purchased in packages . if mom buys number0 white t - shirts where each package has number1 white t - shirts .,how many packages will she have ?
white t - shirts can be purchased in packages . if mom buys number0 packages which contain number1 white t - shirts in total how many white t - shirts does each package have ?,28 56,/ number1 number0,2.0,"[0, 2, 6, 8, 11, 12, 13, 14, 15, 16, 17, 19, 21, 28, 29, 30]",white t - shirts can be purchased in packages . if mom buys number0 packages which contain number1 white t - shirts in total,how many white t - shirts does each package have ?
white t - shirts can be purchased in packages of number0 . if mom buys number1 packages of white t - shirts and number2 trousers how many white t - shirts will she have ?,53 57 34,* number0 number1,3021.0,"[2, 8, 9, 13, 14, 15, 20, 21, 22, 28, 29, 30]",white t - shirts can be purchased in packages of number0 . if mom buys number1 packages of white t - shirts and number2 trousers,how many white t - shirts will she have ?
mom buys number0 white t - shirts . if white t - shirts can be purchased in packages of number1 how many packages will she have ?,51 3,/ number0 number1,17.0,"[1, 2, 3, 5, 16, 17, 18, 21, 22, 23]",mom buys number0 white t - shirts . if white t - shirts can be purchased in packages of number1,how many packages will she have ?
mom buys number0 white t - shirts in total . if white t - shirts can be purchased in packages and mom buys number1 packages how many white t - shirts does each package have ?,70 14,/ number0 number1,5.0,"[1, 2, 3, 5, 11, 15, 20, 21, 22, 29, 30, 31]",mom buys number0 white t - shirts in total . if white t - shirts can be purchased in packages and mom buys number1 packages,how many white t - shirts does each package have ?
after resting they decided to go for a swim . if the depth of the water is number0 times dean 's height and he stands at number1 feet how much deeper is the water than dean 's height ?,10 9,- * number0 number1 number1,81.0,"[35, 36, 37, 16, 17, 18, 25, 26, 27]",after resting they decided to go for a swim . if the depth of the water is number0 times dean 's height and he stands at number1 feet,how much deeper is the water than dean 's height ?
after resting they decided to go for a swim . the depth of the water is number0 times dean 's height . dean is number1 feet shorter than ron . if ron stands at number2 feet how deep was the water ?,2 8 14,* - number2 number1 number0,12.0,"[33, 34, 35, 38, 39, 40, 15, 16, 17, 23, 24, 25]",after resting they decided to go for a swim . the depth of the water is number0 times dean 's height . dean is number1 feet shorter than ron . if ron stands at number2 feet,how deep was the water ?
after resting they decided to go for a swim . the depth of the water is number0 times ron 's height . dean is number1 feet shorter than ron . if ron stands at number2 feet how deep was the water ?,5 11 12,* number2 number0,60.0,"[33, 34, 35, 38, 39, 40, 15, 16, 17, 23, 24, 25]",after resting they decided to go for a swim . the depth of the water is number0 times ron 's height . dean is number1 feet shorter than ron . if ron stands at number2 feet,how deep was the water ?
after resting they decided to go for a swim . the depth of the water is number0 times dean 's height . dean is number1 feet taller than ron . if ron stands at number2 feet how deep was the water ?,15 4 13,* + number1 number2 number0,255.0,"[33, 34, 35, 38, 39, 40, 15, 16, 17, 23, 24, 25]",after resting they decided to go for a swim . the depth of the water is number0 times dean 's height . dean is number1 feet taller than ron . if ron stands at number2 feet,how deep was the water ?
after resting they decided to go for a swim . the depth of the water is number0 times ron 's height . dean is number1 feet taller than ron . if ron stands at number2 feet how deep was the water ?,16 9 13,* number2 number0,208.0,"[33, 34, 35, 38, 39, 40, 15, 16, 17, 23, 24, 25]",after resting they decided to go for a swim . the depth of the water is number0 times ron 's height . dean is number1 feet taller than ron . if ron stands at number2 feet,how deep was the water ?
after resting they decided to go for a swim . the depth of the water is number0 times dean 's height . if ron is number1 feet tall and dean is number2 feet shorter than ron how deep was the water ?,9 15 6,* - number1 number2 number0,81.0,"[32, 38, 39, 40, 15, 16, 17, 24, 25, 26, 30, 31]",after resting they decided to go for a swim . the depth of the water is number0 times dean 's height . if ron is number1 feet tall and dean is number2 feet shorter than ron,how deep was the water ?
we ordered number0 pizzas . each pizza has the same number of slices . if there were a total of number1 slices how many slices are there in each pizza ?,7 14,/ number1 number0,2.0,"[1, 2, 3, 5, 9, 12, 19, 20, 21, 27, 28, 29]",we ordered number0 pizzas . each pizza has the same number of slices . if there were a total of number1 slices,how many slices are there in each pizza ?
we ordered some pizzas . each pizza has number0 slices . if there were a total of number1 slices how many pizzas did we order ?,2 28,/ number1 number0,14.0,"[2, 5, 7, 8, 9, 16, 17, 18, 22, 23, 24]",we ordered some pizzas . each pizza has number0 slices . if there were a total of number1 slices,how many pizzas did we order ?
we ordered number0 pizzas . each pizza has number1 slices . if there are number2 of us how many slices of pizza are there altogether ?,17 4 25,* number0 number1,68.0,"[1, 2, 3, 5, 7, 8, 9, 12, 13, 14, 15, 22, 23, 24]",we ordered number0 pizzas . each pizza has number1 slices . if there are number2 of us,how many slices of pizza are there altogether ?
we ordered number0 pizzas . each pizza has number1 slices . if there are number2 of us how many slices of pizza does each of us get if distributed equally ?,9 10 2,* number0 / number1 number2,45.0,"[1, 2, 3, 5, 7, 8, 9, 13, 14, 15, 23, 27, 28, 29]",we ordered number0 pizzas . each pizza has number1 slices . if there are number2 of us,how many slices of pizza does each of us get if distributed equally ?
for the walls of the house he would use number0 nails in all to secture large planks of wood . if each plank of wood needs number1 pieces of nails to be secured how many planks does john need for the house wall ?,4 2,/ number0 number1,2.0,"[5, 8, 9, 10, 40, 41, 42, 21, 25, 26, 27]",for the walls of the house he would use number0 nails in all to secture large planks of wood . if each plank of wood needs number1 pieces of nails to be secured,how many planks does john need for the house wall ?
for the walls of the house he would use number0 large planks of wood . if each plank of wood needs number1 pieces of nails to be secured and in addition he needs number2 nails are needed for some smaller planks . how many nails does john need for the house wall ?,13 17 8,+ * number0 number1 number2,229.0,"[32, 33, 34, 1, 5, 8, 9, 10, 11, 16, 49, 50, 51, 20, 21, 22, 24]",for the walls of the house he would use number0 large planks of wood . if each plank of wood needs number1 pieces of nails to be secured and in addition he needs number2 nails are needed for some smaller planks .,how many nails does john need for the house wall ?
for the walls of the house he would use number0 nails in all to secture large planks of wood . if each plank needs number1 pieces of nails to be secured and an additional number2 nails were used . how many planks does john need for the house wall ?,11 3 8,/ - number0 number2 number1,1.0,"[33, 34, 35, 3, 8, 9, 10, 13, 46, 47, 48, 21, 23, 24, 25]",for the walls of the house he would use number0 nails in all to secture large planks of wood . if each plank needs number1 pieces of nails to be secured and an additional number2 nails were used .,how many planks does john need for the house wall ?
for the walls of the house he would use number0 large planks of wood and number1 small planks . if large planks together need number2 pieces of nails to be secured and small planks together need number3 nails . how many nails does john need for the house wall ?,12 10 15 5,+ number2 number3,20.0,"[1, 4, 5, 8, 9, 10, 11, 13, 14, 15, 16, 17, 23, 24, 25, 35, 36, 37, 46, 47, 48]",for the walls of the house he would use number0 large planks of wood and number1 small planks . if large planks together need number2 pieces of nails to be secured and small planks together need number3 nails .,how many nails does john need for the house wall ?
for the walls of the house john would use large planks of wood . each plank needs number0 pieces of nails to be secured and he would use number1 planks . how many nails does john need for the house wall ?,2 16,* number1 number0,32.0,"[2, 38, 39, 8, 9, 40, 13, 14, 16, 17, 18, 27, 28, 29]",for the walls of the house john would use large planks of wood . each plank needs number0 pieces of nails to be secured and he would use number1 planks .,how many nails does john need for the house wall ?
for the walls of the house he would use number0 large planks of wood . if each plank of wood needs number1 pieces of nails to be secured how many planks does john need for the house wall ?,8 74,number0,8.0,"[35, 36, 5, 37, 8, 9, 10, 11, 14, 16, 18, 20, 21, 22]",for the walls of the house he would use number0 large planks of wood . if each plank of wood needs number1 pieces of nails to be secured,how many planks does john need for the house wall ?
for the walls of the house he would use number0 large planks of wood and number1 small planks . if each large plank of wood needs number2 pieces of nails to be secured and each small plank needs number3 nails . how many planks does john need for the house wall ?,12 17 14 25,+ number0 number1,29.0,"[1, 5, 6, 8, 9, 10, 11, 14, 15, 16, 17, 18, 20, 25, 26, 27, 34, 37, 38, 39, 48, 49, 50]",for the walls of the house he would use number0 large planks of wood and number1 small planks . if each large plank of wood needs number2 pieces of nails to be secured and each small plank needs number3 nails .,how many planks does john need for the house wall ?
they decided to hold the party in their backyard . if they have number0 sets of tables and each set has number1 chairs how many more chairs than tables do they have ?,5 10,- * number0 number1 number0,45.0,"[2, 10, 12, 13, 14, 15, 18, 20, 21, 22, 29, 30, 31]",they decided to hold the party in their backyard . if they have number0 sets of tables and each set has number1 chairs,how many more chairs than tables do they have ?
they decided to hold the party in their backyard . they have number0 sets of tables each having the same number of chairs . if there are a total of number1 chairs in the backyard how many chairs are there for each table ?,2 12,/ number1 number0,6.0,"[1, 40, 41, 42, 11, 12, 13, 15, 16, 29, 30, 31]",they decided to hold the party in their backyard . they have number0 sets of tables each having the same number of chairs . if there are a total of number1 chairs in the backyard,how many chairs are there for each table ?
they decided to hold the party in their backyard . they have some sets of tables each having the number0 chairs . if there are a total of number1 chairs in the backyard how many sets of tables do they have ?,3 9,/ number1 number0,3.0,"[38, 7, 39, 40, 16, 18, 19, 20, 27, 28, 29]",they decided to hold the party in their backyard . they have some sets of tables each having the number0 chairs . if there are a total of number1 chairs in the backyard,how many sets of tables do they have ?
they decided to hold the party in their backyard . if they have number0 sets of tables and each set has number1 chairs how many chairs do they have in the backyard ?,11 13,* number0 number1,143.0,"[2, 10, 12, 13, 14, 18, 20, 21, 22, 29, 30, 31]",they decided to hold the party in their backyard . if they have number0 sets of tables and each set has number1 chairs,how many chairs do they have in the backyard ?
they decided to hold the party in their backyard . they have number0 sets of tables and each set has number1 chairs . if there are number2 people sitting on chairs how many chairs are left unoccupied ?,10 6 11,- * number0 number1 number2,49.0,"[1, 2, 34, 35, 36, 9, 11, 12, 13, 17, 19, 20, 21, 25, 26, 27]",they decided to hold the party in their backyard . they have number0 sets of tables and each set has number1 chairs . if there are number2 people sitting on chairs,how many chairs are left unoccupied ?
they decided to hold the party in their backyard . they have number0 sets of tables and each set has number1 chairs . there are also number2 chairs extra . how many chairs do they have for the guests ?,12 14 6,+ * number0 number1 number2,174.0,"[1, 36, 5, 37, 38, 9, 11, 12, 13, 17, 19, 20, 21, 25, 26, 27]",they decided to hold the party in their backyard . they have number0 sets of tables and each set has number1 chairs . there are also number2 chairs extra .,how many chairs do they have for the guests ?
they decided to hold the party in their backyard . they have number0 sets of tables and each set has number1 chairs . if a total of number2 people will attend the party how many more chairs will they have to buy ?,4 3 14,- number2 * number0 number1,2.0,"[1, 39, 40, 9, 41, 11, 12, 13, 17, 18, 19, 20, 21, 26, 27, 28]",they decided to hold the party in their backyard . they have number0 sets of tables and each set has number1 chairs . if a total of number2 people will attend the party,how many more chairs will they have to buy ?
they decided to hold the party in their backyard . they have number0 chairs for each set of table . if they have number1 sets of tables how many more chairs than tables do they have ?,14 9,- * number1 number0 number1,117.0,"[1, 2, 33, 34, 35, 8, 9, 11, 12, 13, 15, 22, 23, 24]",they decided to hold the party in their backyard . they have number0 chairs for each set of table . if they have number1 sets of tables,how many more chairs than tables do they have ?
robin has some packages of gum . there are number0 pieces in each package and a total of number1 pieces of gum . how many packages does robin have ?,3 42,/ number1 number0,14.0,"[1, 8, 9, 10, 12, 17, 18, 19, 26, 27, 28]",robin has some packages of gum . there are number0 pieces in each package and a total of number1 pieces of gum .,how many packages does robin have ?
robin has number0 packages of gum . there are number1 pieces in each package . robin has number2 extra pieces of gum . how many pieces of gum does robin have ?,43 23 8,+ * number0 number1 number2,997.0,"[1, 2, 3, 7, 8, 9, 10, 12, 16, 17, 18, 19, 28, 29, 30]",robin has number0 packages of gum . there are number1 pieces in each package . robin has number2 extra pieces of gum .,how many pieces of gum does robin have ?
robin has some packages of gum . there are number0 pieces in each package . robin has number1 extra pieces of gum . in all the number of pieces of gums robin has is number2 . how many packages does robin have ?,7 6 41,/ - number2 number1 number0,5.0,"[33, 34, 1, 3, 39, 8, 9, 10, 40, 12, 41, 16, 17, 18, 19]",robin has some packages of gum . there are number0 pieces in each package . robin has number1 extra pieces of gum . in all the number of pieces of gums robin has is number2 .,how many packages does robin have ?
robin has number0 packages of gum and number1 packages of candy . there are number2 pieces in each package . how many pieces of gum does robin have ?,28 13 4,/ number0 number2,7.0,"[1, 2, 3, 6, 7, 8, 13, 14, 15, 17, 25, 26, 27]",robin has number0 packages of gum and number1 packages of candy . there are number2 pieces in each package .,how many pieces of gum does robin have ?
robin has number0 packages of gum and number1 packages of candy . there are number2 pieces in each package . how many pieces of candies does robin have ?,21 45 9,/ number1 number2,5.0,"[1, 2, 3, 6, 7, 8, 13, 14, 15, 17, 25, 26, 27]",robin has number0 packages of gum and number1 packages of candy . there are number2 pieces in each package .,how many pieces of candies does robin have ?
robin has number0 packages of gum and number1 packages of candy . there are number2 pieces in each package . how many pieces does robin have ?,28 14 6,/ + number0 number1 number2,7.0,"[1, 2, 3, 5, 6, 7, 8, 13, 14, 15, 17, 23, 24, 25]",robin has number0 packages of gum and number1 packages of candy . there are number2 pieces in each package .,how many pieces does robin have ?
he also had number0 aquariums for saltwater animals . the aquarium had number1 saltwater animals in total and every aquarium had the same number of animals . how many saltwater animals does each aquarium have ?,26 52,/ number1 number0,2.0,"[32, 1, 2, 3, 4, 33, 34, 7, 11, 12, 13, 14, 18]",he also had number0 aquariums for saltwater animals . the aquarium had number1 saltwater animals in total and every aquarium had the same number of animals .,how many saltwater animals does each aquarium have ?
he had a total of number0 saltwater animals in different aquariums . each aquarium has number1 animals in it . how many aquariums did he have ?,40 2,/ number0 number1,20.0,"[2, 4, 5, 6, 7, 12, 14, 15, 16, 23, 24, 25]",he had a total of number0 saltwater animals in different aquariums . each aquarium has number1 animals in it .,how many aquariums did he have ?
he also had number0 aquariums for saltwater animals and number1 aquariums for freshwater animals . each aquarium has number2 animals in it . how many saltwater animals does tyler have ?,56 10 39,* number0 number2,2184.0,"[1, 2, 3, 4, 6, 8, 9, 10, 12, 15, 17, 18, 19, 27, 28, 29]",he also had number0 aquariums for saltwater animals and number1 aquariums for freshwater animals . each aquarium has number2 animals in it .,how many saltwater animals does tyler have ?
he also had number0 aquariums for freshwater animals and number1 aquariums for saltwater animals . each aquarium has number2 animals in it . how many saltwater animals does tyler have ?,74 22 46,* number1 number2,1012.0,"[1, 2, 3, 4, 6, 8, 9, 10, 15, 17, 18, 19, 27, 28, 29]",he also had number0 aquariums for freshwater animals and number1 aquariums for saltwater animals . each aquarium has number2 animals in it .,how many saltwater animals does tyler have ?
he had number0 aquariums for saltwater animals and number1 aquariums for freshwater animals . each aquarium has number2 animals in it . how many animals does he have in total ?,15 62 19,* + number0 number1 number2,1463.0,"[1, 2, 3, 5, 7, 8, 9, 11, 14, 16, 17, 18, 27, 28, 29]",he had number0 aquariums for saltwater animals and number1 aquariums for freshwater animals . each aquarium has number2 animals in it .,how many animals does he have in total ?
adam could fit number0 action figures on each shelf in his room . his room has number1 shelves and number2 cabinets . how many total action figures could his shelves hold ?,11 4 40,* number0 number1,44.0,"[1, 2, 3, 4, 5, 7, 8, 15, 16, 17, 18, 19, 20, 28, 29, 30]",adam could fit number0 action figures on each shelf in his room . his room has number1 shelves and number2 cabinets .,how many total action figures could his shelves hold ?
adam could fit number0 action figures on each shelf in his room . his room has could hold number1 action figures . how many total shelves did his room have ?,10 8,* number1 number0,80.0,"[2, 3, 4, 5, 7, 17, 18, 19, 20, 27, 28, 29]",adam could fit number0 action figures on each shelf in his room . his room has could hold number1 action figures .,how many total shelves did his room have ?
adam could fit number0 action figures and number1 cabinets on each shelf in his room . his room has number2 shelves . how many total items could his shelves hold ?,8 10 4,* + number0 number1 number2,72.0,"[2, 3, 4, 5, 6, 7, 8, 10, 18, 19, 20, 27, 28, 29]",adam could fit number0 action figures and number1 cabinets on each shelf in his room . his room has number2 shelves .,how many total items could his shelves hold ?
melissa scored number0 points in each game . if she scored a total of number1 points how many games did she play ?,12 36,/ number1 number0,3.0,"[1, 2, 3, 5, 13, 14, 15, 19, 20, 21]",melissa scored number0 points in each game . if she scored a total of number1 points,how many games did she play ?
melissa played number0 games and scored a total of number1 points scoring the same for each game . how many points did she score in each game ?,3 81,/ number1 number0,27.0,"[1, 2, 3, 5, 8, 9, 10, 15, 24, 25, 26]",melissa played number0 games and scored a total of number1 points scoring the same for each game .,how many points did she score in each game ?
melissa scored number0 points in each game . she also got number1 bonus points in each game . how many points did she score in number2 games ?,109 82 79,* + number0 number1 number2,15089.0,"[1, 2, 3, 5, 10, 11, 12, 13, 15, 24, 25, 26]",melissa scored number0 points in each game . she also got number1 bonus points in each game .,how many points did she score in number2 games ?
melissa scored a total of number0 points playing some games . is she scored number1 points in each game . how many games did she play ?,21 7,/ number0 number1,3.0,"[2, 4, 5, 6, 13, 14, 15, 17, 23, 24, 25]",melissa scored a total of number0 points playing some games . is she scored number1 points in each game .,how many games did she play ?
melissa scored a total of number0 points in number1 games scoring the same for each game . how many points did she score in each game ?,91 13,/ number0 number1,7.0,"[1, 4, 5, 6, 7, 8, 9, 14, 23, 24, 25]",melissa scored a total of number0 points in number1 games scoring the same for each game .,how many points did she score in each game ?
if you had number0 bags with equal number of cookies and number1 cookies in total how many cookies does each bag have ?,4 36,/ number1 number0,9.0,"[2, 3, 4, 10, 11, 12, 16, 19, 20, 21]",if you had number0 bags with equal number of cookies and number1 cookies in total,how many cookies does each bag have ?
if you had number0 cookies and each bag has number1 cookies how many bags of cookies do you have ?,33 11,/ number0 number1,3.0,"[2, 3, 4, 6, 8, 9, 10, 16, 17, 18]",if you had number0 cookies and each bag has number1 cookies,how many bags of cookies do you have ?
if each bag has number0 cookies and you had number1 bags of cookies how many cookies would you have ?,41 53,* number1 number0,2173.0,"[1, 3, 4, 5, 8, 9, 10, 14, 16, 17, 18]",if each bag has number0 cookies and you had number1 bags of cookies,how many cookies would you have ?
if you have number0 cookies in total and number1 bags having equal number of cookies how many cookies does each bag have ?,14 7,/ number0 number1,2.0,"[2, 3, 4, 7, 8, 9, 16, 19, 20, 21]",if you have number0 cookies in total and number1 bags having equal number of cookies,how many cookies does each bag have ?
if each bag has number0 cookies and you had number1 cookies in total how many bags of cookies do you have ?,3 21,/ number1 number0,7.0,"[1, 3, 4, 5, 8, 9, 10, 18, 19, 20]",if each bag has number0 cookies and you had number1 cookies in total,how many bags of cookies do you have ?
you had number0 bags with equal number of cookies . if you had number1 candies and number2 cookies in total how many bags of cookies do you have ?,26 15 52,/ number2 number0,2.0,"[1, 2, 3, 11, 12, 13, 14, 15, 16, 17, 25, 26, 27]",you had number0 bags with equal number of cookies . if you had number1 candies and number2 cookies in total,how many bags of cookies do you have ?
you had number0 bags with equal number of cookies . if you had number1 cookies and number2 candies in total how many bags of cookies do you have ?,14 28 86,/ number1 number0,2.0,"[1, 2, 3, 11, 12, 13, 14, 15, 16, 17, 25, 26, 27]",you had number0 bags with equal number of cookies . if you had number1 cookies and number2 candies in total,how many bags of cookies do you have ?
there are number0 skittles in steven 's skittles collection . steven also has number1 erasers . if the skittles and erasers are organized into number2 groups how big is each group ?,4502 4276 154,/ + number0 number1 number2,57.0,"[1, 2, 3, 12, 13, 14, 23, 24, 25, 28, 29, 30]",there are number0 skittles in steven 's skittles collection . steven also has number1 erasers . if the skittles and erasers are organized into number2 groups,how big is each group ?
there are number0 skittles in steven 's skittles collection . steven also has number1 erasers . if the erasers are organized into number2 groups how big is each group ?,3941 4950 495,/ number1 number2,10.0,"[1, 2, 3, 12, 13, 14, 21, 22, 23, 26, 27, 28]",there are number0 skittles in steven 's skittles collection . steven also has number1 erasers . if the erasers are organized into number2 groups,how big is each group ?
there are number0 skittles in steven 's skittles collection . steven also has number1 erasers and number2 scales . if the skittles are organized into number3 groups how big is each group ?,896 517 90 8,/ number0 number3,112.0,"[1, 2, 3, 12, 13, 14, 15, 16, 17, 24, 25, 26, 29, 30, 31]",there are number0 skittles in steven 's skittles collection . steven also has number1 erasers and number2 scales . if the skittles are organized into number3 groups,how big is each group ?
faye was placing her pencils into number0 rows with number1 pencils in each row . how many pencils does she have ?,14 11,* number0 number1,154.0,"[1, 2, 5, 6, 7, 8, 9, 10, 12, 18, 19, 20]",faye was placing her pencils into number0 rows with number1 pencils in each row .,how many pencils does she have ?
faye was placing number0 pencils equally into number1 rows . how many pencils did she place in each row ?,12 3,/ number0 number1,4.0,"[1, 2, 3, 4, 5, 6, 7, 8, 16, 17, 18]",faye was placing number0 pencils equally into number1 rows .,how many pencils did she place in each row ?
faye was placing her pencils into rows with number0 pencils in each row . she had number1 packs of pencils each one having number2 pencils . how many rows could she make ?,16 28 24,* number1 / number2 number0,42.0,"[1, 2, 7, 8, 9, 11, 15, 16, 17, 20, 22, 23, 24, 29, 30, 31]",faye was placing her pencils into rows with number0 pencils in each row . she had number1 packs of pencils each one having number2 pencils .,how many rows could she make ?
faye was placing her pencils into rows with number0 pencils in each row . she had number1 packs of pencils each one having number2 pencils . how many pencils does she have ?,22 6 14,* number1 number2,84.0,"[1, 2, 5, 7, 8, 9, 11, 15, 16, 17, 20, 22, 23, 24, 29, 30, 31]",faye was placing her pencils into rows with number0 pencils in each row . she had number1 packs of pencils each one having number2 pencils .,how many pencils does she have ?
faye was placing her pencils into rows with number0 pencils in each row . if she had number1 pencils and number2 crayons how many rows could she make ?,5 35 7,/ number1 number0,7.0,"[2, 7, 8, 9, 11, 16, 17, 18, 19, 20, 21, 25, 26, 27]",faye was placing her pencils into rows with number0 pencils in each row . if she had number1 pencils and number2 crayons,how many rows could she make ?
faye was placing her pencils and crayons into number0 rows with number1 pencils and number2 crayons in each row . how many pencils does she have ?,19 4 27,* number0 number1,76.0,"[1, 2, 5, 7, 8, 9, 10, 11, 12, 13, 14, 15, 17, 23, 24, 25]",faye was placing her pencils and crayons into number0 rows with number1 pencils and number2 crayons in each row .,how many pencils does she have ?
faye was placing her pencils and crayons into number0 rows with number1 pencils and number2 crayons in each row . how many crayons does she have ?,7 36 30,* number0 number2,210.0,"[1, 2, 5, 7, 8, 9, 10, 11, 12, 13, 14, 15, 17, 23, 24, 25]",faye was placing her pencils and crayons into number0 rows with number1 pencils and number2 crayons in each row .,how many crayons does she have ?
faye was placing her pencils and crayons into number0 rows with number1 pencils and number2 crayons in each row . how many pencils and crayons does she have altogether ?,11 31 27,* + number1 number2 number0,638.0,"[1, 2, 7, 8, 9, 10, 11, 12, 13, 14, 15, 17, 26, 27, 28]",faye was placing her pencils and crayons into number0 rows with number1 pencils and number2 crayons in each row .,how many pencils and crayons does she have altogether ?
faye was placing number0 pencils into rows with number1 pencils in each row . how many rows could she make ?,30 5,/ number0 number1,6.0,"[2, 3, 4, 7, 8, 9, 11, 17, 18, 19]",faye was placing number0 pencils into rows with number1 pencils in each row .,how many rows could she make ?
faye was placing some pencils equally into number0 rows . if she had number1 pencils how many pencils did she place in each row ?,2 6,/ number1 number0,3.0,"[2, 6, 7, 8, 10, 12, 13, 14, 21, 22, 23]",faye was placing some pencils equally into number0 rows . if she had number1 pencils,how many pencils did she place in each row ?
faye had number0 packs of pencils each one having number1 pencils . she was placing her pencils into rows with number2 pencils in each row . how many rows could she make ?,35 4 2,* number0 / number1 number2,70.0,"[1, 2, 3, 6, 8, 9, 10, 19, 20, 21, 23, 29, 30, 31]",faye had number0 packs of pencils each one having number1 pencils . she was placing her pencils into rows with number2 pencils in each row .,how many rows could she make ?
faye had number0 packs of pencils each one having number1 pencils . she was placing her pencils into rows with number2 pencils in each row . how many pencils does she have ?,31 6 19,* number0 number1,186.0,"[1, 2, 3, 5, 6, 8, 9, 10, 19, 20, 21, 23, 29, 30, 31]",faye had number0 packs of pencils each one having number1 pencils . she was placing her pencils into rows with number2 pencils in each row .,how many pencils does she have ?
faye was placing her pencils and crayons into number0 rows with number1 crayons and number2 pencils in each row . how many pencils does she have ?,30 71 24,* number0 number2,720.0,"[1, 2, 5, 7, 8, 9, 10, 11, 12, 13, 14, 15, 17, 23, 24, 25]",faye was placing her pencils and crayons into number0 rows with number1 crayons and number2 pencils in each row .,how many pencils does she have ?
faye was placing her pencils and crayons into number0 rows with number1 crayons and number2 pencils in each row . how many crayons does she have ?,16 6 21,* number0 number1,96.0,"[1, 2, 5, 7, 8, 9, 10, 11, 12, 13, 14, 15, 17, 23, 24, 25]",faye was placing her pencils and crayons into number0 rows with number1 crayons and number2 pencils in each row .,how many crayons does she have ?
brenda 's mother made cookies for guests . if she prepared number0 cookies and each of them had number1 cookies how many guests did she prepare cookies for ?,38 19,/ number0 number1,2.0,"[2, 3, 9, 10, 11, 12, 14, 17, 18, 19, 25, 26, 27]",brenda 's mother made cookies for guests . if she prepared number0 cookies and each of them had number1 cookies,how many guests did she prepare cookies for ?
brenda 's mother made cookies for number0 . if each of them had number1 cookies how many cookies did she prepare ?,14 30,* number0 number1,420.0,"[3, 4, 5, 6, 8, 9, 12, 13, 14, 18, 19, 20]",brenda 's mother made cookies for number0 . if each of them had number1 cookies,how many cookies did she prepare ?
brenda 's mother made cookies for number0 . she prepared number1 cookies but had to throw away number2 cookies . if each of them had the same number of cookies how many did each of them have ?,5 22 17,/ - number1 number2 number0,1.0,"[33, 1, 3, 34, 5, 6, 7, 35, 9, 10, 11, 36, 16, 17, 18, 21]",brenda 's mother made cookies for number0 . she prepared number1 cookies but had to throw away number2 cookies . if each of them had the same number of cookies,how many did each of them have ?
brenda 's mother made cookies for number0 guests but number1 guests did not come . if she prepared number2 cookies and each guest had the same number of cookies how many did each of them have ?,10 9 18,/ number2 - number0 number1,18.0,"[32, 33, 2, 3, 34, 5, 6, 7, 8, 9, 10, 35, 13, 17, 18, 19, 21]",brenda 's mother made cookies for number0 guests but number1 guests did not come . if she prepared number2 cookies and each guest had the same number of cookies,how many did each of them have ?
brenda 's mother made number0 cookies for number1 guests . if each of them had the same number of cookies how many did each of them have ?,14 2,/ number0 number1,7.0,"[3, 4, 5, 6, 7, 8, 11, 23, 24, 25, 26]",brenda 's mother made number0 cookies for number1 guests . if each of them had the same number of cookies,how many did each of them have ?
brenda 's mother made cookies for guests . each guest had number0 cookies . if she prepared a total of number1 cookies how many guests did she prepare cookies for ?,2 10,/ number1 number0,5.0,"[2, 3, 8, 10, 11, 12, 13, 19, 20, 21, 27, 28, 29]",brenda 's mother made cookies for guests . each guest had number0 cookies . if she prepared a total of number1 cookies,how many guests did she prepare cookies for ?
an industrial machine can make number0 shirts per minute . it made number1 shirts in all . how many minutes was the machine working ?,3 6,/ number1 number0,2.0,"[1, 4, 5, 6, 7, 11, 12, 13, 21, 22, 23]",an industrial machine can make number0 shirts per minute . it made number1 shirts in all .,how many minutes was the machine working ?
an industrial machine worked for number0 minutes . it can make number1 shirts a minute . how many shirts did machine make ?,5 4,* number1 number0,20.0,"[1, 2, 4, 5, 6, 10, 11, 12, 19, 20, 21]",an industrial machine worked for number0 minutes . it can make number1 shirts a minute .,how many shirts did machine make ?
an industrial machine made number0 shirts yesterday and number1 shirts today . it can make number2 shirts a minute . how many minutes did the machine work yesterday ?,9 44 3,/ number0 number2,3.0,"[2, 3, 4, 5, 7, 8, 9, 14, 15, 16, 25, 26, 27]",an industrial machine made number0 shirts yesterday and number1 shirts today . it can make number2 shirts a minute .,how many minutes did the machine work yesterday ?
an industrial machine made number0 shirts yesterday and number1 shirts today . it can make number2 shirts a minute . how many minutes did the machine work in all ?,13 3 8,/ + number0 number1 number2,2.0,"[2, 3, 4, 5, 7, 8, 9, 14, 15, 16, 26, 27, 28]",an industrial machine made number0 shirts yesterday and number1 shirts today . it can make number2 shirts a minute .,how many minutes did the machine work in all ?
an industrial machine made number0 shirts yesterday and number1 shirts today . it can make number2 shirts a minute . how many minutes did the machine work today ?,9 8 2,/ number1 number2,4.0,"[2, 3, 4, 5, 7, 8, 9, 14, 15, 16, 25, 26, 27]",an industrial machine made number0 shirts yesterday and number1 shirts today . it can make number2 shirts a minute .,how many minutes did the machine work today ?
an industrial machine can make number0 shirts a minute . it made number1 shirts yesterday and number2 shirts today . how many minutes did the machine work in all ?,3 4 8,/ + number1 number2 number0,4.0,"[1, 4, 5, 6, 11, 12, 13, 15, 16, 17, 26, 27, 28]",an industrial machine can make number0 shirts a minute . it made number1 shirts yesterday and number2 shirts today .,how many minutes did the machine work in all ?
an industrial machine can make number0 shirts a minute . it worked for number1 minutes yesterday and for number2 shirts today . how many shirts did machine make altogether ?,6 12 14,* number0 + number1 number2,156.0,"[1, 4, 5, 6, 12, 13, 14, 17, 18, 19, 26, 27, 28]",an industrial machine can make number0 shirts a minute . it worked for number1 minutes yesterday and for number2 shirts today .,how many shirts did machine make altogether ?
an industrial machine can make number0 shirts a minute . it worked for number1 minutes yesterday and for number2 shirts today . how many shirts did machine make today ?,6 5 12,* number0 number2,72.0,"[1, 4, 5, 6, 12, 13, 14, 17, 18, 19, 26, 27, 28]",an industrial machine can make number0 shirts a minute . it worked for number1 minutes yesterday and for number2 shirts today .,how many shirts did machine make today ?
frank had number0 pieces of candy . if he put them equally into number1 bags how many pieces of candy are in each bag ?,42 2,/ number0 number1,21.0,"[1, 2, 3, 9, 12, 13, 14, 16, 21, 22, 23]",frank had number0 pieces of candy . if he put them equally into number1 bags,how many pieces of candy are in each bag ?
frank had some pieces of candy . if he put them into number0 bags with number1 pieces in each bag how many pieces of candy did he have ?,26 33,* number0 number1,858.0,"[1, 11, 12, 13, 14, 15, 16, 18, 20, 25, 26, 27]",frank had some pieces of candy . if he put them into number0 bags with number1 pieces in each bag,how many pieces of candy did he have ?
frank had number0 pieces of candy . he lost number1 of them . if he put the remaining pieces into bags with number2 pieces in each bag how many bags would he have ?,33 24 9,/ - number0 number1 number2,1.0,"[32, 1, 2, 3, 4, 8, 9, 10, 21, 22, 23, 25, 30, 31]",frank had number0 pieces of candy . he lost number1 of them . if he put the remaining pieces into bags with number2 pieces in each bag,how many bags would he have ?
frank put number0 pieces of candy in each bag . if he had number1 pieces of candy how many bags would he have ?,11 22,/ number1 number0,2.0,"[1, 2, 3, 7, 12, 13, 14, 20, 21, 22]",frank put number0 pieces of candy in each bag . if he had number1 pieces of candy,how many bags would he have ?
frank put some pieces of candy equally into number0 bags . if he had number1 pieces of candy how many pieces of candy are in each bag ?,2 16,/ number1 number0,8.0,"[1, 2, 7, 8, 9, 13, 14, 15, 24, 25, 26]",frank put some pieces of candy equally into number0 bags . if he had number1 pieces of candy,how many pieces of candy are in each bag ?
there are number0 bananas in philip 's banana collection . if the bananas are organized into groups of size number1 how many groups are there ?,18 2,/ number0 number1,9.0,"[1, 2, 3, 18, 19, 20, 22, 23, 24]",there are number0 bananas in philip 's banana collection . if the bananas are organized into groups of size number1,how many groups are there ?
there are some bananas in philip 's banana collection . if the bananas are organized into number0 groups of size number1 how many bananas does he have in his collection ?,140 187,* number0 number1,26180.0,"[15, 16, 17, 19, 20, 21, 27, 28, 29]",there are some bananas in philip 's banana collection . if the bananas are organized into number0 groups of size number1,how many bananas does he have in his collection ?
there are number0 bananas and number1 oranges in philip 's collection . if the bananas are organized into number2 groups and oranges are organized into number3 groups how big is each group of bananas ?,203 63 7 95,/ number0 number2,29.0,"[32, 1, 2, 3, 4, 5, 6, 33, 17, 18, 19, 24, 25, 26, 30, 31]",there are number0 bananas and number1 oranges in philip 's collection . if the bananas are organized into number2 groups and oranges are organized into number3 groups,how big is each group of bananas ?
there are number0 bananas and number1 oranges in philip 's collection . if the bananas are organized into number2 groups and oranges are organized into number3 groups how big is each group of oranges ?,142 356 47 178,/ number1 number3,2.0,"[32, 1, 2, 3, 4, 5, 6, 33, 17, 18, 19, 24, 25, 26, 30, 31]",there are number0 bananas and number1 oranges in philip 's collection . if the bananas are organized into number2 groups and oranges are organized into number3 groups,how big is each group of oranges ?
the bananas in philip 's collection are organized into number0 groups . if there are a total of number1 bananas in philip 's banana collection how big is each group ?,196 392,/ number1 number0,2.0,"[8, 9, 10, 17, 18, 19, 27, 28, 29]",the bananas in philip 's collection are organized into number0 groups . if there are a total of number1 bananas in philip 's banana collection,how big is each group ?
the bananas in philip 's collection are organized into groups of size number0 . if there are a total of number1 bananas in philip 's banana collection how many groups are there ?,18 180,/ number1 number0,10.0,"[11, 12, 19, 20, 21, 29, 30, 31]",the bananas in philip 's collection are organized into groups of size number0 . if there are a total of number1 bananas in philip 's banana collection,how many groups are there ?
there are number0 oranges and number1 bananas in philip 's collection . if the bananas are organized into number2 groups and oranges are organized into number3 groups how big is each group of bananas ?,87 290 2 93,/ number1 number2,145.0,"[32, 1, 2, 3, 4, 5, 6, 33, 17, 18, 19, 24, 25, 26, 30, 31]",there are number0 oranges and number1 bananas in philip 's collection . if the bananas are organized into number2 groups and oranges are organized into number3 groups,how big is each group of bananas ?
there are number0 oranges and number1 bananas in philip 's collection . if the bananas are organized into number2 groups and oranges are organized into number3 groups how big is each group of oranges ?,384 192 345 16,/ number0 number3,24.0,"[32, 1, 2, 3, 4, 5, 6, 33, 17, 18, 19, 24, 25, 26, 30, 31]",there are number0 oranges and number1 bananas in philip 's collection . if the bananas are organized into number2 groups and oranges are organized into number3 groups,how big is each group of oranges ?
in haley 's class number0 are boys who love to play marbles . if haley gives number1 marbles to each boy how many marbles did she have ?,11 9,* number0 number1,99.0,"[2, 3, 4, 5, 9, 10, 13, 15, 16, 17, 19, 24, 25, 26]",in haley 's class number0 are boys who love to play marbles . if haley gives number1 marbles to each boy,how many marbles did she have ?
in haley 's class some boys love to play marbles . if haley has number0 marbles and she gave number1 marbles to each boy how many boys did she give the marbles to ?,10 5,/ number0 number1,2.0,"[32, 2, 7, 8, 13, 14, 15, 18, 19, 20, 22, 30, 31]",in haley 's class some boys love to play marbles . if haley has number0 marbles and she gave number1 marbles to each boy,how many boys did she give the marbles to ?
in haley 's class number0 are boys who love to play marbles . if haley has number1 marbles and wants to keep number2 marbles for herself how many will each of the boys receive ?,4 23 15,/ - number1 number2 number0,2.0,"[32, 33, 2, 3, 4, 5, 8, 10, 15, 16, 17, 21, 22, 23, 29, 31]",in haley 's class number0 are boys who love to play marbles . if haley has number1 marbles and wants to keep number2 marbles for herself,how many will each of the boys receive ?
in haley 's class number0 boys love to play marbles and number1 boys love to play cards . if haley has number2 marbles how many will each of the boys receive ?,13 50 26,/ number2 number0,2.0,"[2, 3, 4, 5, 6, 8, 10, 11, 12, 13, 20, 21, 22, 26, 28, 29, 30]",in haley 's class number0 boys love to play marbles and number1 boys love to play cards . if haley has number2 marbles,how many will each of the boys receive ?
haley has number0 marbles . in her class number1 boys love to play marbles . if she distributes her marbles equally how many will each of the boys receive ?,20 2,/ number0 number1,10.0,"[1, 2, 3, 7, 8, 9, 24, 26, 27, 28]",haley has number0 marbles . in her class number1 boys love to play marbles . if she distributes her marbles equally,how many will each of the boys receive ?
in haley 's class some boys love to play marbles . haley gives number0 marbles to each boy . if she had number1 marbles how many boys did she give the marbles to ?,2 28,/ number1 number0,14.0,"[32, 1, 2, 8, 10, 12, 13, 14, 16, 21, 22, 23, 30, 31]",in haley 's class some boys love to play marbles . haley gives number0 marbles to each boy . if she had number1 marbles,how many boys did she give the marbles to ?
frank was reading through his favorite book . the book had number0 pages and he read number1 pages per day . how many days did he take to finish the book ?,392 14,/ number0 number1,28.0,"[2, 7, 10, 11, 12, 15, 16, 17, 18, 28, 29, 30]",frank was reading through his favorite book . the book had number0 pages and he read number1 pages per day .,how many days did he take to finish the book ?
frank was reading through his favorite book . he read number0 pages per day and it took him number1 days to finish the book . how many pages are there in the book ?,22 569,* number0 number1,12518.0,"[32, 1, 4, 8, 9, 10, 11, 12, 17, 18, 19, 30, 31]",frank was reading through his favorite book . he read number0 pages per day and it took him number1 days to finish the book .,how many pages are there in the book ?
frank was reading through his favorite book . the book had number0 pages equally distributed over number1 chapters . it took frank number2 days to finish the book . how many pages did he read per day ?,612 24 6,/ number0 number2,102.0,"[1, 2, 35, 34, 5, 36, 10, 11, 12, 15, 16, 17, 21, 22, 23]",frank was reading through his favorite book . the book had number0 pages equally distributed over number1 chapters . it took frank number2 days to finish the book .,how many pages did he read per day ?
frank was reading through his favorite book . the book had number0 pages equally distributed over number1 chapters . it took frank number2 days to finish the book . how many pages are in each chapter ?,555 5 220,/ number0 number1,111.0,"[1, 34, 2, 33, 35, 6, 10, 11, 12, 15, 16, 17, 21, 22, 23]",frank was reading through his favorite book . the book had number0 pages equally distributed over number1 chapters . it took frank number2 days to finish the book .,how many pages are in each chapter ?
frank was reading through his favorite book . the book had number0 pages equally distributed over number1 chapters . it took frank number2 days to finish the book . how many chapters did he read per day ?,193 15 660,/ number2 number1,44.0,"[1, 2, 35, 34, 5, 36, 10, 11, 12, 15, 16, 17, 21, 22, 23]",frank was reading through his favorite book . the book had number0 pages equally distributed over number1 chapters . it took frank number2 days to finish the book .,how many chapters did he read per day ?
frank was reading through some books . each book had number0 pages and it took frank number1 days to finish each book . how many pages did he read per day ?,249 3,/ number0 number1,83.0,"[1, 2, 5, 7, 9, 10, 11, 15, 16, 17, 20, 28, 29, 30]",frank was reading through some books . each book had number0 pages and it took frank number1 days to finish each book .,how many pages did he read per day ?
frank was reading through some books . each book had number0 pages and it took frank number1 days to finish each book . if he takes number2 days to finish all books how many books did he read ?,66 12 492,/ number2 number1,41.0,"[2, 35, 36, 37, 7, 9, 10, 11, 15, 16, 17, 20, 25, 26, 27]",frank was reading through some books . each book had number0 pages and it took frank number1 days to finish each book . if he takes number2 days to finish all books,how many books did he read ?
frank was reading through his favorite book . it took him number0 days to finish the book . if the book had number1 pages how many pages did he read per day ?,16 112,/ number1 number0,7.0,"[1, 3, 7, 10, 11, 12, 21, 22, 23, 29, 30, 31]",frank was reading through his favorite book . it took him number0 days to finish the book . if the book had number1 pages,how many pages did he read per day ?
frank was reading through his favorite book . he read number0 pages per day . if the book had number1 pages how many days did he take to finish the book ?,8 576,/ number1 number0,72.0,"[1, 3, 9, 10, 11, 12, 18, 19, 20, 28, 29, 30]",frank was reading through his favorite book . he read number0 pages per day . if the book had number1 pages,how many days did he take to finish the book ?
frank was reading through his favorite book . the book had number0 chapters each with number1 pages . it took frank number2 days to finish the book . how many pages did he read per day ?,41 450 30,/ number1 number2,15.0,"[1, 34, 2, 33, 5, 35, 10, 11, 12, 13, 14, 15, 16, 20, 21, 22]",frank was reading through his favorite book . the book had number0 chapters each with number1 pages . it took frank number2 days to finish the book .,how many pages did he read per day ?
frank was reading through his favorite book . the book had number0 chapters each with number1 pages . it took frank number2 days to finish the book . how many pages are in each chapter ?,3 594 607,/ number1 number0,198.0,"[32, 33, 2, 1, 34, 6, 10, 11, 12, 13, 14, 15, 16, 20, 21, 22]",frank was reading through his favorite book . the book had number0 chapters each with number1 pages . it took frank number2 days to finish the book .,how many pages are in each chapter ?
frank was reading through his favorite book . the book had number0 chapters each with number1 pages . it took frank number2 days to finish the book . how many chapters did he read per day ?,2 405 664,/ number2 number0,332.0,"[1, 34, 2, 33, 5, 35, 10, 11, 12, 13, 14, 15, 16, 20, 21, 22]",frank was reading through his favorite book . the book had number0 chapters each with number1 pages . it took frank number2 days to finish the book .,how many chapters did he read per day ?
luke played a trivia game and scored number0 points . if he gained the number1 points in each round how many rounds did he play ?,154 11,/ number0 number1,14.0,"[2, 6, 7, 8, 13, 14, 15, 17, 22, 23, 24]",luke played a trivia game and scored number0 points . if he gained the number1 points in each round,how many rounds did he play ?
luke played number0 rounds of a trivia game . if he gained number1 points in each round how many points did he score in the game ?,177 46,* number0 number1,8142.0,"[1, 2, 3, 9, 11, 12, 13, 15, 23, 24, 25]",luke played number0 rounds of a trivia game . if he gained number1 points in each round,how many points did he score in the game ?
luke scored number0 points after playing number1 rounds of a trivia game and . if he gained the same number of points each round how many points did he score per round ?,84 2,/ number0 number1,42.0,"[1, 2, 3, 5, 6, 7, 11, 15, 22, 29, 30, 31]",luke scored number0 points after playing number1 rounds of a trivia game and . if he gained the same number of points each round,how many points did he score per round ?
luke gained number0 points in each round of a game . if he played number1 rounds of a trivia game how many points did he score in the game ?,146 157,* number1 number0,22922.0,"[1, 2, 3, 5, 10, 13, 14, 15, 26, 27, 28]",luke gained number0 points in each round of a game . if he played number1 rounds of a trivia game,how many points did he score in the game ?
luke played a trivia game and gained number0 points in each round of a game . if he scored number1 points in the trivia game how many rounds did he play ?,3 78,/ number1 number0,26.0,"[2, 6, 7, 8, 10, 18, 19, 20, 28, 29, 30]",luke played a trivia game and gained number0 points in each round of a game . if he scored number1 points in the trivia game,how many rounds did he play ?
the school is planning a field trip . the school has number0 classrooms . there are number1 students in the school and number2 school buses . if all buses are full how many seats are in each bus ?,21 98 7,/ number1 number2,14.0,"[1, 2, 35, 36, 4, 37, 10, 11, 12, 15, 16, 17, 21, 22, 23, 24]",the school is planning a field trip . the school has number0 classrooms . there are number1 students in the school and number2 school buses . if all buses are full,how many seats are in each bus ?
the school is planning a field trip . the school has number0 classrooms . number1 school buses are fully filled with number2 seats on each school bus . how many students are in the school ?,84 95 118,* number1 number2,11210.0,"[32, 33, 2, 34, 10, 11, 12, 14, 15, 16, 20, 21, 22, 24]",the school is planning a field trip . the school has number0 classrooms . number1 school buses are fully filled with number2 seats on each school bus .,how many students are in the school ?
the school is planning a field trip . the school has number0 classrooms . there are number1 students in each classroom in the school . if there are number2 seats on each school bus how many buses are needed to take the trip ?,67 66 6,* number0 / number1 number2,737.0,"[1, 2, 40, 41, 10, 11, 12, 42, 15, 16, 17, 19, 27, 28, 29, 31]",the school is planning a field trip . the school has number0 classrooms . there are number1 students in each classroom in the school . if there are number2 seats on each school bus,how many buses are needed to take the trip ?
the school is planning a field trip . the school has number0 classrooms . there are number1 students in the school with each classroom having the same number of students . if there are number2 seats on each school bus . how many buses are needed to take the trip ?,87 58 2,/ number1 number2,29.0,"[33, 34, 35, 2, 37, 1, 10, 11, 12, 15, 16, 17, 47, 48, 49, 22]",the school is planning a field trip . the school has number0 classrooms . there are number1 students in the school with each classroom having the same number of students . if there are number2 seats on each school bus .,how many buses are needed to take the trip ?
the school is planning a field trip . the school has number0 classrooms . there are number1 students in the school with each classroom having the same number of students . there are number2 seats on each school bus . how many students are in each class ?,24 120 84,/ number1 number0,5.0,"[32, 33, 34, 2, 36, 1, 6, 10, 11, 12, 45, 44, 15, 16, 17, 46, 22]",the school is planning a field trip . the school has number0 classrooms . there are number1 students in the school with each classroom having the same number of students . there are number2 seats on each school bus .,how many students are in each class ?
the school is planning a field trip . the school has number0 classrooms . there are number1 students in the school and number2 seats on each school bus . if number3 students do n't want to go for the trip how many buses are needed to take the trip ?,66 102 8 22,/ - number1 number3 number2,10.0,"[1, 2, 5, 10, 11, 12, 46, 15, 16, 17, 47, 48, 21, 22, 23, 25, 29, 30, 31]",the school is planning a field trip . the school has number0 classrooms . there are number1 students in the school and number2 seats on each school bus . if number3 students do n't want to go for the trip,how many buses are needed to take the trip ?
the school is planning a field trip . the school has number0 classrooms . there are number1 students in the school and number2 seats on each school bus . if number3 students do n't want to go for the trip how many students are going on the trip ?,102 11 99 8,- number1 number3,3.0,"[1, 2, 5, 10, 11, 12, 45, 46, 15, 16, 17, 47, 21, 22, 23, 25, 29, 30, 31]",the school is planning a field trip . the school has number0 classrooms . there are number1 students in the school and number2 seats on each school bus . if number3 students do n't want to go for the trip,how many students are going on the trip ?
the school is planning a field trip . the school has number0 classrooms . there are number1 seats on each school bus . if there are a total of number2 students in the school how many buses are needed to take the trip ?,72 3 111,/ number2 number1,37.0,"[1, 2, 40, 41, 10, 11, 12, 42, 15, 16, 17, 19, 28, 29, 30]",the school is planning a field trip . the school has number0 classrooms . there are number1 seats on each school bus . if there are a total of number2 students in the school,how many buses are needed to take the trip ?
the school is planning a field trip . the school has number0 classrooms . there are number1 school buses and a total of number2 students in the school . if all buses are full how many seats are in each bus ?,17 46 92,/ number2 number1,2.0,"[1, 2, 4, 38, 39, 40, 10, 11, 12, 15, 16, 17, 18, 22, 23, 24]",the school is planning a field trip . the school has number0 classrooms . there are number1 school buses and a total of number2 students in the school . if all buses are full,how many seats are in each bus ?
the ring toss game at the carnival made the same amount of money each day . in total in number0 days they earned number1 dollars . how much did they make per day ?,5 165,/ number1 number0,33.0,"[32, 6, 13, 18, 19, 20, 22, 23, 24, 30, 31]",the ring toss game at the carnival made the same amount of money each day . in total in number0 days they earned number1 dollars .,how much did they make per day ?
the ring toss game at the carnival made number0 dollars per day . they were at the carnival for number1 days . how much money did they make ?,144 22,* number0 number1,3168.0,"[7, 8, 9, 10, 18, 19, 20, 25, 26, 27]",the ring toss game at the carnival made number0 dollars per day . they were at the carnival for number1 days .,how much money did they make ?
the ring toss game at the carnival made the same amount of money each day . in total in number0 days they earned number1 dollars . together with game they earned number2 dollars . how much did ring toss game make per day ?,30 420 22,/ number1 number0,14.0,"[32, 4, 6, 40, 41, 42, 13, 18, 19, 20, 22, 23, 24, 30, 31]",the ring toss game at the carnival made the same amount of money each day . in total in number0 days they earned number1 dollars . together with game they earned number2 dollars .,how much did ring toss game make per day ?
the ring toss game at the carnival made number0 dollars in the first number1 days and number2 dollars in the remaining number3 days . how much did they make in all ?,382 44 374 10,+ number0 number2,756.0,"[7, 8, 9, 12, 13, 14, 15, 16, 17, 20, 21, 22, 28, 29, 30]",the ring toss game at the carnival made number0 dollars in the first number1 days and number2 dollars in the remaining number3 days .,how much did they make in all ?
the ring toss game at the carnival made number0 dollars in the first number1 days and number2 dollars in the remaining number3 days . how much did they make per day in the first number4 days at the carnival ?,120 20 66 16 20,/ number0 number1,6.0,"[33, 34, 35, 36, 37, 38, 7, 8, 9, 12, 13, 14, 15, 16, 17, 20, 21, 22, 29]",the ring toss game at the carnival made number0 dollars in the first number1 days and number2 dollars in the remaining number3 days .,how much did they make per day in the first number4 days at the carnival ?
the ring toss game at the carnival made number0 dollars in the first number1 days and number2 dollars in the remaining number3 days . how much did they make per day in the remaining number4 days at the carnival ?,325 154 114 57 57,/ number2 number3,2.0,"[33, 34, 35, 36, 37, 38, 7, 8, 9, 12, 13, 14, 15, 16, 17, 20, 21, 22, 29]",the ring toss game at the carnival made number0 dollars in the first number1 days and number2 dollars in the remaining number3 days .,how much did they make per day in the remaining number4 days at the carnival ?
shirley sold number0 cases of boxes of trefoils . how many boxes of trefoils does she need to deliver if each case has number1 boxes ?,25 14,* number0 number1,350.0,"[1, 2, 3, 7, 13, 20, 22, 23, 24]",shirley sold number0 cases of boxes of trefoils .,how many boxes of trefoils does she need to deliver if each case has number1 boxes ?
shirley sold number0 boxes of trefoils . how many boxes are in each case if she needs to deliver number1 cases of boxes ?,10 5,/ number0 number1,2.0,"[1, 2, 3, 6, 11, 12, 18, 19, 20, 21, 22]",shirley sold number0 boxes of trefoils .,how many boxes are in each case if she needs to deliver number1 cases of boxes ?
matthew had some crackers . if matthew gave number0 crackers to each of his number1 friends how many crackers did matthew have ?,2 11,* number1 number0,22.0,"[1, 2, 7, 8, 9, 11, 12, 13, 14, 15, 16, 19, 20, 21]",matthew had some crackers . if matthew gave number0 crackers to each of his number1 friends,how many crackers did matthew have ?
matthew had number0 crackers to give to friends . if matthew gave number1 crackers to each his friends how many friends did he give crackers to ?,8 2,/ number0 number1,4.0,"[1, 2, 3, 11, 12, 13, 14, 15, 23, 24, 25]",matthew had number0 crackers to give to friends . if matthew gave number1 crackers to each his friends,how many friends did he give crackers to ?
matthew had number0 crackers . if matthew gave equal numbers of crackers to his number1 friends and still had number2 crackers left how many crackers did each friend eat ?,15 5 10,/ - number0 number2 number1,1.0,"[1, 2, 3, 13, 14, 15, 18, 19, 20, 23, 25, 26, 27, 28]",matthew had number0 crackers . if matthew gave equal numbers of crackers to his number1 friends and still had number2 crackers left,how many crackers did each friend eat ?
matthew had number0 crackers . if matthew gave equal numbers of crackers to his number1 friends and still had number2 crackers left how many crackers did matthew give to his friends ?,24 3 17,- number0 number2,7.0,"[1, 2, 3, 13, 14, 15, 18, 19, 20, 23, 27, 28, 29, 30]",matthew had number0 crackers . if matthew gave equal numbers of crackers to his number1 friends and still had number2 crackers left,how many crackers did matthew give to his friends ?
matthew had number0 crackers and number1 cakes . if matthew gave equal numbers of crackers and cakes to his number2 friends how many crackers did each person eat ?,22 34 11,/ number0 number2,2.0,"[1, 2, 3, 4, 5, 6, 18, 19, 20, 22, 24, 25, 26, 27]",matthew had number0 crackers and number1 cakes . if matthew gave equal numbers of crackers and cakes to his number2 friends,how many crackers did each person eat ?
matthew had number0 crackers and number1 cakes . if matthew gave equal numbers of crackers and cakes to his number2 friends how many cakes did each person eat ?,29 30 2,/ number1 number2,15.0,"[1, 2, 3, 4, 5, 6, 14, 16, 18, 19, 20, 25, 26, 27]",matthew had number0 crackers and number1 cakes . if matthew gave equal numbers of crackers and cakes to his number2 friends,how many cakes did each person eat ?
matthew had number0 crackers and number1 cakes . if matthew gave equal numbers of crackers and cakes to his number2 friends how many crackers and cakes did each person eat ?,14 21 7,/ + number0 number1 number2,5.0,"[1, 2, 3, 4, 5, 6, 18, 19, 20, 22, 26, 27, 28, 29]",matthew had number0 crackers and number1 cakes . if matthew gave equal numbers of crackers and cakes to his number2 friends,how many crackers and cakes did each person eat ?
matthew gave equal numbers of crackers to his number0 friends . if he had number1 crackers how many crackers did each person eat ?,18 36,/ number1 number0,2.0,"[2, 6, 7, 8, 9, 11, 13, 14, 15, 20, 21, 22]",matthew gave equal numbers of crackers to his number0 friends . if he had number1 crackers,how many crackers did each person eat ?
matthew gave number0 crackers to each his friends . if he had number1 crackers how many friends did he give crackers to ?,6 36,/ number1 number0,6.0,"[1, 2, 3, 5, 10, 11, 12, 13, 19, 20, 21]",matthew gave number0 crackers to each his friends . if he had number1 crackers,how many friends did he give crackers to ?
matthew had number0 crackers . he has number1 crackers left after he gave equal numbers of crackers to his number2 friends . how many crackers did each friend eat ?,23 11 2,/ - number0 number1 number2,6.0,"[1, 2, 3, 6, 7, 8, 18, 19, 20, 26, 27, 28]",matthew had number0 crackers . he has number1 crackers left after he gave equal numbers of crackers to his number2 friends .,how many crackers did each friend eat ?
matthew had number0 crackers . he has number1 crackers left after he gave equal numbers of crackers to his number2 friends . how many crackers did matthew give to his friends ?,31 23 5,- number0 number1,8.0,"[1, 2, 3, 5, 6, 7, 8, 18, 19, 20, 28, 29, 30]",matthew had number0 crackers . he has number1 crackers left after he gave equal numbers of crackers to his number2 friends .,how many crackers did matthew give to his friends ?
matthew gave equal numbers of crackers and cakes to his number0 friends . if he had number1 crackers and number2 cakes initially how many crackers did each person eat ?,4 32 98,/ number1 number0,8.0,"[2, 9, 10, 11, 15, 16, 17, 18, 19, 20, 26, 27, 28]",matthew gave equal numbers of crackers and cakes to his number0 friends . if he had number1 crackers and number2 cakes initially,how many crackers did each person eat ?
matthew gave equal numbers of crackers and cakes to his number0 friends . if he had number1 crackers and number2 cakes initially how many cakes did each person eat ?,4 10 8,/ number2 number0,2.0,"[2, 9, 10, 11, 15, 16, 17, 18, 19, 20, 26, 27, 28]",matthew gave equal numbers of crackers and cakes to his number0 friends . if he had number1 crackers and number2 cakes initially,how many cakes did each person eat ?
matthew gave equal numbers of crackers and cakes to his number0 friends . if he had number1 crackers and number2 cakes initially how many crackers and cakes did each person eat ?,28 13 15,/ + number1 number2 number0,1.0,"[2, 9, 10, 11, 14, 15, 16, 17, 18, 19, 20, 28, 29, 30]",matthew gave equal numbers of crackers and cakes to his number0 friends . if he had number1 crackers and number2 cakes initially,how many crackers and cakes did each person eat ?
rebecca wants to split a collection of marbles into groups of number0 . rebecca has number1 eggs and number2 marbles . how many groups will be created ?,4 10 20,/ number2 number0,5.0,"[1, 10, 11, 14, 15, 16, 17, 18, 19, 24, 25, 26]",rebecca wants to split a collection of marbles into groups of number0 . rebecca has number1 eggs and number2 marbles .,how many groups will be created ?
rebecca wants to split a collection of eggs into groups of number0 . rebecca has number1 marbles and number2 eggs . how many groups will be created ?,5 10 15,/ number2 number0,3.0,"[10, 11, 14, 15, 16, 17, 18, 19, 24, 25, 26]",rebecca wants to split a collection of eggs into groups of number0 . rebecca has number1 marbles and number2 eggs .,how many groups will be created ?
rebecca wants to split a collection of eggs into groups of number0 . if each group has number1 eggs how many eggs does rebecca have ?,11 2,* number0 number1,22.0,"[3, 7, 10, 11, 14, 16, 17, 18, 22, 23, 24]",rebecca wants to split a collection of eggs into groups of number0 . if each group has number1 eggs,how many eggs does rebecca have ?
rebecca wants to split a collection of eggs into number0 groups . rebecca has number1 eggs and number2 marbles . how many eggs will each group have ?,4 8 6,/ number1 number0,2.0,"[1, 6, 8, 9, 10, 13, 14, 15, 16, 17, 18, 24, 25, 26]",rebecca wants to split a collection of eggs into number0 groups . rebecca has number1 eggs and number2 marbles .,how many eggs will each group have ?
rebecca wants to split a collection of eggs into number0 groups . rebecca has number1 marbles and number2 eggs . how many eggs will each group have ?,3 4 15,/ number2 number0,5.0,"[1, 6, 8, 9, 10, 13, 14, 15, 16, 17, 18, 24, 25, 26]",rebecca wants to split a collection of eggs into number0 groups . rebecca has number1 marbles and number2 eggs .,how many eggs will each group have ?
rebecca wants to split a collection of eggs into groups of number0 . rebecca has number1 eggs number2 bananas and number3 marbles . how many groups will be created ?,6 18 72 66,/ number1 number0,3.0,"[1, 10, 11, 14, 15, 16, 17, 18, 19, 20, 21, 26, 27, 28]",rebecca wants to split a collection of eggs into groups of number0 . rebecca has number1 eggs number2 bananas and number3 marbles .,how many groups will be created ?
rebecca wants to split a collection of eggs into groups of number0 . rebecca has number1 bananas number2 eggs and number3 marbles . how many groups will be created ?,3 99 9 27,/ number2 number0,3.0,"[1, 10, 11, 14, 15, 16, 17, 18, 19, 20, 21, 26, 27, 28]",rebecca wants to split a collection of eggs into groups of number0 . rebecca has number1 bananas number2 eggs and number3 marbles .,how many groups will be created ?
rebecca wants to split a collection of eggs into groups of number0 . rebecca has number1 eggs and number2 marbles . how many more eggs does rebecca have than marbles ?,5 20 6,- number1 number2,14.0,"[1, 2, 6, 10, 11, 14, 15, 16, 17, 18, 19, 27, 28, 29]",rebecca wants to split a collection of eggs into groups of number0 . rebecca has number1 eggs and number2 marbles .,how many more eggs does rebecca have than marbles ?
rebecca wants to split a collection of eggs into groups of number0 . rebecca has number1 marbles and number2 eggs . how many more eggs does rebecca have than marbles ?,20 5 12,- number2 number1,7.0,"[1, 2, 6, 10, 11, 14, 15, 16, 17, 18, 19, 27, 28, 29]",rebecca wants to split a collection of eggs into groups of number0 . rebecca has number1 marbles and number2 eggs .,how many more eggs does rebecca have than marbles ?
paige was helping her mom plant flowers and together they planted some seeds . they put number0 seeds in each flower bed . if there are number1 flowerbeds how many seeds did they plant ?,10 45,* number0 number1,450.0,"[32, 1, 2, 33, 6, 10, 15, 16, 17, 19, 25, 26, 27, 31]",paige was helping her mom plant flowers and together they planted some seeds . they put number0 seeds in each flower bed . if there are number1 flowerbeds,how many seeds did they plant ?
paige was helping her mom plant flowers and together they planted number0 seeds in number1 flowerbeds . if they put same number of seeds in each flower bed how many seeds did they plant in each flowerbed ?,45 9,/ number0 number1,5.0,"[34, 35, 36, 10, 11, 12, 13, 14, 15, 16, 25]",paige was helping her mom plant flowers and together they planted number0 seeds in number1 flowerbeds . if they put same number of seeds in each flower bed,how many seeds did they plant in each flowerbed ?
paige was helping her mom plant flowers and together they planted number0 seeds . they put number1 seeds in each flower bed and only number2 seeds grew into flowers in each flower bed . how many flower beds did they have ?,36 12 58,/ number0 number1,3.0,"[1, 38, 39, 40, 10, 11, 12, 15, 16, 17, 19, 23, 24, 25, 30]",paige was helping her mom plant flowers and together they planted number0 seeds . they put number1 seeds in each flower bed and only number2 seeds grew into flowers in each flower bed .,how many flower beds did they have ?
paige was helping her mom plant flowers and together they planted number0 seeds . they put number1 seeds in each flower bed and only number2 seeds grew into flowers in each flower bed . how many flowers did they grow ?,55 15 60,* number2 / number0 number1,220.0,"[1, 37, 38, 39, 10, 11, 12, 15, 16, 17, 19, 23, 24, 25, 30]",paige was helping her mom plant flowers and together they planted number0 seeds . they put number1 seeds in each flower bed and only number2 seeds grew into flowers in each flower bed .,how many flowers did they grow ?
paige was helping her mom plant flowers and they put number0 seeds in each flower bed . if they planted number1 seeds altogther how many flower beds did they have ?,10 60,/ number1 number0,6.0,"[2, 9, 10, 11, 13, 19, 20, 21, 27, 28, 29]",paige was helping her mom plant flowers and they put number0 seeds in each flower bed . if they planted number1 seeds altogther,how many flower beds did they have ?
paige was helping her mom plant flowers in number0 flowerbeds . they planted number1 seeds altogether . if they put same number of seeds in each flower bed how many seeds did they plant in each flowerbed ?,8 32,/ number1 number0,4.0,"[1, 34, 35, 36, 7, 8, 9, 12, 13, 14, 16, 25]",paige was helping her mom plant flowers in number0 flowerbeds . they planted number1 seeds altogether . if they put same number of seeds in each flower bed,how many seeds did they plant in each flowerbed ?
a mailman has to give number0 pieces of junk mail to each block . if he gives number1 mails to each house in a block how many houses are there in a block ?,5 25,/ number1 number0,5.0,"[32, 2, 4, 5, 6, 11, 16, 17, 18, 20, 30, 31]",a mailman has to give number0 pieces of junk mail to each block . if he gives number1 mails to each house in a block,how many houses are there in a block ?
a mailman has to give number0 pieces of junk mail to each house in each block . if there are number1 houses on a block how many pieces of junk mail should he give in each block ?,9 20,* number0 number1,180.0,"[2, 35, 4, 5, 6, 34, 36, 9, 11, 14, 19, 20, 21]",a mailman has to give number0 pieces of junk mail to each house in each block . if there are number1 houses on a block,how many pieces of junk mail should he give in each block ?
there are number0 houses on a block . if a mailman has to give number1 pieces of junk mail to each block how many pieces of junk mail should he give in each house ?,6 24,/ number1 number0,4.0,"[32, 1, 2, 3, 33, 5, 13, 14, 15, 20, 22, 31]",there are number0 houses on a block . if a mailman has to give number1 pieces of junk mail to each block,how many pieces of junk mail should he give in each house ?
a mailman gives number0 junk mails to each house in a block . if the mailman has to give number1 pieces of junk mail to each block . how many houses are there in a block ?,14 2,/ number0 number1,7.0,"[33, 2, 3, 4, 5, 34, 7, 35, 18, 19, 20, 25]",a mailman gives number0 junk mails to each house in a block . if the mailman has to give number1 pieces of junk mail to each block .,how many houses are there in a block ?
there are number0 houses in a block . if a mailman has to give number1 pieces of junk mail to each house in each block how many pieces of junk mail should he give each block ?,20 32,* number1 number0,640.0,"[1, 2, 3, 34, 5, 33, 35, 13, 14, 15, 18, 20, 23, 25]",there are number0 houses in a block . if a mailman has to give number1 pieces of junk mail to each house in each block,how many pieces of junk mail should he give each block ?
a mailman has to give number0 pieces of junk mail to each of the number1 blocks . if there are number2 houses on a block how many pieces of junk mail should he give each house ?,30 78 19,* number0 number2,570.0,"[33, 34, 2, 4, 5, 6, 35, 9, 11, 13, 14, 15, 19, 20, 21]",a mailman has to give number0 pieces of junk mail to each of the number1 blocks . if there are number2 houses on a block,how many pieces of junk mail should he give each house ?
a mailman has to give number0 pieces of junk mail to each of the number1 blocks . if he gives number2 mails to each house in a block how many houses are there in a block ?,8 55 32,/ number2 number0,4.0,"[33, 2, 34, 4, 5, 6, 35, 11, 13, 14, 15, 19, 20, 21, 23]",a mailman has to give number0 pieces of junk mail to each of the number1 blocks . if he gives number2 mails to each house in a block,how many houses are there in a block ?
a mailman has to give number0 pieces of junk mail to each house in each of the number1 blocks . if there are number2 houses in each block how many pieces of junk mail should he give in each block ?,4 81 12,* number0 number2,48.0,"[2, 4, 5, 6, 38, 37, 9, 39, 11, 14, 16, 17, 18, 22, 23, 24, 26]",a mailman has to give number0 pieces of junk mail to each house in each of the number1 blocks . if there are number2 houses in each block,how many pieces of junk mail should he give in each block ?
a mailman has to give number0 pieces of junk mail to each house in each of the number1 blocks . if there are number2 houses in each block how many pieces of junk mail should he give in total ?,4 16 17,* * number0 number2 number1,1088.0,"[2, 4, 5, 6, 36, 37, 9, 38, 11, 14, 16, 17, 18, 22, 23, 24, 26]",a mailman has to give number0 pieces of junk mail to each house in each of the number1 blocks . if there are number2 houses in each block,how many pieces of junk mail should he give in total ?
"Bryan took a look at his books as well . If Bryan has number0 books in each of his number1 bookshelves , how many books does he have in total ?",56.0 9.0,* number0 number1,504.0,"[12, 13, 14, 18, 19, 20, 27, 28, 29]","Bryan took a look at his books as well . If Bryan has number0 books in each of his number1 bookshelves ,",how many books does he have in total ?
"For the fifth grade play , the chairs have been put into number0 rows with number1 chairs in each row . How many chairs have been put out for the play ?",27.0 16.0,* number0 number1,432.0,"[11, 12, 13, 14, 15, 16, 28, 29, 30]","For the fifth grade play , the chairs have been put into number0 rows with number1 chairs in each row .",How many chairs have been put out for the play ?
There are number0 short trees and number1 tall trees currently in the park . Park workers will plant number2 short trees today . How many short trees will the park have when the workers are finished ?,41.0 44.0 57.0,+ number0 number2,98.0,"[1, 2, 3, 5, 6, 7, 17, 18, 19, 33, 34, 35]",There are number0 short trees and number1 tall trees currently in the park . Park workers will plant number2 short trees today .,How many short trees will the park have when the workers are finished ?
Conner has number0 dollars in his bank account . Every month he spends number1 dollars . He does not add money to the account . How much money will Conner have in his account after number2 months ?,25000.0 1500.0 8.0,- number0 * number1 number2,13000.0,"[1, 2, 3, 12, 13, 14, 34, 35, 36, 34, 35, 36]",Conner has number0 dollars in his bank account . Every month he spends number1 dollars . He does not add money to the account .,How much money will Conner have in his account after number2 months ?
There are number0 dogwood trees currently in the park . Park workers will plant number1 dogwood trees today . How many dogwood trees will the park have when the workers are finished ?,34.0 49.0,+ number0 number1,83.0,"[1, 2, 3, 13, 14, 15, 29, 30, 31]",There are number0 dogwood trees currently in the park . Park workers will plant number1 dogwood trees today .,How many dogwood trees will the park have when the workers are finished ?
Maggi had number0 packages of cupcakes . There are number1 cupcakes in each package . She ate number2 cupcakes . How many are left ?,3.0 4.0 5.0,* number0 number1,12.0,"[1, 2, 3, 8, 9, 10, 16, 17, 18, 21, 22, 23]",Maggi had number0 packages of cupcakes . There are number1 cupcakes in each package . She ate number2 cupcakes .,How many are left ?
"You deposit number0 dollars in a savings account that pays an annual interest rate of number1 % . How much simple interest would you earn in number2 years , in dollars ?",70.0 3.0 2.5,* * * number0 number1 number2 0.01,5.25,"[1, 2, 3, 14, 15, 16, 25, 26, 27, 28, 29, 30]",You deposit number0 dollars in a savings account that pays an annual interest rate of number1 % .,"How much simple interest would you earn in number2 years , in dollars ?"
Emily collects number0 cards . Emily 's father gives Emily number1 more . Bruce has number2 apples . How many cards does Emily have ?,63.0 7.0 13.0,+ number0 number1,70.0,"[1, 2, 3, 9, 10, 11, 14, 15, 16, 21, 22, 23]",Emily collects number0 cards . Emily 's father gives Emily number1 more . Bruce has number2 apples .,How many cards does Emily have ?
"A chef needs to cook number0 potatoes . He has already cooked number1 . If each potato takes number2 minutes to cook , how long will it take him to cook the rest ?",15.0 8.0 9.0,* number2 - number0 number1,63.0,"[4, 5, 6, 11, 12, 13, 17, 18, 19, 30, 31, 32]","A chef needs to cook number0 potatoes . He has already cooked number1 . If each potato takes number2 minutes to cook ,",how long will it take him to cook the rest ?
It takes number0 apples to make number1 pie . How many apples does it take to make number2 pies ?,4.0 1.0 504.0,* number0 number2,2016.0,"[1, 2, 3, 5, 6, 7, 16, 17, 18, 16, 17, 18]",It takes number0 apples to make number1 pie .,How many apples does it take to make number2 pies ?
"Isabel baked number0 brownies , but needed number1 total for her party . If she used number2 cups of flour on each one , how much cups of flour does she still need ?",3.0 5.0 5.0,* number1 - number1 number0,10.0,"[1, 2, 3, 6, 7, 8, 15, 16, 17, 30, 31, 32]","Isabel baked number0 brownies , but needed number1 total for her party . If she used number2 cups of flour on each one ,",how much cups of flour does she still need ?
Mary is baking a cake . The recipe calls for number0 cups of flour and number1 cups of sugar . She already put in number2 cups of flour . How many cups of flour does she need to add ?,7.0 3.0 2.0,- number0 number2,5.0,"[9, 10, 11, 14, 15, 16, 23, 24, 25, 36, 37, 38]",Mary is baking a cake . The recipe calls for number0 cups of flour and number1 cups of sugar . She already put in number2 cups of flour .,How many cups of flour does she need to add ?
Rachel bought two coloring books . One had number0 pictures and the other had number1 . After one week she had already colored number2 of the pictures . How many pictures does she still have to color ?,24.0 39.0 4.0,- + number0 number1 number2,59.0,"[7, 8, 9, 13, 14, 15, 22, 23, 24, 34, 35, 36]",Rachel bought two coloring books . One had number0 pictures and the other had number1 . After one week she had already colored number2 of the pictures .,How many pictures does she still have to color ?
"Sean has number0 apples . Susan gives Sean number1 more . Later , Sean buys number2 tickets at the store . How many apples does Sean have in all ?",9.0 8.0 18.0,+ number0 number1,17.0,"[1, 2, 3, 7, 8, 9, 14, 15, 16, 26, 27, 28]","Sean has number0 apples . Susan gives Sean number1 more . Later , Sean buys number2 tickets at the store .",How many apples does Sean have in all ?
A DVD book holds number0 DVDs . There are number1 DVDs already in the book . How many more DVDs can be put in the book ?,126.0 81.0,- number0 number1,45.0,"[3, 4, 5, 8, 9, 10, 23, 24, 25]",A DVD book holds number0 DVDs . There are number1 DVDs already in the book .,How many more DVDs can be put in the book ?
Amy starts with number0 peanuts . Gerald gives Amy number1 more . How many peanuts does Amy end with ?,7.0 55.0,+ number0 number1,62.0,"[2, 3, 4, 8, 9, 10, 16, 17, 18]",Amy starts with number0 peanuts . Gerald gives Amy number1 more .,How many peanuts does Amy end with ?
"Frank made number0 dollars mowing lawns over the summer . If he spent number1 dollars buying new mower blades , how many number2 dollar games could he buy with the money he had left ?",19.0 11.0 2.0,/ - number0 number1 number2,4.0,"[1, 2, 3, 12, 13, 14, 21, 22, 23, 31, 32, 33]","Frank made number0 dollars mowing lawns over the summer . If he spent number1 dollars buying new mower blades ,",how many number2 dollar games could he buy with the money he had left ?
James has number0 balloons . Amy has number1 balloons . How many more balloons does James have than Amy ?,232.0 101.0,- number0 number1,131.0,"[1, 2, 3, 6, 7, 8, 16, 17, 18]",James has number0 balloons . Amy has number1 balloons .,How many more balloons does James have than Amy ?
Beth has number0 packs of crayons . Each pack has number1 crayons in it . She also has number2 extra crayons . How many crayons does Beth have altogether ?,4.0 10.0 6.0,* number0 number1,40.0,"[1, 2, 3, 9, 10, 11, 17, 18, 19, 26, 27, 28]",Beth has number0 packs of crayons . Each pack has number1 crayons in it . She also has number2 extra crayons .,How many crayons does Beth have altogether ?
"Bianca had number0 coloring books . If she gave away number1 of them , but then bought number2 more , how many would she have total ?",45.0 6.0 20.0,- + number0 number2 number1,59.0,"[1, 2, 3, 9, 10, 11, 16, 17, 18, 23, 24, 25]","Bianca had number0 coloring books . If she gave away number1 of them , but then bought number2 more ,",how many would she have total ?
"A company invited number0 people to a luncheon , but number1 of them did n't show up . If the tables they had held number2 people each , how many tables do they need ?",18.0 12.0 3.0,/ - number0 number1 number2,2.0,"[2, 3, 4, 9, 10, 11, 23, 24, 25, 31, 32, 33]","A company invited number0 people to a luncheon , but number1 of them did n't show up . If the tables they had held number2 people each ,",how many tables do they need ?
"An oil pipe in the sea broke . Before engineers started to fix the pipe , number0 liters of oil leaked into the water . While the engineers worked , the pipe leaked number1 liters of oil . In all , how many liters of oil leaked into the water ?",6522.0 5165.0,+ number0 number1,11687.0,"[15, 16, 17, 32, 33, 34, 47, 48, 49]","An oil pipe in the sea broke . Before engineers started to fix the pipe , number0 liters of oil leaked into the water . While the engineers worked , the pipe leaked number1 liters of oil . In all ,",how many liters of oil leaked into the water ?
Sara has saved number0 quarters from washing cars . How many cents does Sara have ?,11.0,* number0 25.0,275.0,"[2, 3, 4, 14, 15, 16]",Sara has saved number0 quarters from washing cars .,How many cents does Sara have ?
"A construction company ordered number0 ton of concrete , number1 ton of bricks , and number2 ton of stone . How many tons of material did the company order in all ?",0.16666666666666666 0.16666666666666666 0.5,+ + number0 number0 number2,0.8333333333333334,"[3, 4, 5, 8, 9, 10, 14, 15, 16, 28, 29, 30]","A construction company ordered number0 ton of concrete , number1 ton of bricks , and number2 ton of stone .",How many tons of material did the company order in all ?
"Jessica grew number0 watermelons and number1 carrots , but the rabbits ate number2 watermelons . How many watermelons does Jessica have ?",35.0 30.0 27.0,- number0 number2,8.0,"[1, 2, 3, 4, 5, 6, 11, 12, 13, 18, 19, 20]","Jessica grew number0 watermelons and number1 carrots , but the rabbits ate number2 watermelons .",How many watermelons does Jessica have ?
"Jazmin had number0 dolls and Geraldine had number1 dolls . If they put their dolls together , how many would they have ?",1209.0 2186.0,+ number0 number1,3395.0,"[1, 2, 3, 6, 7, 8, 19, 20, 21]","Jazmin had number0 dolls and Geraldine had number1 dolls . If they put their dolls together ,",how many would they have ?
"Jerry was helping the cafeteria workers pick up lunch trays , but he could only carry number0 trays at a time . If he had to pick up number1 trays from one table and number2 trays from another , how many trips will he make ?",8.0 9.0 7.0,/ + number1 number2 number0,2.0,"[15, 16, 17, 27, 28, 29, 33, 34, 35, 42, 43, 44]","Jerry was helping the cafeteria workers pick up lunch trays , but he could only carry number0 trays at a time . If he had to pick up number1 trays from one table and number2 trays from another ,",how many trips will he make ?
Mrs. Hilt measured the distance from her desk to the water fountain . It was number0 feet . How many feet will Mrs. Hilt walk on her trips to the fountain if she goes to the water fountain number1 times today ?,30.0 4.0,* number0 number1,120.0,"[14, 15, 16, 37, 38, 39, 38, 39, 40]",Mrs. Hilt measured the distance from her desk to the water fountain . It was number0 feet .,How many feet will Mrs. Hilt walk on her trips to the fountain if she goes to the water fountain number1 times today ?
"Last year , number0 people were born in a country , and number1 people immigrated to it . How many new people began living in the country last year ?",90171.0 16320.0,+ number0 number1,106491.0,"[2, 3, 4, 11, 12, 13, 26, 27, 28]","Last year , number0 people were born in a country , and number1 people immigrated to it .",How many new people began living in the country last year ?
Christine wandered number0 miles at number1 miles per hour . How long did Christine wander ?,20.0 4.0,/ number0 number1,5.0,"[1, 2, 3, 4, 5, 6, 12, 13, 14]",Christine wandered number0 miles at number1 miles per hour .,How long did Christine wander ?
Emily was planting vegetables in her garden . She started with number0 seeds and planted number1 of them in the big garden and in each of her small gardens put number2 seeds each . How many small gardens did Emily have ?,42.0 36.0 2.0,/ - number0 number1 number2,3.0,"[10, 11, 12, 14, 15, 16, 29, 30, 31, 38, 39, 40]",Emily was planting vegetables in her garden . She started with number0 seeds and planted number1 of them in the big garden and in each of her small gardens put number2 seeds each .,How many small gardens did Emily have ?
"Dana earns $ number0 per hour . She worked number1 hours on Friday , number2 hours on Saturday , and number3 hours on Sunday . How much money did Dana earn in all ?",13.0 9.0 10.0 3.0,* number0 + + number1 number2 number3,286.0,"[2, 3, 4, 8, 9, 10, 13, 14, 15, 19, 20, 21, 30, 31, 32]","Dana earns $ number0 per hour . She worked number1 hours on Friday , number2 hours on Saturday , and number3 hours on Sunday .",How much money did Dana earn in all ?
"Nancy picked number0 carrots from her garden . If she threw out number1 of them and then picked number2 more the next day , how many carrots would she have total ?",12.0 2.0 21.0,- + number0 number2 number1,31.0,"[1, 2, 3, 11, 12, 13, 17, 18, 19, 28, 29, 30]","Nancy picked number0 carrots from her garden . If she threw out number1 of them and then picked number2 more the next day ,",how many carrots would she have total ?
"My dog had some bones . Then , he dug up number0 bones . Now he has number1 bones . How many bones did he start with ?",367.0 860.0,- number1 number0,493.0,"[10, 11, 12, 16, 17, 18, 24, 25, 26]","My dog had some bones . Then , he dug up number0 bones . Now he has number1 bones .",How many bones did he start with ?
"There are number0 gallons of water in Becky 's fish tank . If Becky adds number1 gallons more , how many gallons will there be in all ?",7.75 7.0,+ number0 number1,14.75,"[1, 2, 3, 14, 15, 16, 24, 25, 26]","There are number0 gallons of water in Becky 's fish tank . If Becky adds number1 gallons more ,",how many gallons will there be in all ?
"While playing a trivia game , Adam answered number0 questions correct in the first half and number1 questions correct in the second half . If each question was worth number2 points , what was his final score ?",5.0 5.0 5.0,* number0 + number0 number0,50.0,"[7, 8, 9, 15, 16, 17, 28, 29, 30, 34, 35, 36]","While playing a trivia game , Adam answered number0 questions correct in the first half and number1 questions correct in the second half . If each question was worth number2 points ,",what was his final score ?
"Haley and her friends were recycling paper for their class . For every number0 pounds they recycled they earned one point . If Haley recycled number1 pounds and her friends recycled number2 pounds , how many points did they earn ?",3.0 11.0 16.0,/ + number1 number2 number0,9.0,"[12, 13, 14, 24, 25, 26, 30, 31, 32, 37, 38, 39]","Haley and her friends were recycling paper for their class . For every number0 pounds they recycled they earned one point . If Haley recycled number1 pounds and her friends recycled number2 pounds ,",how many points did they earn ?
Mike had number0 peaches at his roadside fruit dish . He went to the orchard and picked peaches to stock up . There are now number1 peaches . how many did he pick ?,34.0 86.0,- number1 number0,52.0,"[1, 2, 3, 24, 25, 26, 30, 31, 32]",Mike had number0 peaches at his roadside fruit dish . He went to the orchard and picked peaches to stock up . There are now number1 peaches .,how many did he pick ?
Paige was unboxing some of her old winter clothes . She found number0 boxes of clothing and inside each box there were number1 scarves and number2 mittens . How many pieces of winter clothing did Paige have total ?,6.0 5.0 5.0,* number0 + number1 number1,60.0,"[11, 12, 13, 21, 22, 23, 24, 25, 26, 35, 36, 37]",Paige was unboxing some of her old winter clothes . She found number0 boxes of clothing and inside each box there were number1 scarves and number2 mittens .,How many pieces of winter clothing did Paige have total ?
Sally saw number0 dozen birds in a tree . How many birds did Sally see ?,1.0,* number0 12.0,12.0,"[1, 2, 3, 12, 13, 14]",Sally saw number0 dozen birds in a tree .,How many birds did Sally see ?
"A waiter had number0 customers in his section . If number1 of them left and the rest of his tables had number2 people at each table , how many tables did he have ?",21.0 12.0 3.0,/ - number0 number1 number2,3.0,"[2, 3, 4, 9, 10, 11, 20, 21, 22, 30, 31, 32]","A waiter had number0 customers in his section . If number1 of them left and the rest of his tables had number2 people at each table ,",how many tables did he have ?
Todd has some gum . Steve gave him number0 more pieces of gum . Now Todd has number1 pieces of gum . How many pieces did Todd have to start with ?,16.0 54.0,- number1 number0,38.0,"[7, 8, 9, 16, 17, 18, 30, 31, 32]",Todd has some gum . Steve gave him number0 more pieces of gum . Now Todd has number1 pieces of gum .,How many pieces did Todd have to start with ?
"Mike made number0 dollars mowing lawns over the summer . If he spent number1 dollars buying new mower blades , how many number2 dollar games could he buy with the money he had left ?",69.0 24.0 5.0,/ - number0 number1 number2,9.0,"[1, 2, 3, 12, 13, 14, 21, 22, 23, 31, 32, 33]","Mike made number0 dollars mowing lawns over the summer . If he spent number1 dollars buying new mower blades ,",how many number2 dollar games could he buy with the money he had left ?
"Gwen was organizing her book case making sure each of the shelves had exactly number0 books on it . If she had number1 shelves of mystery books and number2 shelves of picture books , how many books did she have total ?",4.0 5.0 3.0,* number0 + number1 number2,32.0,"[13, 14, 15, 21, 22, 23, 27, 28, 29, 38, 39, 40]","Gwen was organizing her book case making sure each of the shelves had exactly number0 books on it . If she had number1 shelves of mystery books and number2 shelves of picture books ,",how many books did she have total ?
"Paul had saved up number0 dollars . If he received another number1 dollars for his allowance , how many number2 dollar toys could he buy ?",4.0 11.0 5.0,/ + number0 number1 number2,3.0,"[3, 4, 5, 10, 11, 12, 18, 19, 20, 22, 23, 24]","Paul had saved up number0 dollars . If he received another number1 dollars for his allowance ,",how many number2 dollar toys could he buy ?
Mary starts with number0 eggs . She finds another number1 . How many eggs does Mary end with ?,27.0 4.0,+ number0 number1,31.0,"[2, 3, 4, 8, 9, 10, 15, 16, 17]",Mary starts with number0 eggs . She finds another number1 .,How many eggs does Mary end with ?
"Brandy made trail mix for a backpacking trip . She used number0 pound of peanuts , number1 pound of chocolate chips , and number2 pound of raisins . How many pounds of trail mix did Brandy make ?",0.16666666666666666 0.16666666666666666 0.08333333333333333,+ + number0 number0 number2,0.4166666666666667,"[10, 11, 12, 15, 16, 17, 22, 23, 24, 34, 35, 36]","Brandy made trail mix for a backpacking trip . She used number0 pound of peanuts , number1 pound of chocolate chips , and number2 pound of raisins .",How many pounds of trail mix did Brandy make ?
Bridget weighs number0 pounds . Martha weighs number1 pounds . How much heavier is Bridget than Martha ?,39.0 2.0,- number0 number1,37.0,"[1, 2, 3, 6, 7, 8, 14, 15, 16]",Bridget weighs number0 pounds . Martha weighs number1 pounds .,How much heavier is Bridget than Martha ?
For Halloween Bianca received number0 pieces of candy . She ate number1 pieces then placed the rest into piles with number2 in each pile . How many piles could she make ?,78.0 30.0 8.0,/ - number0 number1 number2,6.0,"[3, 4, 5, 10, 11, 12, 19, 20, 21, 28, 29, 30]",For Halloween Bianca received number0 pieces of candy . She ate number1 pieces then placed the rest into piles with number2 in each pile .,How many piles could she make ?
There are number0 pencils in the drawer . Sara placed number1 pencils in the drawer . How many pencils are now there in all ?,115.0 100.0,+ number0 number1,215.0,"[1, 2, 3, 9, 10, 11, 21, 22, 23]",There are number0 pencils in the drawer . Sara placed number1 pencils in the drawer .,How many pencils are now there in all ?
"While playing at the arcade , Luke won number0 tickets playing ' whack a mole ' and number1 tickets playing ' skee ball ' . If he was trying to buy candy that cost number2 tickets a piece , how many could he buy ?",2.0 13.0 3.0,/ + number0 number1 number2,5.0,"[7, 8, 9, 16, 17, 18, 33, 34, 35, 41, 42, 43]","While playing at the arcade , Luke won number0 tickets playing ' whack a mole ' and number1 tickets playing ' skee ball ' . If he was trying to buy candy that cost number2 tickets a piece ,",how many could he buy ?
A multi - national corporation has number0 part - time employees and number1 full - time employees . How many employees work for the corporation ?,2041.0 63093.0,+ number0 number1,65134.0,"[5, 6, 7, 11, 12, 13, 22, 23, 24]",A multi - national corporation has number0 part - time employees and number1 full - time employees .,How many employees work for the corporation ?
A box of books weighs number0 pounds . Each book weighs number1 pounds . How many books are there in the box ?,42.0 3.0,/ number0 number1,14.0,"[4, 5, 6, 10, 11, 12, 19, 20, 21]",A box of books weighs number0 pounds . Each book weighs number1 pounds .,How many books are there in the box ?
You have number0 balloons and your friend has number1 balloons . How many more balloons do you have than your friend ?,7.0 5.0,- number0 number1,2.0,"[1, 2, 3, 7, 8, 9, 20, 21, 22]",You have number0 balloons and your friend has number1 balloons .,How many more balloons do you have than your friend ?
"At lunch a waiter had number0 customers and number1 of them did n't leave a tip . If he got $ number2 each from the ones who did tip , how much money did he earn ?",10.0 5.0 3.0,* number2 - number0 number1,15.0,"[4, 5, 6, 7, 8, 9, 20, 21, 22, 33, 34, 35]","At lunch a waiter had number0 customers and number1 of them did n't leave a tip . If he got $ number2 each from the ones who did tip ,",how much money did he earn ?
"There are number0 students trying out for the school 's trivia teams . If number1 of them did n't get picked for the team and the rest were put into number2 groups , how many students would be in each group ?",17.0 5.0 3.0,/ - number0 number1 number2,4.0,"[1, 2, 3, 13, 14, 15, 29, 30, 31, 38, 39, 40]","There are number0 students trying out for the school 's trivia teams . If number1 of them did n't get picked for the team and the rest were put into number2 groups ,",how many students would be in each group ?
"An oil pipe in the sea broke . Before engineers started to fix the pipe , number0 gallons of oil leaked into the water . A total of number1 gallons of oil leaked before the pipe was fixed . How many gallons of oil leaked while the engineers were fixing the pipe ?",2475.0 6206.0,- number1 number0,3731.0,"[15, 16, 17, 27, 28, 29, 49, 50, 51]","An oil pipe in the sea broke . Before engineers started to fix the pipe , number0 gallons of oil leaked into the water . A total of number1 gallons of oil leaked before the pipe was fixed .",How many gallons of oil leaked while the engineers were fixing the pipe ?
"If Benjamin skated number0 kilometers at number1 kilometers per hour , how long was Benjamin skating ?",80.0 10.0,/ number0 number1,8.0,"[2, 3, 4, 5, 6, 7, 13, 14, 15]","If Benjamin skated number0 kilometers at number1 kilometers per hour ,",how long was Benjamin skating ?
A pet store had number0 puppies . In one day they sold number1 of them and put the rest into cages with number2 in each cage . How many cages did they use ?,88.0 34.0 6.0,/ - number0 number1 number2,9.0,"[3, 4, 5, 11, 12, 13, 21, 22, 23, 30, 31, 32]",A pet store had number0 puppies . In one day they sold number1 of them and put the rest into cages with number2 in each cage .,How many cages did they use ?
"Dave bought number0 boxes of chocolate candy and gave number1 to his little brother . If each box has number2 pieces inside it , how many pieces did Dave still have ?",12.0 5.0 3.0,* number2 - number0 number1,21.0,"[1, 2, 3, 8, 9, 10, 18, 19, 20, 28, 29, 30]","Dave bought number0 boxes of chocolate candy and gave number1 to his little brother . If each box has number2 pieces inside it ,",how many pieces did Dave still have ?
"Mike found number0 seashells and number1 starfish , but number2 of the seashells were broken . How many unbroken seashells did Mike find ?",6.0 4.0 4.0,- number0 number1,2.0,"[1, 2, 3, 4, 5, 6, 8, 9, 10, 20, 21, 22]","Mike found number0 seashells and number1 starfish , but number2 of the seashells were broken .",How many unbroken seashells did Mike find ?
"There are number0 students trying out for the school 's trivia teams . If number1 of them did n't get picked for the team and the rest were put into number2 groups , how many students would be in each group ?",64.0 36.0 4.0,/ - number0 number1 number2,7.0,"[1, 2, 3, 13, 14, 15, 29, 30, 31, 38, 39, 40]","There are number0 students trying out for the school 's trivia teams . If number1 of them did n't get picked for the team and the rest were put into number2 groups ,",how many students would be in each group ?
Mrs. Hilt bought number0 pizzas for $ number1 each . What was the total amount she paid for the three pizzas ?,3.0 8.0,* number0 number1,24.0,"[2, 3, 4, 6, 7, 8, 18, 19, 20]",Mrs. Hilt bought number0 pizzas for $ number1 each .,What was the total amount she paid for the three pizzas ?
"The school cafeteria ordered number0 red apples and number1 green apples for students lunches . But , if only number2 students wanted fruit , how many extra did the cafeteria end up with ?",43.0 32.0 2.0,- + number0 number1 number2,73.0,"[3, 4, 5, 7, 8, 9, 18, 19, 20, 30, 31, 32]","The school cafeteria ordered number0 red apples and number1 green apples for students lunches . But , if only number2 students wanted fruit ,",how many extra did the cafeteria end up with ?
"There were number0 girls and number1 boys trying out for the schools basketball team . If only number2 of them got called back , how many students did n't make the cut ?",39.0 4.0 26.0,- + number0 number1 number2,17.0,"[1, 2, 3, 4, 5, 6, 16, 17, 18, 29, 30, 31]","There were number0 girls and number1 boys trying out for the schools basketball team . If only number2 of them got called back ,",how many students did n't make the cut ?
Each ticket costs $ number0 . How much do number1 tickets cost ?,9.0 4.0,* number0 number1,36.0,"[3, 4, 5, 8, 9, 10, 9, 10, 11]",Each ticket costs $ number0 .,How much do number1 tickets cost ?
"Recently , the value of Kate 's retirement fund decreased by $ number0 . If her fund was worth $ number1 before , how much is it worth now ?",12.0 1472.0,- number1 number0,1460.0,"[11, 12, 13, 19, 20, 21, 26, 27, 28]","Recently , the value of Kate 's retirement fund decreased by $ number0 . If her fund was worth $ number1 before ,",how much is it worth now ?
A sandbox is number0 centimeters long and number1 centimeters wide . How many square centimeters of ground does the sandbox cover ?,312.0 146.0,* number0 number1,45552.0,"[2, 3, 4, 6, 7, 8, 18, 19, 20]",A sandbox is number0 centimeters long and number1 centimeters wide .,How many square centimeters of ground does the sandbox cover ?
"A pet store has number0 bird cages . If each cage has number1 parrots and number2 parakeets in it , how many birds does the pet store have total ?",9.0 2.0 6.0,* number0 + number1 number2,72.0,"[3, 4, 5, 11, 12, 13, 14, 15, 16, 26, 27, 28]","A pet store has number0 bird cages . If each cage has number1 parrots and number2 parakeets in it ,",how many birds does the pet store have total ?
Mrs. Hilt bought an ice cream cone for number0 cents . How much would number1 ice cream cones cost ?,99.0 2.0,* number0 number1,198.0,"[7, 8, 9, 13, 14, 15, 16, 17, 18]",Mrs. Hilt bought an ice cream cone for number0 cents .,How much would number1 ice cream cones cost ?
Sally has number0 blue balloons . Fred has number1 times more blue balloons than Sally . How many blue balloons does Fred have now ?,6.0 3.0,* number0 number1,18.0,"[1, 2, 3, 7, 8, 9, 23, 24, 25]",Sally has number0 blue balloons . Fred has number1 times more blue balloons than Sally .,How many blue balloons does Fred have now ?
"If Joan bicycled number0 miles at number1 miles per hour , how long was Joan travelling ?",25.0 5.0,/ number0 number1,5.0,"[2, 3, 4, 5, 6, 7, 13, 14, 15]","If Joan bicycled number0 miles at number1 miles per hour ,",how long was Joan travelling ?
"Each child has number0 bottle caps . If there are number1 children , how many bottle caps are there in total ?",5.0 9.0,* number0 number1,45.0,"[2, 3, 4, 9, 10, 11, 18, 19, 20]","Each child has number0 bottle caps . If there are number1 children ,",how many bottle caps are there in total ?
Jesse ’ s room is number0 feet long and number1 feet wide . How much carpet does she need to cover the whole floor ?,12.0 8.0,* number0 number1,96.0,"[3, 4, 5, 7, 8, 9, 20, 21, 22]",Jesse ’ s room is number0 feet long and number1 feet wide .,How much carpet does she need to cover the whole floor ?
There are number0 cupcakes for number1 children to share . How much will each person get if they share the cupcakes equally ?,96.0 8.0,/ number0 number1,12.0,"[1, 2, 3, 4, 5, 6, 19, 20, 21]",There are number0 cupcakes for number1 children to share .,How much will each person get if they share the cupcakes equally ?
Nancy has number0 black balloons . Mary has number1 times more black balloons than Nancy . How many black balloons does Mary have now ?,7.0 4.0,* number0 number1,28.0,"[1, 2, 3, 7, 8, 9, 23, 24, 25]",Nancy has number0 black balloons . Mary has number1 times more black balloons than Nancy .,How many black balloons does Mary have now ?
"The junior ranger asked Christian to help him place number0 seedlings in packets . If every packet needs to contain number1 seeds , how many packets do they need ?",420.0 7.0,/ number0 number1,60.0,"[8, 9, 10, 19, 20, 21, 26, 27, 28]","The junior ranger asked Christian to help him place number0 seedlings in packets . If every packet needs to contain number1 seeds ,",how many packets do they need ?
"A pet store has number0 bird cages . If each cage has number1 parrots and number2 parakeets in it , how many birds does the pet store have total ?",6.0 6.0 2.0,* number0 + number0 number2,48.0,"[3, 4, 5, 11, 12, 13, 14, 15, 16, 26, 27, 28]","A pet store has number0 bird cages . If each cage has number1 parrots and number2 parakeets in it ,",how many birds does the pet store have total ?
For Halloween Haley scored number0 pieces of candy . She ate number1 pieces the first night and then her sister gave her number2 more pieces . How many pieces of candy does Haley have now ?,33.0 17.0 19.0,- + number0 number2 number1,35.0,"[3, 4, 5, 10, 11, 12, 21, 22, 23, 32, 33, 34]",For Halloween Haley scored number0 pieces of candy . She ate number1 pieces the first night and then her sister gave her number2 more pieces .,How many pieces of candy does Haley have now ?
"There were originally number0 houses in Lincoln County . During a housing boom , developers built number1 . How many houses are there now in Lincoln County ?",20817.0 97741.0,+ number0 number1,118558.0,"[2, 3, 4, 15, 16, 17, 24, 25, 26]","There were originally number0 houses in Lincoln County . During a housing boom , developers built number1 .",How many houses are there now in Lincoln County ?
The Hawks scored number0 touchdowns worth number1 points each . How many points do they have ?,3.0 7.0,* number0 number1,21.0,"[2, 3, 4, 5, 6, 7, 13, 14, 15]",The Hawks scored number0 touchdowns worth number1 points each .,How many points do they have ?
Sara picked number0 pears and Tim picked number1 pears from the pear tree . How many pears were picked in total ?,6.0 5.0,+ number0 number1,11.0,"[1, 2, 3, 6, 7, 8, 18, 19, 20]",Sara picked number0 pears and Tim picked number1 pears from the pear tree .,How many pears were picked in total ?
"Soft drinks are on sale at the grocery store for number0 dollars for a number1 pack . How much would each can of soft drink cost if purchased individually , in dollars ?",2.99 12.0,/ number0 number1,0.25,"[9, 10, 11, 13, 14, 15, 29, 30, 31]",Soft drinks are on sale at the grocery store for number0 dollars for a number1 pack .,"How much would each can of soft drink cost if purchased individually , in dollars ?"
"Paige had number0 math problems and number1 science problems for homework . If she finished number2 of the problems at school , how many problems did she have to do for homework ?",43.0 12.0 44.0,- + number0 number1 number2,11.0,"[1, 2, 3, 5, 6, 7, 14, 15, 16, 29, 30, 31]","Paige had number0 math problems and number1 science problems for homework . If she finished number2 of the problems at school ,",how many problems did she have to do for homework ?
"The school cafeteria ordered number0 red apples and number1 green apples for students lunches . But , if only number2 students wanted fruit , how many extra did the cafeteria end up with ?",25.0 17.0 10.0,- + number0 number1 number2,32.0,"[3, 4, 5, 7, 8, 9, 18, 19, 20, 30, 31, 32]","The school cafeteria ordered number0 red apples and number1 green apples for students lunches . But , if only number2 students wanted fruit ,",how many extra did the cafeteria end up with ?
Mandy made an apple pie . She used number0 tablespoon of cinnamon and number1 tablespoon of nutmeg . How much more cinnamon than nutmeg did Mandy use ?,0.6666666666666666 0.5,- number0 number1,0.16666666666666666,"[7, 8, 9, 12, 13, 14, 24, 25, 26]",Mandy made an apple pie . She used number0 tablespoon of cinnamon and number1 tablespoon of nutmeg .,How much more cinnamon than nutmeg did Mandy use ?
"Bridget has number0 Skittles . Henry has number1 Skittles . If Henry gives all of his Skittles to Bridget , how many Skittles will Bridget have ?",4.0 4.0,+ number0 number0,8.0,"[1, 2, 3, 6, 7, 8, 23, 24, 25]","Bridget has number0 Skittles . Henry has number1 Skittles . If Henry gives all of his Skittles to Bridget ,",how many Skittles will Bridget have ?
"A textbook costs a bookstore number0 dollars , and the store sells it for number1 dollars . Find the amount of profit based on the selling price .",44.0 55.0,- number1 number0,11.0,"[4, 5, 6, 13, 14, 15, 24, 25, 26]","A textbook costs a bookstore number0 dollars , and the store sells it for number1 dollars .",Find the amount of profit based on the selling price .
"Each child has number0 bottle caps . If there are number1 children , how many bottle caps are there in total ?",5.0 9.0,* number0 number1,45.0,"[2, 3, 4, 9, 10, 11, 18, 19, 20]","Each child has number0 bottle caps . If there are number1 children ,",how many bottle caps are there in total ?
"While playing a trivia game , Mike answered number0 questions correct in the first half and number1 questions correct in the second half . If each question was worth number2 points , what was his final score ?",3.0 5.0 3.0,* number0 + number0 number1,24.0,"[7, 8, 9, 15, 16, 17, 28, 29, 30, 34, 35, 36]","While playing a trivia game , Mike answered number0 questions correct in the first half and number1 questions correct in the second half . If each question was worth number2 points ,",what was his final score ?
"At Mrs. Hilt 's house , there was number0 inches of snow , and Brecknock Elementary School received number1 inches of snow . How much more snow did Mrs. Hilt 's house have ?",29.0 17.0,- number0 number1,12.0,"[7, 8, 9, 17, 18, 19, 32, 33, 34]","At Mrs. Hilt 's house , there was number0 inches of snow , and Brecknock Elementary School received number1 inches of snow .",How much more snow did Mrs. Hilt 's house have ?
At a company picnic number0 managers and number1 employees decided to start a game of volleyball . If they split into number2 teams how many people would be on each team ?,9.0 15.0 8.0,/ + number0 number1 number2,3.0,"[3, 4, 5, 6, 7, 8, 20, 21, 22, 28, 29, 30]",At a company picnic number0 managers and number1 employees decided to start a game of volleyball . If they split into number2 teams,how many people would be on each team ?
"There were number0 friends playing a video game online when number1 more players joined the game . If each player had number2 lives , how many lives did they have total ?",7.0 2.0 7.0,* number0 + number0 number1,63.0,"[1, 2, 3, 9, 10, 11, 20, 21, 22, 28, 29, 30]","There were number0 friends playing a video game online when number1 more players joined the game . If each player had number2 lives ,",how many lives did they have total ?
Anna starts with number0 candies . She gets number1 more from Larry . How many candies does Anna end with ?,5.0 86.0,+ number0 number1,91.0,"[2, 3, 4, 7, 8, 9, 17, 18, 19]",Anna starts with number0 candies . She gets number1 more from Larry .,How many candies does Anna end with ?
"A worksheet had number0 problems on it . If a teacher had number1 worksheets to grade and had already graded number2 of them , how many more problems does she have to grade ?",4.0 9.0 5.0,* number0 - number1 number2,16.0,"[2, 3, 4, 11, 12, 13, 19, 20, 21, 30, 31, 32]","A worksheet had number0 problems on it . If a teacher had number1 worksheets to grade and had already graded number2 of them ,",how many more problems does she have to grade ?
Mrs. Hilt saw number0 bees in the hive . The next day she saw number1 times that many . How many bees did she see on the second day ?,144.0 3.0,* number0 number1,432.0,"[2, 3, 4, 13, 14, 15, 26, 27, 28]",Mrs. Hilt saw number0 bees in the hive . The next day she saw number1 times that many .,How many bees did she see on the second day ?
"Fred has number0 red balloons , Sam has number1 red balloons , and Dan has number2 red balloons . The balloons cost number3 dollars . How many red balloons do they have in all ?",10.0 46.0 16.0 10.0,+ + number0 number1 number2,72.0,"[1, 2, 3, 7, 8, 9, 14, 15, 16, 21, 22, 23, 31, 32, 33]","Fred has number0 red balloons , Sam has number1 red balloons , and Dan has number2 red balloons . The balloons cost number3 dollars .",How many red balloons do they have in all ?
Evelyn starts with number0 Skittles . She shares number1 with Christine . How many Skittles does Evelyn end with ?,76.0 72.0,- number0 number1,4.0,"[2, 3, 4, 7, 8, 9, 16, 17, 18]",Evelyn starts with number0 Skittles . She shares number1 with Christine .,How many Skittles does Evelyn end with ?
A carpenter bought a piece of wood that was number0 centimeters long . Then he sawed number1 centimeters off the end . How long is the piece of wood now ?,8.9 2.3,- number0 number1,6.6,"[8, 9, 10, 15, 16, 17, 27, 28, 29]",A carpenter bought a piece of wood that was number0 centimeters long . Then he sawed number1 centimeters off the end .,How long is the piece of wood now ?
A store had number0 oranges in a bin . If they threw away number1 of the old ones and put number2 new ones in the bin how many would be in the bin ?,34.0 20.0 13.0,- + number0 number2 number1,27.0,"[2, 3, 4, 12, 13, 14, 19, 20, 21, 30, 31, 32]",A store had number0 oranges in a bin . If they threw away number1 of the old ones and put number2 new ones in the bin,how many would be in the bin ?
Tim has number0 books . Mike has number1 books . How many books do they have together ?,22.0 20.0,+ number0 number1,42.0,"[1, 2, 3, 6, 7, 8, 16, 17, 18]",Tim has number0 books . Mike has number1 books .,How many books do they have together ?
Melanie had number0 dimes in her bank . Her dad gave her number1 dimes and her mother gave her number2 dimes . How many dimes does Melanie have now ?,7.0 8.0 4.0,+ + number0 number1 number2,19.0,"[1, 2, 3, 11, 12, 13, 18, 19, 20, 26, 27, 28]",Melanie had number0 dimes in her bank . Her dad gave her number1 dimes and her mother gave her number2 dimes .,How many dimes does Melanie have now ?
A car traveled number0 kilometers in number1 hours . What was its average speed ?,715.0 11.0,/ number0 number1,65.0,"[2, 3, 4, 5, 6, 7, 11, 12, 13]",A car traveled number0 kilometers in number1 hours .,What was its average speed ?
There are number0 dogwood trees currently in the park . Park workers will plant number1 dogwood trees today and number2 dogwood trees tomorrow . How many dogwood trees will the park have when the workers are finished ?,7.0 3.0 2.0,+ + number0 number1 number2,12.0,"[1, 2, 3, 13, 14, 15, 18, 19, 20, 34, 35, 36]",There are number0 dogwood trees currently in the park . Park workers will plant number1 dogwood trees today and number2 dogwood trees tomorrow .,How many dogwood trees will the park have when the workers are finished ?
There are number0 bottle caps in each box . How many bottle caps are in number1 boxes ?,9.0 6.0,* number0 number1,54.0,"[1, 2, 3, 14, 15, 16, 14, 15, 16]",There are number0 bottle caps in each box .,How many bottle caps are in number1 boxes ?
"Gwen was organizing her book case making sure each of the shelves had exactly number0 books on it . If she had number1 shelves of mystery books and number2 shelves of picture books , how many books did she have total ?",9.0 3.0 5.0,* number0 + number1 number2,72.0,"[13, 14, 15, 21, 22, 23, 27, 28, 29, 38, 39, 40]","Gwen was organizing her book case making sure each of the shelves had exactly number0 books on it . If she had number1 shelves of mystery books and number2 shelves of picture books ,",how many books did she have total ?
"Megan was organizing her book case making sure each of the shelves had exactly number0 books on it . If she had number1 shelves of mystery books and number2 shelves of picture books , how many books did she have total ?",7.0 8.0 2.0,* number0 + number1 number2,70.0,"[13, 14, 15, 21, 22, 23, 27, 28, 29, 38, 39, 40]","Megan was organizing her book case making sure each of the shelves had exactly number0 books on it . If she had number1 shelves of mystery books and number2 shelves of picture books ,",how many books did she have total ?
"Karen added number0 cup of walnuts to a batch of trail mix . Later , she added number1 cup of almonds . How many cups of nuts did Karen put in the trail mix in all ?",0.25 0.25,+ number0 number0,0.5,"[1, 2, 3, 16, 17, 18, 33, 34, 35]","Karen added number0 cup of walnuts to a batch of trail mix . Later , she added number1 cup of almonds .",How many cups of nuts did Karen put in the trail mix in all ?
There are number0 scissors and number1 pencils in the drawer . Dan placed number2 scissors in the drawer . How many scissors are now there in total ?,39.0 22.0 13.0,+ number0 number2,52.0,"[1, 2, 3, 4, 5, 6, 12, 13, 14, 24, 25, 26]",There are number0 scissors and number1 pencils in the drawer . Dan placed number2 scissors in the drawer .,How many scissors are now there in total ?
Sara goes fishing with Melanie . Sara catches number0 trout . Melanie catches number1 times as many trout as Sara . How many trout did Melanie catch ?,5.0 2.0,* number0 number1,10.0,"[7, 8, 9, 12, 13, 14, 24, 25, 26]",Sara goes fishing with Melanie . Sara catches number0 trout . Melanie catches number1 times as many trout as Sara .,How many trout did Melanie catch ?
Cade had number0 marbles . He gave number1 to Dylan . How many does he have left ?,87.0 8.0,- number0 number1,79.0,"[1, 2, 3, 6, 7, 8, 14, 15, 16]",Cade had number0 marbles . He gave number1 to Dylan .,How many does he have left ?
"Karin 's science class weighed plastic rings for an experiment . They found that the orange ring weighed number0 ounce , the purple ring weighed number1 ounce , and the white ring weighed number2 ounce . What was the total weight of the plastic rings ?",0.08333333333333333 0.3333333333333333 0.4166666666666667,+ + number0 number1 number2,0.8333333333333334,"[17, 18, 19, 24, 25, 26, 32, 33, 34, 42, 43, 44]","Karin 's science class weighed plastic rings for an experiment . They found that the orange ring weighed number0 ounce , the purple ring weighed number1 ounce , and the white ring weighed number2 ounce .",What was the total weight of the plastic rings ?
A group of number0 friends went into a restaurant . The chef already had number1 chicken wings cooked but cooked number2 more for the group . If they each got the same amount how many would each person get ?,3.0 8.0 10.0,/ + number1 number2 number0,6.0,"[2, 3, 4, 13, 14, 15, 19, 20, 21, 36, 37, 38]",A group of number0 friends went into a restaurant . The chef already had number1 chicken wings cooked but cooked number2 more for the group . If they each got the same amount,how many would each person get ?
Lucy has number0 fish . How many more fish does she need to buy to have number1 fish ?,212.0 280.0,- number1 number0,68.0,"[1, 2, 3, 15, 16, 17, 15, 16, 17]",Lucy has number0 fish .,How many more fish does she need to buy to have number1 fish ?
There are number0 bananas in a pile on the desk . Each banana comes in a package of number1 . number2 bananas are added to the pile . How many bananas are there in the pile ?,2.0 13.0 7.0,+ number0 number2,9.0,"[1, 2, 3, 17, 18, 19, 19, 20, 21, 33, 34, 35]",There are number0 bananas in a pile on the desk . Each banana comes in a package of number1 . number2 bananas are added to the pile .,How many bananas are there in the pile ?
"Terrell hiked number0 miles on Saturday . Then , on Sunday , he hiked another number1 miles . How far did Terrell hike all together ?",8.2 1.6,+ number0 number1,9.8,"[1, 2, 3, 14, 15, 16, 22, 23, 24]","Terrell hiked number0 miles on Saturday . Then , on Sunday , he hiked another number1 miles .",How far did Terrell hike all together ?
"Allyson plays for the cook county regional football league which has number0 teams . During a season , each team plays the other team number1 twice , once at home and one away . How many total games are played in one season ?",10.0 2.0,/ * * number0 - number0 1.0 number1 number1,90.0,"[10, 11, 12, 23, 24, 25, 40, 41, 42]","Allyson plays for the cook county regional football league which has number0 teams . During a season , each team plays the other team number1 twice , once at home and one away .",How many total games are played in one season ?
Larry starts with number0 cards . number1 are eaten by a hippopotamus . How many cards does Larry end with ?,91.0 17.0,- number0 number1,74.0,"[2, 3, 4, 5, 6, 7, 17, 18, 19]",Larry starts with number0 cards . number1 are eaten by a hippopotamus .,How many cards does Larry end with ?
"Keith spent $ number0 on speakers , $ number1 on a CD player , and $ number2 on new tires . He wanted number3 CD 's for $ number4 , but did n't buy them . In total , how much did he spend ?",136.01 139.38 112.46 3.0 6.16,+ + number0 number1 number2,387.85,"[2, 3, 4, 5, 7, 8, 9, 10, 15, 16, 17, 18]","Keith spent $ number0 on speakers , $ number1 on a CD player , and $ number2 on new tires . He wanted number3 CD 's for $ number4 , but did n't buy them . In total ,",how much did he spend ?
"For Halloween Janet and her sister combined the candy they received . Janet had number0 pieces of candy while her sister had number1 . If they ate number2 pieces the first night , how many pieces do they have left ?",34.0 33.0 4.0,- + number0 number1 number2,63.0,"[13, 14, 15, 21, 22, 23, 26, 27, 28, 37, 38, 39]","For Halloween Janet and her sister combined the candy they received . Janet had number0 pieces of candy while her sister had number1 . If they ate number2 pieces the first night ,",how many pieces do they have left ?
Each ticket costs $ number0 . How much do number1 tickets cost ?,9.0 4.0,* number0 number1,36.0,"[3, 4, 5, 8, 9, 10, 9, 10, 11]",Each ticket costs $ number0 .,How much do number1 tickets cost ?
"In one year , for the election for president there were number0 million voters , whereas in the next year there were number1 million voters . Find the percentage change in the number of voters ?",76.7 129.9,* / - number1 number0 number0 100.0,69.4,"[10, 11, 12, 21, 22, 23, 32, 33, 34]","In one year , for the election for president there were number0 million voters , whereas in the next year there were number1 million voters .",Find the percentage change in the number of voters ?
Carla has some marbles . She bought number0 marbles . Now she has number1 marbles all together . How many did she start with ?,489.0 2778.0,- number1 number0,2289.0,"[6, 7, 8, 12, 13, 14, 21, 22, 23]",Carla has some marbles . She bought number0 marbles . Now she has number1 marbles all together .,How many did she start with ?
"Lana picked number0 tulips and number1 roses to make flower bouquets . If she only used number2 of the flowers though , how many extra flowers did Lana pick ?",36.0 37.0 70.0,- + number0 number1 number2,3.0,"[1, 2, 3, 4, 5, 6, 15, 16, 17, 26, 27, 28]","Lana picked number0 tulips and number1 roses to make flower bouquets . If she only used number2 of the flowers though ,",how many extra flowers did Lana pick ?
James rode number0 miles at number1 miles per hour . How long did James ride ?,80.0 16.0,/ number0 number1,5.0,"[1, 2, 3, 4, 5, 6, 12, 13, 14]",James rode number0 miles at number1 miles per hour .,How long did James ride ?
"The tallest player on the basketball team is number0 inches tall . This is number1 inches taller than the shortest player . How tall is the shortest player , in inches ?",77.75 9.5,- number0 number1,68.25,"[7, 8, 9, 13, 14, 15, 28, 29, 30]",The tallest player on the basketball team is number0 inches tall . This is number1 inches taller than the shortest player .,"How tall is the shortest player , in inches ?"
How much would number0 pieces of bubble gum cost if each piece costs number1 cents ?,136.0 18.0,* number0 number1,2448.0,"[2, 3, 4, 12, 13, 14, 12, 13, 14]",Empty,How much would number0 pieces of bubble gum cost if each piece costs number1 cents ?
Paul had number0 strawberries in his basket . He picked number1 more strawberries . How many strawberries did he have then ?,28.0 35.0,+ number0 number1,63.0,"[1, 2, 3, 9, 10, 11, 18, 19, 20]",Paul had number0 strawberries in his basket . He picked number1 more strawberries .,How many strawberries did he have then ?
Iesha has number0 books . number1 are about school and the rest are about sports . How many books about sports does Iesha have ?,344.0 136.0,- number0 number1,208.0,"[1, 2, 3, 4, 5, 6, 21, 22, 23]",Iesha has number0 books . number1 are about school and the rest are about sports .,How many books about sports does Iesha have ?
"At a restaurant each adult meal costs $ number0 and kids eat free . If a group of number1 people came in and number2 were kids , how much would it cost for the group to eat ?",2.0 15.0 9.0,* number0 - number1 number2,12.0,"[7, 8, 9, 17, 18, 19, 22, 23, 24, 34, 35, 36]","At a restaurant each adult meal costs $ number0 and kids eat free . If a group of number1 people came in and number2 were kids ,",how much would it cost for the group to eat ?
Sam had number0 pennies and number1 nickels in his bank . His dad gave him number2 nickels and number3 quarters . How many nickels does he have now ?,49.0 24.0 39.0 31.0,+ number1 number2,63.0,"[1, 2, 3, 4, 4, 5, 6, 7]",Sam had number0 pennies and number1 nickels in his bank . His dad gave him number2 nickels and number3 quarters .,How many nickels does he have now ?
"A painter needed to paint number0 rooms in a building . Each room takes number1 hours to paint . If he already painted number2 rooms , how much longer will he take to paint the rest ?",12.0 7.0 5.0,* number1 - number0 number2,49.0,"[4, 5, 6, 13, 14, 15, 22, 23, 24, 33, 34, 35]","A painter needed to paint number0 rooms in a building . Each room takes number1 hours to paint . If he already painted number2 rooms ,",how much longer will he take to paint the rest ?
Sally picked number0 lemons and Mary picked number1 lemons from the lemon tree . How many lemons were picked in total ?,7.0 9.0,+ number0 number1,16.0,"[1, 2, 3, 6, 7, 8, 18, 19, 20]",Sally picked number0 lemons and Mary picked number1 lemons from the lemon tree .,How many lemons were picked in total ?
"A waitress put leftover tarts into the fridge on Thursday night . She noticed that the restaurant had number0 tart filled with cherries , number1 tart filled with blueberries , and number2 tart filled with peaches . How many leftover tarts did the restaurant have in all ?",0.08333333333333333 0.75 0.08333333333333333,+ + number0 number0 number1,0.9166666666666666,"[17, 18, 19, 23, 24, 25, 30, 31, 32, 44, 45, 46]","A waitress put leftover tarts into the fridge on Thursday night . She noticed that the restaurant had number0 tart filled with cherries , number1 tart filled with blueberries , and number2 tart filled with peaches .",How many leftover tarts did the restaurant have in all ?
"Mike made number0 dollars mowing lawns over the summer . If he spent number1 dollars buying new mower blades , how many number2 dollar games could he buy with the money he had left ?",101.0 47.0 6.0,/ - number0 number1 number2,9.0,"[1, 2, 3, 12, 13, 14, 21, 22, 23, 31, 32, 33]","Mike made number0 dollars mowing lawns over the summer . If he spent number1 dollars buying new mower blades ,",how many number2 dollar games could he buy with the money he had left ?
There are number0 calories in a candy bar . How many calories are there in number1 candy bars ?,8.0 3.0,* number0 number1,24.0,"[1, 2, 3, 14, 15, 16, 15, 16, 17]",There are number0 calories in a candy bar .,How many calories are there in number1 candy bars ?
Gloria has number0 boxes of tickets . Each box holds number1 tickets and there are number2 boxes in a case . How many tickets does Gloria have ?,9.0 5.0 10.0,* number0 number1,45.0,"[1, 2, 3, 9, 10, 11, 14, 15, 16, 24, 25, 26]",Gloria has number0 boxes of tickets . Each box holds number1 tickets and there are number2 boxes in a case .,How many tickets does Gloria have ?
Joan 's cat had number0 kittens . She gave number1 to her friends . How many kittens does she have now ?,8.0 2.0,- number0 number1,6.0,"[3, 4, 5, 8, 9, 10, 18, 19, 20]",Joan 's cat had number0 kittens . She gave number1 to her friends .,How many kittens does she have now ?
"Maria had number0 bottles of water in her fridge . If she drank number1 of them and then bought number2 more , how many bottles would she have ?",14.0 8.0 45.0,- + number0 number2 number1,51.0,"[1, 2, 3, 12, 13, 14, 18, 19, 20, 25, 26, 27]","Maria had number0 bottles of water in her fridge . If she drank number1 of them and then bought number2 more ,",how many bottles would she have ?
Each cup contains number0 ounces . How many ounces are in number1 cups ?,8.0 33.0,* number0 number1,264.0,"[2, 3, 4, 10, 11, 12, 10, 11, 12]",Each cup contains number0 ounces .,How many ounces are in number1 cups ?
"For Halloween Katie and her sister combined the candy they received . Katie had number0 pieces of candy while her sister had number1 . If they ate number2 pieces the first night , how many pieces do they have left ?",8.0 23.0 8.0,- + number0 number1 number0,23.0,"[13, 14, 15, 21, 22, 23, 26, 27, 28, 37, 38, 39]","For Halloween Katie and her sister combined the candy they received . Katie had number0 pieces of candy while her sister had number1 . If they ate number2 pieces the first night ,",how many pieces do they have left ?
A spaceship traveled number0 light - year from Earth to Planet X and number1 light - year from Planet X to Planet Y . Then it traveled number2 light - year from Planet Y back to Earth . How many light - years did the spaceship travel in all ?,0.5 0.1 0.1,+ + number0 number1 number1,0.7,"[2, 3, 4, 12, 13, 14, 25, 26, 27, 45, 46, 47]",A spaceship traveled number0 light - year from Earth to Planet X and number1 light - year from Planet X to Planet Y . Then it traveled number2 light - year from Planet Y back to Earth .,How many light - years did the spaceship travel in all ?
Martin has number0 boxes of crayons . Each box holds number1 crayons . How many crayons does Martin have ?,8.0 7.0,* number0 number1,56.0,"[1, 2, 3, 9, 10, 11, 16, 17, 18]",Martin has number0 boxes of crayons . Each box holds number1 crayons .,How many crayons does Martin have ?
If Anne wandered for number0 hours at number1 miles per hour . How far did Anne go ?,3.0 2.0,* number0 number1,6.0,"[3, 4, 5, 6, 7, 8, 14, 15, 16]",If Anne wandered for number0 hours at number1 miles per hour .,How far did Anne go ?
"The Richmond Tigers sold a total of number0 tickets last season . If they sold number1 tickets in the first half of the season , how many tickets did they sell in the second half ?",9570.0 3867.0,- number0 number1,5703.0,"[6, 7, 8, 14, 15, 16, 32, 33, 34]","The Richmond Tigers sold a total of number0 tickets last season . If they sold number1 tickets in the first half of the season ,",how many tickets did they sell in the second half ?
"At the town carnival Billy rode the ferris wheel number0 times and the bumper cars number1 times . If each ride cost number2 tickets , how many tickets did he use ?",7.0 3.0 5.0,* number2 + number0 number1,50.0,"[8, 9, 10, 14, 15, 16, 21, 22, 23, 28, 29, 30]","At the town carnival Billy rode the ferris wheel number0 times and the bumper cars number1 times . If each ride cost number2 tickets ,",how many tickets did he use ?
"Joan found number0 seashells on the beach , she gave Mike number1 of the seashells . How many seashells does she now have ?",79.0 63.0,- number0 number1,16.0,"[1, 2, 3, 10, 11, 12, 20, 21, 22]","Joan found number0 seashells on the beach , she gave Mike number1 of the seashells .",How many seashells does she now have ?
Kelly has number0 Nintendo games . How many does she need to give away so that she will have number1 games left ?,50.0 35.0,- number0 number1,15.0,"[1, 2, 3, 18, 19, 20, 19, 20, 21]",Kelly has number0 Nintendo games .,How many does she need to give away so that she will have number1 games left ?
"Mike had number0 video games but number1 of them were n't working . If he wanted to sell the working games for $ number2 each , how much money could he earn ?",15.0 9.0 5.0,* number2 - number0 number1,30.0,"[1, 2, 3, 5, 6, 7, 22, 23, 24, 29, 30, 31]","Mike had number0 video games but number1 of them were n't working . If he wanted to sell the working games for $ number2 each ,",how much money could he earn ?
"Jesse has number0 bananas . If he shares them among number1 friends , how many bananas does each friend get ?",21.0 3.0,/ number0 number1,7.0,"[1, 2, 3, 9, 10, 11, 17, 18, 19]","Jesse has number0 bananas . If he shares them among number1 friends ,",how many bananas does each friend get ?
"Rachel bought number0 new chairs and number1 new tables for her house . If she spent number2 minutes on each piece furniture putting it together , how many minutes did it take her to finish ?",7.0 3.0 4.0,* number2 + number0 number1,40.0,"[1, 2, 3, 5, 6, 7, 15, 16, 17, 32, 33, 34]","Rachel bought number0 new chairs and number1 new tables for her house . If she spent number2 minutes on each piece furniture putting it together ,",how many minutes did it take her to finish ?
"Mike joined his school 's band . He bought a trumpet for $ number0 , and a song book which was $ number1 . How much did Mike spend at the music store ?",145.16 5.84,+ number0 number1,151.0,"[12, 13, 14, 21, 22, 23, 30, 31, 32]","Mike joined his school 's band . He bought a trumpet for $ number0 , and a song book which was $ number1 .",How much did Mike spend at the music store ?
Lewis saved checking on the grapevines for his last stop . He was told by one of the pickers that they fill number0 drums of grapes per day . How many drums of grapes would be filled in number1 days ?,324.0 9.0,* number0 number1,2916.0,"[21, 22, 23, 37, 38, 39, 37, 38, 39]",Lewis saved checking on the grapevines for his last stop . He was told by one of the pickers that they fill number0 drums of grapes per day .,How many drums of grapes would be filled in number1 days ?
"If Teresa jogged number0 kilometers at number1 kilometers per hour , how long was Teresa jogging ?",25.0 5.0,/ number0 number1,5.0,"[2, 3, 4, 5, 6, 7, 13, 14, 15]","If Teresa jogged number0 kilometers at number1 kilometers per hour ,",how long was Teresa jogging ?
Megan has number0 seashells . How many more seashells does she need to find to have number1 seashells in her collection ?,19.0 25.0,- number1 number0,6.0,"[1, 2, 3, 15, 16, 17, 18, 19, 20]",Megan has number0 seashells .,How many more seashells does she need to find to have number1 seashells in her collection ?
Sue ’ s family went on vacation . Her mom drove the car at number0 mph . They camped at a campground after traveling for number1 hours . How far was the campground from their home ?,60.0 5.0,* number0 number1,300.0,"[12, 13, 14, 23, 24, 25, 34, 35, 36]",Sue ’ s family went on vacation . Her mom drove the car at number0 mph . They camped at a campground after traveling for number1 hours .,How far was the campground from their home ?
Joan has number0 orange balloons but lost number1 of them . How many orange balloons does Joan have now ?,8.0 2.0,- number0 number1,6.0,"[1, 2, 3, 8, 9, 10, 18, 19, 20]",Joan has number0 orange balloons but lost number1 of them .,How many orange balloons does Joan have now ?
"Heather went to the county fair last weekend . When she got there , she had to walk number0 mile from the car to the entrance . Then she walked number1 mile to the carnival rides and number2 mile from the carnival rides back to the car . How many miles did Heather walk in all ?",0.3333333333333333 0.3333333333333333 0.08333333333333333,+ + number0 number0 number2,0.75,"[17, 18, 19, 29, 30, 31, 36, 37, 38, 53, 54, 55]","Heather went to the county fair last weekend . When she got there , she had to walk number0 mile from the car to the entrance . Then she walked number1 mile to the carnival rides and number2 mile from the carnival rides back to the car .",How many miles did Heather walk in all ?
Craig starts with number0 Skittles . number1 are eaten by a hippopotamus . How many Skittles does Craig end with ?,5.0 2.0,- number0 number1,3.0,"[2, 3, 4, 5, 6, 7, 17, 18, 19]",Craig starts with number0 Skittles . number1 are eaten by a hippopotamus .,How many Skittles does Craig end with ?
The schools debate team had number0 boys and number1 girls on it . If they were split into groups of number2 how many groups could they make ?,5.0 40.0 9.0,/ + number0 number1 number2,5.0,"[4, 5, 6, 7, 8, 9, 19, 20, 21, 24, 25, 26]",The schools debate team had number0 boys and number1 girls on it . If they were split into groups of number2,how many groups could they make ?
Isabel bought number0 pieces of paper . She used number1 pieces of the paper . How many pieces of paper does she have left ?,900.0 156.0,- number0 number1,744.0,"[1, 2, 3, 8, 9, 10, 21, 22, 23]",Isabel bought number0 pieces of paper . She used number1 pieces of the paper .,How many pieces of paper does she have left ?
A pet store had number0 siamese cats and number1 house cats . During a sale they sold number2 cats . How many cats do they have left ?,36.0 18.0 26.0,- + number0 number1 number2,28.0,"[3, 4, 5, 7, 8, 9, 16, 17, 18, 24, 25, 26]",A pet store had number0 siamese cats and number1 house cats . During a sale they sold number2 cats .,How many cats do they have left ?
Mary has number0 yellow marbles Joan has number1 yellow marbles . How many yellow marbles do they have in all ?,9.0 3.0,+ number0 number1,12.0,"[1, 2, 3, 6, 7, 8, 17, 18, 19]",Mary has number0 yellow marbles Joan has number1 yellow marbles .,How many yellow marbles do they have in all ?
"A bee colony produced number0 pounds of honey , but bears ate number1 pounds of it . How much honey remains ?",0.36 0.05,- number0 number1,0.31,"[3, 4, 5, 11, 12, 13, 18, 19, 20]","A bee colony produced number0 pounds of honey , but bears ate number1 pounds of it .",How much honey remains ?
Aaron starts with number0 erasers . He gives number1 to Doris . How many erasers does Aaron end with ?,81.0 34.0,- number0 number1,47.0,"[2, 3, 4, 7, 8, 9, 16, 17, 18]",Aaron starts with number0 erasers . He gives number1 to Doris .,How many erasers does Aaron end with ?
Sara picked number0 pears and Sally picked number1 pears from the pear tree . How many pears were picked in total ?,45.0 11.0,+ number0 number1,56.0,"[1, 2, 3, 6, 7, 8, 18, 19, 20]",Sara picked number0 pears and Sally picked number1 pears from the pear tree .,How many pears were picked in total ?
There are number0 pencils and number1 rulers in the drawer . Sally took number2 pencils out of the drawer . How many pencils are there now ?,9.0 4.0 4.0,- number0 number1,5.0,"[1, 2, 3, 4, 5, 6, 12, 13, 14, 23, 24, 25]",There are number0 pencils and number1 rulers in the drawer . Sally took number2 pencils out of the drawer .,How many pencils are there now ?
"Benny received number0 dollars and number1 movie tickets for his birthday . He went to a sporting goods store and bought a baseball glove , baseball , and bat . He had number2 dollars over , how much did he spent on the baseball gear ?",79.0 9.0 32.0,- number0 number2,47.0,"[1, 2, 3, 4, 5, 6, 31, 32, 33, 42, 43, 44]","Benny received number0 dollars and number1 movie tickets for his birthday . He went to a sporting goods store and bought a baseball glove , baseball , and bat . He had number2 dollars over ,",how much did he spent on the baseball gear ?
Fred has number0 baseball cards . Melanie bought number1 of Fred 's baseball cards . How many baseball cards does Fred have now ?,5.0 3.0,- number0 number1,2.0,"[1, 2, 3, 7, 8, 9, 22, 23, 24]",Fred has number0 baseball cards . Melanie bought number1 of Fred 's baseball cards .,How many baseball cards does Fred have now ?
"Before December , customers buy number0 ear muffs from the mall . During December , they buy number1 more , and there are none left . In all , how many ear muffs do the customers buy ?",1346.0 6444.0,+ number0 number1,7790.0,"[4, 5, 6, 16, 17, 18, 34, 35, 36]","Before December , customers buy number0 ear muffs from the mall . During December , they buy number1 more , and there are none left . In all ,",how many ear muffs do the customers buy ?
"On Friday , number0 people visited the zoo . number1 times as many people visited on Saturday than on Friday . How many people visited the zoo on Saturday ?",1250.0 3.0,* number0 number1,3750.0,"[2, 3, 4, 8, 9, 10, 26, 27, 28]","On Friday , number0 people visited the zoo . number1 times as many people visited on Saturday than on Friday .",How many people visited the zoo on Saturday ?
There are number0 pencils in the drawer . Mike placed number1 more pencils in the drawer . How many pencils are now there in total ?,41.0 30.0,+ number0 number1,71.0,"[1, 2, 3, 9, 10, 11, 24, 25, 26]",There are number0 pencils in the drawer . Mike placed number1 more pencils in the drawer .,How many pencils are now there in total ?
Andrew starts with number0 eggs . He buys number1 more . How many eggs does Andrew end with ?,8.0 62.0,+ number0 number1,70.0,"[2, 3, 4, 7, 8, 9, 15, 16, 17]",Andrew starts with number0 eggs . He buys number1 more .,How many eggs does Andrew end with ?
"Billy was organizing his baseball cards in a binder with number0 on each page . If he had number1 new cards and number2 old cards to put in the binder , how many pages would he use ?",5.0 3.0 42.0,/ + number1 number2 number0,9.0,"[9, 10, 11, 17, 18, 19, 21, 22, 23, 34, 35, 36]","Billy was organizing his baseball cards in a binder with number0 on each page . If he had number1 new cards and number2 old cards to put in the binder ,",how many pages would he use ?
"My car gets number0 miles per gallon of gas . If Grandma ’ s house is number1 miles away , how many gallons of gas would it take to get to her house ?",20.0 100.0,/ number1 number0,5.0,"[2, 3, 4, 14, 15, 16, 29, 30, 31]","My car gets number0 miles per gallon of gas . If Grandma ’ s house is number1 miles away ,",how many gallons of gas would it take to get to her house ?
Your class is having a pizza party . You buy number0 pizzas . Each pizza has number1 slices . How many slices is that altogether ?,5.0 4.0,* number0 number1,20.0,"[9, 10, 11, 15, 16, 17, 22, 23, 24]",Your class is having a pizza party . You buy number0 pizzas . Each pizza has number1 slices .,How many slices is that altogether ?
"A waiter at ' The Greasy Spoon ' restaurant had number0 customers to wait on . During the lunch rush he added another number1 customers . If number2 of the customers did n't leave him a tip , how many customers did leave a tip ?",29.0 20.0 34.0,- + number0 number1 number2,15.0,"[9, 10, 11, 22, 23, 24, 26, 27, 28, 42, 43, 44]","A waiter at ' The Greasy Spoon ' restaurant had number0 customers to wait on . During the lunch rush he added another number1 customers . If number2 of the customers did n't leave him a tip ,",how many customers did leave a tip ?
Lillian collects number0 candies . Lillian 's father gives Lillian number1 more . How many candies does Lillian have ?,88.0 5.0,+ number0 number1,93.0,"[1, 2, 3, 9, 10, 11, 16, 17, 18]",Lillian collects number0 candies . Lillian 's father gives Lillian number1 more .,How many candies does Lillian have ?
"Ashley sold number0 boxes of Samoas . How many cases of number1 boxes , plus extra boxes does Ashley need ?",12.0 12.0,/ number0 number0,1.0,"[1, 2, 3, 10, 11, 12, 17, 18, 19]",Ashley sold number0 boxes of Samoas .,"How many cases of number1 boxes , plus extra boxes does Ashley need ?"
It rained number0 inches on Saturday and number1 inches on Sunday . How much did it rain on Saturday and Sunday combined ?,0.2 0.4,+ number0 number1,0.6,"[1, 2, 3, 6, 7, 8, 19, 20, 21]",It rained number0 inches on Saturday and number1 inches on Sunday .,How much did it rain on Saturday and Sunday combined ?
"Mike joined his school 's band . He bought a trumpet for $ number0 , and a song book which was $ number1 . How much did Mike spend at the music store ?",145.16 5.84,+ number0 number1,151.0,"[12, 13, 14, 21, 22, 23, 30, 31, 32]","Mike joined his school 's band . He bought a trumpet for $ number0 , and a song book which was $ number1 .",How much did Mike spend at the music store ?
Anthony has number0 pencils . Kathryn gives Anthony number1 more . How many pencils does Anthony have in all ?,9.0 56.0,+ number0 number1,65.0,"[1, 2, 3, 7, 8, 9, 16, 17, 18]",Anthony has number0 pencils . Kathryn gives Anthony number1 more .,How many pencils does Anthony have in all ?
"A florist had number0 roses . If she sold number1 of them and then later picked number2 more , how many roses would she have ?",37.0 16.0 19.0,- + number0 number2 number1,40.0,"[2, 3, 4, 8, 9, 10, 15, 16, 17, 22, 23, 24]","A florist had number0 roses . If she sold number1 of them and then later picked number2 more ,",how many roses would she have ?
There are number0 short bushes and number1 tall trees currently in the park . Park workers will plant number2 short bushes today . How many short bushes will the park have when the workers are finished ?,37.0 30.0 20.0,+ number0 number2,57.0,"[1, 2, 3, 5, 6, 7, 17, 18, 19, 33, 34, 35]",There are number0 short bushes and number1 tall trees currently in the park . Park workers will plant number2 short bushes today .,How many short bushes will the park have when the workers are finished ?
The Sumata family took a number0 day vacation by car . Each day they drove number1 miles . How many total miles did they drive ?,5.0 250.0,* number0 number1,1250.0,"[4, 5, 6, 14, 15, 16, 22, 23, 24]",The Sumata family took a number0 day vacation by car . Each day they drove number1 miles .,How many total miles did they drive ?
Emily was playing a trivia game . In the first round she scored number0 points and in the second round she scored number1 points . In the last round she lost number2 points . How many points did she have at the end of the game ?,16.0 33.0 48.0,- + number0 number1 number2,1.0,"[12, 13, 14, 21, 22, 23, 30, 31, 32, 43, 44, 45]",Emily was playing a trivia game . In the first round she scored number0 points and in the second round she scored number1 points . In the last round she lost number2 points .,How many points did she have at the end of the game ?
"Joshua has number0 Skittles and number1 eggs . If he shares the Skittles among number2 friends , how many Skittles does each friend get ?",40.0 6.0 5.0,/ number0 number2,8.0,"[1, 2, 3, 4, 5, 6, 13, 14, 15, 21, 22, 23]","Joshua has number0 Skittles and number1 eggs . If he shares the Skittles among number2 friends ,",how many Skittles does each friend get ?
"Sandy went to the mall to buy clothes . She spent $ number0 on shorts , $ number1 on a shirt , and $ number2 on a jacket . How much money did Sandy spend on clothes ?",13.99 12.14 7.43,+ + number0 number1 number2,33.56,"[11, 12, 13, 16, 17, 18, 23, 24, 25, 34, 35, 36]","Sandy went to the mall to buy clothes . She spent $ number0 on shorts , $ number1 on a shirt , and $ number2 on a jacket .",How much money did Sandy spend on clothes ?
"Katie had number0 songs on her mp3 player . If she deleted number1 old songs from it and then added number2 new songs , how many songs does she have on her mp3 player ?",11.0 7.0 24.0,- + number0 number2 number1,28.0,"[1, 2, 3, 11, 12, 13, 19, 20, 21, 31, 32, 33]","Katie had number0 songs on her mp3 player . If she deleted number1 old songs from it and then added number2 new songs ,",how many songs does she have on her mp3 player ?
Maria needs number0 cartons of berries to make a berry cobbler . She already has number1 cartons of strawberries and number2 cartons of blueberries . How many more cartons of berries should Maria buy ?,21.0 4.0 8.0,- number0 + number1 number2,9.0,"[1, 2, 3, 14, 15, 16, 19, 20, 21, 31, 32, 33]",Maria needs number0 cartons of berries to make a berry cobbler . She already has number1 cartons of strawberries and number2 cartons of blueberries .,How many more cartons of berries should Maria buy ?
Betty bought number0 pink flower stones and wanted to make number1 bracelets out of these stones . How many pink flower stones will each bracelet have if she used the same number of stones in each bracelet ?,88.0 8.0,/ number0 number1,11.0,"[1, 2, 3, 9, 10, 11, 34, 35, 36]",Betty bought number0 pink flower stones and wanted to make number1 bracelets out of these stones .,How many pink flower stones will each bracelet have if she used the same number of stones in each bracelet ?
"The value of a sport utility vehicle this year is number0 dollars , which is number1 of what its value was last year . Find the value of the vehicle last year .",16000.0 0.8,/ number0 number1,20000.0,"[9, 10, 11, 14, 15, 16, 29, 30, 31]","The value of a sport utility vehicle this year is number0 dollars , which is number1 of what its value was last year .",Find the value of the vehicle last year .
Sandy has number0 dozen books . Fred has number1 times more books than Sandy . How many books does Fred have ?,8.0 5.0,* * number0 12.0 number1,480.0,"[1, 2, 3, 7, 8, 9, 20, 21, 22]",Sandy has number0 dozen books . Fred has number1 times more books than Sandy .,How many books does Fred have ?
There are number0 oak trees currently in the park . Park workers had to cut down number1 oak trees that were damaged . How many oak trees will the park have when the workers are finished ?,9.0 2.0,- number0 number1,7.0,"[1, 2, 3, 15, 16, 17, 35, 36, 37]",There are number0 oak trees currently in the park . Park workers had to cut down number1 oak trees that were damaged .,How many oak trees will the park have when the workers are finished ?
Megan had number0 markers . Robert gave her number1 more markers . How many markers does Megan have altogether ?,217.0 109.0,+ number0 number1,326.0,"[1, 2, 3, 7, 8, 9, 16, 17, 18]",Megan had number0 markers . Robert gave her number1 more markers .,How many markers does Megan have altogether ?
Mary had number0 nickels in her bank . Her dad gave her number1 nickels . How many nickels does Mary have now ?,7.0 5.0,+ number0 number1,12.0,"[1, 2, 3, 11, 12, 13, 19, 20, 21]",Mary had number0 nickels in her bank . Her dad gave her number1 nickels .,How many nickels does Mary have now ?
"If Madison sold number0 boxes of Tagalongs , how many cases of number1 boxes does Madison pickup from the cookie mom ?",24.0 12.0,/ number0 number1,2.0,"[2, 3, 4, 11, 12, 13, 18, 19, 20]","If Madison sold number0 boxes of Tagalongs ,",how many cases of number1 boxes does Madison pickup from the cookie mom ?
Alec and his roommates ate number0 pints of ice cream on Friday night and number1 pint of ice cream on Saturday night . How many pints did they eat in all ?,3.25 0.25,+ number0 number1,3.5,"[4, 5, 6, 13, 14, 15, 28, 29, 30]",Alec and his roommates ate number0 pints of ice cream on Friday night and number1 pint of ice cream on Saturday night .,How many pints did they eat in all ?
"The cafeteria had number0 apples . For lunch they handed out number1 to students and decided to use the rest to make pies . If each pie takes number2 apples , how many pies could they make ?",96.0 42.0 6.0,/ - number0 number1 number2,9.0,"[2, 3, 4, 10, 11, 12, 27, 28, 29, 34, 35, 36]","The cafeteria had number0 apples . For lunch they handed out number1 to students and decided to use the rest to make pies . If each pie takes number2 apples ,",how many pies could they make ?
"Some insects called aphids attack a large farm . In response , the farmer releases ladybugs onto the fields . There are number0 ladybugs with spots and number1 ladybugs without spots . How many ladybugs are there in all ?",12170.0 54912.0,+ number0 number1,67082.0,"[21, 22, 23, 26, 27, 28, 36, 37, 38]","Some insects called aphids attack a large farm . In response , the farmer releases ladybugs onto the fields . There are number0 ladybugs with spots and number1 ladybugs without spots .",How many ladybugs are there in all ?
Nancy found number0 seashells and number1 starfish on the beach . She gave number2 of the seashells to Jason . How many seashells does Nancy now have ?,35.0 25.0 17.0,- number0 number2,18.0,"[1, 2, 3, 4, 5, 6, 12, 13, 14, 24, 25, 26]",Nancy found number0 seashells and number1 starfish on the beach . She gave number2 of the seashells to Jason .,How many seashells does Nancy now have ?
number0 the students in the band are in the trumpet section . number1 the students in the band are in the trombone section . What fraction of the students in the band are in either the trumpet section or the trombone section ?,0.5 0.125,+ number0 number1,0.625,"[0, 1, 11, 12, 13, 39, 40, 41]",number0 the students in the band are in the trumpet section . number1 the students in the band are in the trombone section .,What fraction of the students in the band are in either the trumpet section or the trombone section ?
"A magician was selling magic card decks for number0 dollars each . If he started with number1 decks and by the end of the day he had number2 left , how much money did he earn ?",7.0 16.0 8.0,* number0 - number1 number2,56.0,"[7, 8, 9, 15, 16, 17, 26, 27, 28, 33, 34, 35]","A magician was selling magic card decks for number0 dollars each . If he started with number1 decks and by the end of the day he had number2 left ,",how much money did he earn ?
"Lori has number0 marbles . If she shares them among number1 friends , how many marbles does each friend get ?",30.0 5.0,/ number0 number1,6.0,"[1, 2, 3, 9, 10, 11, 17, 18, 19]","Lori has number0 marbles . If she shares them among number1 friends ,",how many marbles does each friend get ?
There are number0 pencils in a box . Eric takes number1 pencils . How many are left ?,79.0 4.0,- number0 number1,75.0,"[1, 2, 3, 9, 10, 11, 14, 15, 16]",There are number0 pencils in a box . Eric takes number1 pencils .,How many are left ?
If Anne wandered for number0 hours at number1 miles per hour . How far did Anne go ?,3.0 2.0,* number0 number1,6.0,"[3, 4, 5, 6, 7, 8, 14, 15, 16]",If Anne wandered for number0 hours at number1 miles per hour .,How far did Anne go ?
"A renovation project required number0 truck - load of sand , number1 truck - load of dirt , and number2 truck - load of cement . How many truck - loads of material were needed in all ?",0.16666666666666666 0.3333333333333333 0.16666666666666666,+ + number0 number0 number1,0.6666666666666666,"[3, 4, 5, 10, 11, 12, 18, 19, 20, 34, 35, 36]","A renovation project required number0 truck - load of sand , number1 truck - load of dirt , and number2 truck - load of cement .",How many truck - loads of material were needed in all ?
"Keith spent $ number0 on a rabbit toy , $ number1 on pet food , and a cage cost him $ number2 . He found a dollar bill on the ground . What was the total cost of Keith 's purchases ?",6.51 5.79 12.51,+ + number0 number1 number2,24.81,"[2, 3, 4, 9, 10, 11, 20, 21, 22, 38, 39, 40]","Keith spent $ number0 on a rabbit toy , $ number1 on pet food , and a cage cost him $ number2 . He found a dollar bill on the ground .",What was the total cost of Keith 's purchases ?
Lemon heads come in packages of number0 . Louis ate number1 Lemon Heads . How many whole boxes did he eat and how many Lemon Heads does he have left ?,6.0 54.0,/ number1 number0,9.0,"[5, 6, 7, 9, 10, 11, 27, 28, 29]",Lemon heads come in packages of number0 . Louis ate number1 Lemon Heads .,How many whole boxes did he eat and how many Lemon Heads does he have left ?
"A pet store has number0 bird cages . If each cage has number1 parrots and number2 parakeets in it , how many birds does the pet store have total ?",6.0 2.0 7.0,* number0 + number1 number2,54.0,"[3, 4, 5, 11, 12, 13, 14, 15, 16, 26, 27, 28]","A pet store has number0 bird cages . If each cage has number1 parrots and number2 parakeets in it ,",how many birds does the pet store have total ?
"If Benjamin strolled number0 miles at number1 miles per hour , how long was Benjamin travelling ?",14.0 2.0,/ number0 number1,7.0,"[2, 3, 4, 5, 6, 7, 13, 14, 15]","If Benjamin strolled number0 miles at number1 miles per hour ,",how long was Benjamin travelling ?
Jason grew number0 watermelons and number1 pumpkins . Sandy grew number2 watermelons . How many watermelons did they grow in total ?,37.0 30.0 11.0,+ number0 number2,48.0,"[1, 2, 3, 4, 5, 6, 9, 10, 11, 18, 19, 20]",Jason grew number0 watermelons and number1 pumpkins . Sandy grew number2 watermelons .,How many watermelons did they grow in total ?
"Each chocolate bar in a box cost $ number0 . If a box had number1 bars total and Vanessa sold all but number2 bars , how much money would she have made ?",4.0 11.0 7.0,* number0 - number1 number2,16.0,"[7, 8, 9, 13, 14, 15, 21, 22, 23, 29, 30, 31]","Each chocolate bar in a box cost $ number0 . If a box had number1 bars total and Vanessa sold all but number2 bars ,",how much money would she have made ?
There are number0 bottle caps in a box . Marvin takes number1 bottle caps . How many are left ?,16.0 6.0,- number0 number1,10.0,"[1, 2, 3, 10, 11, 12, 16, 17, 18]",There are number0 bottle caps in a box . Marvin takes number1 bottle caps .,How many are left ?
Mary had number0 potatoes in the garden . The rabbits ate number1 of the potatoes . How many potatoes does Mary now have ?,8.0 3.0,- number0 number1,5.0,"[1, 2, 3, 10, 11, 12, 20, 21, 22]",Mary had number0 potatoes in the garden . The rabbits ate number1 of the potatoes .,How many potatoes does Mary now have ?
"A ship is filled with number0 tons of cargo . It stops in the Bahamas , where sailors load number1 more tons of cargo onboard . How many tons of cargo does the ship hold now ?",5973.0 8723.0,+ number0 number1,14696.0,"[4, 5, 6, 18, 19, 20, 33, 34, 35]","A ship is filled with number0 tons of cargo . It stops in the Bahamas , where sailors load number1 more tons of cargo onboard .",How many tons of cargo does the ship hold now ?
George has number0 boxes of eggs . Each box holds number1 eggs and there are number2 boxes in a case . How many eggs does George have ?,5.0 3.0 9.0,* number0 number1,15.0,"[1, 2, 3, 9, 10, 11, 14, 15, 16, 24, 25, 26]",George has number0 boxes of eggs . Each box holds number1 eggs and there are number2 boxes in a case .,How many eggs does George have ?
"The school cafeteria ordered number0 red apples and number1 green apples for students lunches . But , if only number2 students wanted fruit , how many extra did the cafeteria end up with ?",33.0 23.0 21.0,- + number0 number1 number2,35.0,"[3, 4, 5, 7, 8, 9, 18, 19, 20, 30, 31, 32]","The school cafeteria ordered number0 red apples and number1 green apples for students lunches . But , if only number2 students wanted fruit ,",how many extra did the cafeteria end up with ?
Tim had number0 cents . He paid number1 cents for a candy bar . How much change will he get ?,50.0 45.0,- number0 number1,5.0,"[1, 2, 3, 6, 7, 8, 17, 18, 19]",Tim had number0 cents . He paid number1 cents for a candy bar .,How much change will he get ?
Annie starts with number0 crayons . Matthew gives Annie number1 more . How many crayons does Annie end with ?,4.0 36.0,+ number0 number1,40.0,"[2, 3, 4, 8, 9, 10, 16, 17, 18]",Annie starts with number0 crayons . Matthew gives Annie number1 more .,How many crayons does Annie end with ?
James rode number0 miles at number1 miles per hour . How long did James ride ?,80.0 16.0,/ number0 number1,5.0,"[1, 2, 3, 4, 5, 6, 12, 13, 14]",James rode number0 miles at number1 miles per hour .,How long did James ride ?
There are number0 crayons in each box . How many crayons are in number1 boxes ?,4.0 3.0,* number0 number1,12.0,"[1, 2, 3, 12, 13, 14, 12, 13, 14]",There are number0 crayons in each box .,How many crayons are in number1 boxes ?
"Peter has number0 candies stored in boxes . If there are number1 boxes , how many candies must go in each box ?",3.0 3.0,/ number0 number0,1.0,"[1, 2, 3, 10, 11, 12, 19, 20, 21]","Peter has number0 candies stored in boxes . If there are number1 boxes ,",how many candies must go in each box ?
Robin has number0 packages of gum . There are number1 pieces in each package . How many pieces of gum does Robin have ?,27.0 18.0,* number0 number1,486.0,"[1, 2, 3, 8, 9, 10, 20, 21, 22]",Robin has number0 packages of gum . There are number1 pieces in each package .,How many pieces of gum does Robin have ?
"For Halloween Megan received number0 pieces of candy from neighbors and number1 pieces from her older sister . If she only ate number2 pieces a day , how long would the candy last her ?",11.0 5.0 8.0,/ + number0 number1 number2,2.0,"[3, 4, 5, 10, 11, 12, 21, 22, 23, 31, 32, 33]","For Halloween Megan received number0 pieces of candy from neighbors and number1 pieces from her older sister . If she only ate number2 pieces a day ,",how long would the candy last her ?
Joyce starts with number0 apples . She gives number1 to Larry . How many apples does Joyce end with ?,75.0 52.0,- number0 number1,23.0,"[2, 3, 4, 7, 8, 9, 16, 17, 18]",Joyce starts with number0 apples . She gives number1 to Larry .,How many apples does Joyce end with ?
"Mike made number0 dollars mowing lawns and number1 dollars weed eating . If he only spent number2 dollar a week , how long would the money last him ?",14.0 26.0 5.0,/ + number0 number1 number2,8.0,"[1, 2, 3, 6, 7, 8, 15, 16, 17, 25, 26, 27]","Mike made number0 dollars mowing lawns and number1 dollars weed eating . If he only spent number2 dollar a week ,",how long would the money last him ?
Mrs. Hilt reads number0 books a day . How many books does she read in number1 days ?,5.0 3.0,* number0 number1,15.0,"[2, 3, 4, 14, 15, 16, 14, 15, 16]",Mrs. Hilt reads number0 books a day .,How many books does she read in number1 days ?
James ate number0 carrot sticks before dinner and number1 more after dinner . How many carrot sticks did he eat ?,22.0 15.0,+ number0 number1,37.0,"[1, 2, 3, 7, 8, 9, 17, 18, 19]",James ate number0 carrot sticks before dinner and number1 more after dinner .,How many carrot sticks did he eat ?
"Vincent bought number0 books about animals , number1 book about outer space , and number2 books about trains . Each book cost $ number3 . How much did Vincent spend on the books ?",10.0 1.0 3.0 16.0,* + + number0 number1 number2 number3,224.0,"[1, 2, 3, 6, 7, 8, 13, 14, 15, 22, 23, 24, 30, 31, 32]","Vincent bought number0 books about animals , number1 book about outer space , and number2 books about trains . Each book cost $ number3 .",How much did Vincent spend on the books ?
"Alyssa went to number0 soccer games this year , but missed number1 . She went to number2 games last year and plans to go to number3 games next year . How many soccer games will Alyssa go to in all ?",11.0 12.0 13.0 15.0,+ + number0 number2 number3,39.0,"[2, 3, 4, 5, 10, 11, 12, 13]","Alyssa went to number0 soccer games this year , but missed number1 . She went to number2 games last year and plans to go to number3 games next year .",How many soccer games will Alyssa go to in all ?
"For a birthday party Cody bought number0 regular sodas and number1 diet sodas . If his fridge would only hold number2 on each shelf , how many shelves would he fill up ?",4.0 44.0 6.0,/ + number0 number1 number2,8.0,"[5, 6, 7, 9, 10, 11, 19, 20, 21, 29, 30, 31]","For a birthday party Cody bought number0 regular sodas and number1 diet sodas . If his fridge would only hold number2 on each shelf ,",how many shelves would he fill up ?
William has number0 marbles . He shares number1 with Theresa . How many marbles will William have ?,10.0 3.0,- number0 number1,7.0,"[1, 2, 3, 6, 7, 8, 14, 15, 16]",William has number0 marbles . He shares number1 with Theresa .,How many marbles will William have ?
Misha has number0 dollars . How many dollars does she have to earn to have number1 dollars to buy a dog ?,34.0 47.0,- number1 number0,13.0,"[1, 2, 3, 14, 15, 16, 18, 19, 20]",Misha has number0 dollars .,How many dollars does she have to earn to have number1 dollars to buy a dog ?
"Haley was playing a video game and had number0 lives . In a hard part of the game she lost number1 lives . If she got number2 more lives in the next level , how many lives would she have ?",14.0 4.0 36.0,- + number0 number2 number1,46.0,"[7, 8, 9, 19, 20, 21, 25, 26, 27, 37, 38, 39]","Haley was playing a video game and had number0 lives . In a hard part of the game she lost number1 lives . If she got number2 more lives in the next level ,",how many lives would she have ?
"Before December , customers buy number0 ear muffs from the mall . During December , they buy number1 , and there are none . In all , how many ear muffs do the customers buy ?",1346.0 6444.0,+ number0 number1,7790.0,"[4, 5, 6, 16, 17, 18, 32, 33, 34]","Before December , customers buy number0 ear muffs from the mall . During December , they buy number1 , and there are none . In all ,",how many ear muffs do the customers buy ?
"John was organizing his baseball cards in a binder with number0 on each page . If he had number1 new cards and number2 old cards to put in the binder , how many pages would he use ?",3.0 8.0 16.0,/ + number1 number2 number0,8.0,"[9, 10, 11, 17, 18, 19, 21, 22, 23, 34, 35, 36]","John was organizing his baseball cards in a binder with number0 on each page . If he had number1 new cards and number2 old cards to put in the binder ,",how many pages would he use ?
"A lawyer bills her clients number0 dollars per hour of service . If a client 's case requires number1 hours to complete , use proportion to calculate how much the client will owe the lawyer in dollars .",200.0 39.0,* number0 number1,7800.0,"[4, 5, 6, 17, 18, 19, 34, 35, 36]","A lawyer bills her clients number0 dollars per hour of service . If a client 's case requires number1 hours to complete , use proportion to calculate",how much the client will owe the lawyer in dollars .
Joseph has number0 candies . Kathy gives Joseph number1 more . How many candies does Joseph have in all ?,67.0 38.0,+ number0 number1,105.0,"[1, 2, 3, 7, 8, 9, 16, 17, 18]",Joseph has number0 candies . Kathy gives Joseph number1 more .,How many candies does Joseph have in all ?
"Brian ’ s car gets number0 miles per gallon . On his last trip , he used number1 gallons of gas . How many miles did he travel on his last trip ?",20.0 3.0,* number0 number1,60.0,"[3, 4, 5, 15, 16, 17, 28, 29, 30]","Brian ’ s car gets number0 miles per gallon . On his last trip , he used number1 gallons of gas .",How many miles did he travel on his last trip ?
"Mark 's father gave him $ number0 . Mark bought number1 books , each of which cost $ number2 . How much money does Mark have left ?",85.0 10.0 5.0,- number0 * number1 number2,35.0,"[5, 6, 7, 9, 10, 11, 17, 18, 19, 24, 25, 26]","Mark 's father gave him $ number0 . Mark bought number1 books , each of which cost $ number2 .",How much money does Mark have left ?
"To fill an order , the factory dyed number0 yards of silk green and number1 yards pink . How many yards of silk did it dye for that order ?",61921.0 49500.0,+ number0 number1,111421.0,"[7, 8, 9, 13, 14, 15, 26, 27, 28]","To fill an order , the factory dyed number0 yards of silk green and number1 yards pink .",How many yards of silk did it dye for that order ?
"Edward was trying to expand his game collection . He bought number0 games from a friend and bought number1 more at a garage sale . If number2 of the games did n't work , how many good games did he end up with ?",41.0 14.0 31.0,- + number0 number1 number2,24.0,"[10, 11, 12, 17, 18, 19, 25, 26, 27, 40, 41, 42]","Edward was trying to expand his game collection . He bought number0 games from a friend and bought number1 more at a garage sale . If number2 of the games did n't work ,",how many good games did he end up with ?
"There are number0 stickers on a page . If you have number1 pages of stickers , how many stickers do you have ?",10.0 22.0,* number0 number1,220.0,"[1, 2, 3, 10, 11, 12, 19, 20, 21]","There are number0 stickers on a page . If you have number1 pages of stickers ,",how many stickers do you have ?
Shirley starts with number0 eggs . She buys number1 more . How many eggs does Shirley end with ?,98.0 8.0,+ number0 number1,106.0,"[2, 3, 4, 7, 8, 9, 15, 16, 17]",Shirley starts with number0 eggs . She buys number1 more .,How many eggs does Shirley end with ?
"Each year , salmon travel upstream , going from the ocean to the rivers where they were born . This year , number0 male and number1 female salmon returned to their rivers . How many salmon made the trip ?",712261.0 259378.0,+ number0 number1,971639.0,"[21, 22, 23, 24, 25, 26, 36, 37, 38]","Each year , salmon travel upstream , going from the ocean to the rivers where they were born . This year , number0 male and number1 female salmon returned to their rivers .",How many salmon made the trip ?
We ordered number0 pizzas . Each pizza has number1 slices . How many slices of pizza are there altogether ?,21.0 8.0,* number0 number1,168.0,"[1, 2, 3, 7, 8, 9, 16, 17, 18]",We ordered number0 pizzas . Each pizza has number1 slices .,How many slices of pizza are there altogether ?
Mike picked number0 oranges and Melanie picked number1 oranges . Fred picked number2 apples . How many oranges were picked in total ?,123.0 104.0 130.0,+ number0 number1,227.0,"[1, 2, 3, 6, 7, 8, 11, 12, 13, 19, 20, 21]",Mike picked number0 oranges and Melanie picked number1 oranges . Fred picked number2 apples .,How many oranges were picked in total ?
Joan had number0 dimes in her bank . She spent number1 of her dimes . How many dimes does she have now ?,5.0 2.0,- number0 number1,3.0,"[1, 2, 3, 9, 10, 11, 19, 20, 21]",Joan had number0 dimes in her bank . She spent number1 of her dimes .,How many dimes does she have now ?
Victor and his friend were buying trick decks from the magic shop for number0 dollars each . How much did they spend if Victor bought number1 decks and his friend bought number2 decks ?,8.0 6.0 2.0,* number0 + number1 number2,64.0,"[12, 13, 14, 24, 25, 26, 30, 31, 32, 30, 31, 32]",Victor and his friend were buying trick decks from the magic shop for number0 dollars each .,How much did they spend if Victor bought number1 decks and his friend bought number2 decks ?
"Scott has number0 oranges that must be put away in boxes . Terry comes to help and brings number1 cookies to share with Scott . If there are number2 boxes , how many oranges must go in each box ?",56.0 11.0 8.0,/ number0 number2,7.0,"[1, 2, 3, 17, 18, 19, 27, 28, 29, 36, 37, 38]","Scott has number0 oranges that must be put away in boxes . Terry comes to help and brings number1 cookies to share with Scott . If there are number2 boxes ,",how many oranges must go in each box ?
"If there are number0 crayons in a box and Gerald puts number1 more crayons inside , how many crayons are in the box ?",7.0 6.0,+ number0 number1,13.0,"[2, 3, 4, 10, 11, 12, 20, 21, 22]","If there are number0 crayons in a box and Gerald puts number1 more crayons inside ,",how many crayons are in the box ?
Mikey had number0 leaves . Some of her leaves blew away . Now she has number1 leaves left . How many of her leaves blew away ?,356.0 112.0,- number0 number1,244.0,"[1, 2, 3, 14, 15, 16, 23, 24, 25]",Mikey had number0 leaves . Some of her leaves blew away . Now she has number1 leaves left .,How many of her leaves blew away ?
"In number0 week , Mitch 's family drank number1 carton of regular milk and number2 carton of soy milk . How much milk did they drink in all ?",1.0 0.5 0.1,+ number1 number2,0.6,"[0, 1, 2, 7, 8, 9, 13, 14, 15, 25, 26, 27]","In number0 week , Mitch 's family drank number1 carton of regular milk and number2 carton of soy milk .",How much milk did they drink in all ?
Rachel strolled to Nicholas 's house . It is number0 miles from Rachel 's house to Nicholas 's house . It took Rachel number1 hours to get there . How fast did Rachel go ?,10.0 5.0,/ number0 number1,2.0,"[8, 9, 10, 22, 23, 24, 31, 32, 33]",Rachel strolled to Nicholas 's house . It is number0 miles from Rachel 's house to Nicholas 's house . It took Rachel number1 hours to get there .,How fast did Rachel go ?
"The school cafeteria had number0 apples . If they used number1 to make lunch for the students and then bought number2 more , how many apples would they have ?",38.0 20.0 28.0,- + number0 number2 number1,46.0,"[3, 4, 5, 9, 10, 11, 19, 20, 21, 26, 27, 28]","The school cafeteria had number0 apples . If they used number1 to make lunch for the students and then bought number2 more ,",how many apples would they have ?
Kimberly went to the store number0 times last month . She buys number1 peanuts each time she goes to the store . How many peanuts did Kimberly buy last month ?,3.0 7.0,* number0 number1,21.0,"[4, 5, 6, 11, 12, 13, 27, 28, 29]",Kimberly went to the store number0 times last month . She buys number1 peanuts each time she goes to the store .,How many peanuts did Kimberly buy last month ?
"Keith found number0 seashells , Jessica found number1 seashells , and Tim found number2 seashells on the beach . When they cleaned them , they discovered that number3 were cracked . How many seashells did they find together ?",6.0 8.0 7.0 3.0,+ + number0 number1 number2,21.0,"[1, 2, 3, 6, 7, 8, 12, 13, 14, 26, 27, 28, 35, 36, 37]","Keith found number0 seashells , Jessica found number1 seashells , and Tim found number2 seashells on the beach . When they cleaned them , they discovered that number3 were cracked .",How many seashells did they find together ?
"Dave had to wash number0 short sleeve shirts and number1 long sleeve shirts before school . If he had only washed number2 of them by the time school started , how many did he not wash ?",9.0 27.0 20.0,- + number0 number1 number2,16.0,"[3, 4, 5, 8, 9, 10, 20, 21, 22, 33, 34, 35]","Dave had to wash number0 short sleeve shirts and number1 long sleeve shirts before school . If he had only washed number2 of them by the time school started ,",how many did he not wash ?
Mrs. Hilt bought a yoyo for number0 cents and a whistle for number1 cents . How much did she spend in all for the two toys ?,24.0 14.0,+ number0 number1,38.0,"[5, 6, 7, 11, 12, 13, 23, 24, 25]",Mrs. Hilt bought a yoyo for number0 cents and a whistle for number1 cents .,How much did she spend in all for the two toys ?
"I have number0 cents to buy candy . If each gumdrop costs number1 cents , how many gumdrops can I buy ?",80.0 4.0,/ number0 number1,20.0,"[1, 2, 3, 11, 12, 13, 18, 19, 20]","I have number0 cents to buy candy . If each gumdrop costs number1 cents ,",how many gumdrops can I buy ?
Darnel sprinted number0 lap and then took a break by jogging number1 lap . How much farther did Darnel sprint than jog ?,0.875 0.75,- number0 number1,0.125,"[1, 2, 3, 10, 11, 12, 19, 20, 21]",Darnel sprinted number0 lap and then took a break by jogging number1 lap .,How much farther did Darnel sprint than jog ?
"Fred has number0 yellow balloons , Sam has number1 yellow balloons , and Mary has number2 yellow balloons . The balloons cost number3 dollars . How many yellow balloons do they have in total ?",5.0 6.0 7.0 5.0,+ + number0 number1 number2,18.0,"[1, 2, 3, 7, 8, 9, 14, 15, 16, 21, 22, 23, 31, 32, 33]","Fred has number0 yellow balloons , Sam has number1 yellow balloons , and Mary has number2 yellow balloons . The balloons cost number3 dollars .",How many yellow balloons do they have in total ?
There are number0 walnut trees and number1 orange trees currently in the park . Park workers had to cut down number2 walnut trees that were damaged . How many walnut trees will be in the park when the workers are finished ?,42.0 12.0 13.0,- number0 number2,29.0,"[1, 2, 3, 5, 6, 7, 19, 20, 21, 38, 39, 40]",There are number0 walnut trees and number1 orange trees currently in the park . Park workers had to cut down number2 walnut trees that were damaged .,How many walnut trees will be in the park when the workers are finished ?
Tom has number0 yellow balloons . Sara has number1 yellow balloons . How many yellow balloons do they have in total ?,9.0 8.0,+ number0 number1,17.0,"[1, 2, 3, 7, 8, 9, 18, 19, 20]",Tom has number0 yellow balloons . Sara has number1 yellow balloons .,How many yellow balloons do they have in total ?
A fruit farm packs oranges in boxes that hold number0 each . One day it packs number1 oranges . How many boxes did they use ?,10.0 2650.0,/ number1 number0,265.0,"[8, 9, 10, 15, 16, 17, 22, 23, 24]",A fruit farm packs oranges in boxes that hold number0 each . One day it packs number1 oranges .,How many boxes did they use ?
Karen has number0 crayons . Cindy has number1 crayons . How many more crayons does Karen have than Cindy ?,639.0 504.0,- number0 number1,135.0,"[1, 2, 3, 6, 7, 8, 16, 17, 18]",Karen has number0 crayons . Cindy has number1 crayons .,How many more crayons does Karen have than Cindy ?
Luke had number0 stickers . He bought number1 stickers from a store in the mall and got number2 stickers for his birthday . Then Luke gave number3 of the stickers to his sister and used number4 to decorate a greeting card . How many stickers does Luke have left ?,20.0 12.0 20.0 5.0 8.0,- - + + number0 number1 number0 number3 number4,39.0,"[1, 2, 3, 6, 7, 8, 16, 17, 18, 25, 26, 27, 34, 35, 36, 46, 47, 48]",Luke had number0 stickers . He bought number1 stickers from a store in the mall and got number2 stickers for his birthday . Then Luke gave number3 of the stickers to his sister and used number4 to decorate a greeting card .,How many stickers does Luke have left ?
There were number0 roses in the vase . Mary cut some roses from her flower garden . There are now number1 roses in the vase . How many roses did she cut ?,6.0 16.0,- number1 number0,10.0,"[1, 2, 3, 19, 20, 21, 29, 30, 31]",There were number0 roses in the vase . Mary cut some roses from her flower garden . There are now number1 roses in the vase .,How many roses did she cut ?
For the school bake sale Wendy made pastries . She baked number0 cupcakes and number1 cookies . After the sale she had number2 to take back home . How many pastries did she sell ?,4.0 29.0 24.0,- + number0 number1 number2,9.0,"[10, 11, 12, 13, 14, 15, 21, 22, 23, 31, 32, 33]",For the school bake sale Wendy made pastries . She baked number0 cupcakes and number1 cookies . After the sale she had number2 to take back home .,How many pastries did she sell ?
"Paul got a box of number0 crayons for his birthday . At the end of the school year , he only had number1 left . How many crayons had been lost or given away ?",479.0 134.0,- number0 number1,345.0,"[4, 5, 6, 23, 24, 25, 35, 36, 37]","Paul got a box of number0 crayons for his birthday . At the end of the school year , he only had number1 left .",How many crayons had been lost or given away ?
Kelly 's chemistry textbook weighs number0 pounds and her geometry textbook weighs number1 pound . How much more does the chemistry textbook weigh than the geometry textbook ?,7.125 0.625,- number0 number1,6.5,"[4, 5, 6, 11, 12, 13, 24, 25, 26]",Kelly 's chemistry textbook weighs number0 pounds and her geometry textbook weighs number1 pound .,How much more does the chemistry textbook weigh than the geometry textbook ?
"At the beach , Janet and her sister both built sandcastles and then measured their heights . Janet 's sandcastle was number0 feet tall and her sister 's was number1 feet tall . How much taller was Janet 's sandcastle than her sister 's ?",3.6666666666666665 2.3333333333333335,- number0 number1,1.3333333333333333,"[20, 21, 22, 28, 29, 30, 41, 42, 43]","At the beach , Janet and her sister both built sandcastles and then measured their heights . Janet 's sandcastle was number0 feet tall and her sister 's was number1 feet tall .",How much taller was Janet 's sandcastle than her sister 's ?
"Carefully following a recipe , Kenny used exactly number0 cup of oil and number1 cups of water . How many cups of liquid did Kenny use in all ?",0.16666666666666666 1.1666666666666667,+ number0 number1,1.3333333333333333,"[7, 8, 9, 12, 13, 14, 25, 26, 27]","Carefully following a recipe , Kenny used exactly number0 cup of oil and number1 cups of water .",How many cups of liquid did Kenny use in all ?
"A worksheet had number0 problems on it . If a teacher had number1 worksheets to grade and had already graded number2 of them , how many more problems does she have to grade ?",7.0 17.0 8.0,* number0 - number1 number2,63.0,"[2, 3, 4, 11, 12, 13, 19, 20, 21, 30, 31, 32]","A worksheet had number0 problems on it . If a teacher had number1 worksheets to grade and had already graded number2 of them ,",how many more problems does she have to grade ?
"A pet shelter had number0 puppies when another number1 were brought in . If number2 puppies a day are adopted , how long would it take for all of them to be adopted ?",5.0 35.0 8.0,/ + number0 number1 number2,5.0,"[3, 4, 5, 7, 8, 9, 13, 14, 15, 30, 31, 32]","A pet shelter had number0 puppies when another number1 were brought in . If number2 puppies a day are adopted ,",how long would it take for all of them to be adopted ?
Fred had number0 dimes in his bank . His sister borrowed number1 of his dimes . How many dimes does Fred have now ?,7.0 3.0,- number0 number1,4.0,"[1, 2, 3, 10, 11, 12, 20, 21, 22]",Fred had number0 dimes in his bank . His sister borrowed number1 of his dimes .,How many dimes does Fred have now ?
Sally had number0 quarters in her bank . She spent number1 of her quarters . How many quarters does she have now ?,760.0 418.0,- number0 number1,342.0,"[1, 2, 3, 9, 10, 11, 19, 20, 21]",Sally had number0 quarters in her bank . She spent number1 of her quarters .,How many quarters does she have now ?
Lisa rented number0 DVDs for $ number1 . How much did each DVD cost to rent ?,4.0 4.8,/ number1 number0,1.2,"[1, 2, 3, 5, 6, 7, 13, 14, 15]",Lisa rented number0 DVDs for $ number1 .,How much did each DVD cost to rent ?
"While on vacation , Megan took number0 pictures at the zoo and number1 at the museum . If she later deleted number2 of the pictures , how many pictures from her vacation did she still have ?",15.0 18.0 31.0,- + number0 number1 number2,2.0,"[5, 6, 7, 11, 12, 13, 20, 21, 22, 33, 34, 35]","While on vacation , Megan took number0 pictures at the zoo and number1 at the museum . If she later deleted number2 of the pictures ,",how many pictures from her vacation did she still have ?
"For Halloween Sarah received number0 pieces of candy from neighbors and number1 pieces from her older sister . If she only ate number2 pieces a day , how long would the candy last her ?",66.0 15.0 9.0,/ + number0 number1 number2,9.0,"[3, 4, 5, 10, 11, 12, 21, 22, 23, 31, 32, 33]","For Halloween Sarah received number0 pieces of candy from neighbors and number1 pieces from her older sister . If she only ate number2 pieces a day ,",how long would the candy last her ?
A DVD book holds number0 DVDs . There are number1 DVDs already in the book . How many more DVDs can be put in the book ?,126.0 81.0,- number0 number1,45.0,"[3, 4, 5, 8, 9, 10, 23, 24, 25]",A DVD book holds number0 DVDs . There are number1 DVDs already in the book .,How many more DVDs can be put in the book ?
"If Benjamin skated number0 kilometers at number1 kilometers per hour , how long was Benjamin skating ?",80.0 10.0,/ number0 number1,8.0,"[2, 3, 4, 5, 6, 7, 13, 14, 15]","If Benjamin skated number0 kilometers at number1 kilometers per hour ,",how long was Benjamin skating ?
"The selling price of a pair of pants is number0 dollars . If the store paid number1 dollars less for the pants , find the price that the store paid , in dollars .",34.0 8.0,- number0 number1,26.0,"[8, 9, 10, 15, 16, 17, 30, 31, 32]","The selling price of a pair of pants is number0 dollars . If the store paid number1 dollars less for the pants ,","find the price that the store paid , in dollars ."
"Fred went to number0 basketball games this year , but missed number1 . He went to number2 games last year . How many basketball games did Fred go to in total ?",36.0 35.0 11.0,+ number0 number2,47.0,"[2, 3, 4, 10, 11, 12, 15, 16, 17, 28, 29, 30]","Fred went to number0 basketball games this year , but missed number1 . He went to number2 games last year .",How many basketball games did Fred go to in total ?
A dealer pays number0 dollars for a car . The dealer wants to make a profit that is number1 % of the selling price . For how much should the dealer sell the car ?,6000.0 25.0,* number0 + 1.0 * number1 0.01,7500.0,"[2, 3, 4, 17, 18, 19, 31, 32, 33]",A dealer pays number0 dollars for a car . The dealer wants to make a profit that is number1 % of the selling price . For,how much should the dealer sell the car ?
Mrs. Hilt has number0 markers . They are divided equally into number1 packages . Mrs. Hilt wants to know how many markers are in each package ?,40.0 7.0,/ number0 number1,5.0,"[2, 3, 4, 10, 11, 12, 23, 24, 25]",Mrs. Hilt has number0 markers . They are divided equally into number1 packages . Mrs. Hilt wants to know,how many markers are in each package ?
Mrs. Hilt read number0 books . Each book had number1 chapters in it . How many chapters did Mrs. Hilt read ?,4.0 17.0,* number0 number1,68.0,"[2, 3, 4, 8, 9, 10, 18, 19, 20]",Mrs. Hilt read number0 books . Each book had number1 chapters in it .,How many chapters did Mrs. Hilt read ?
Wendy uploaded number0 pictures to Facebook . She put number1 pics into one album and put the rest into number2 different albums . How many pictures were in each album ?,79.0 44.0 5.0,/ - number0 number1 number2,7.0,"[1, 2, 3, 8, 9, 10, 18, 19, 20, 27, 28, 29]",Wendy uploaded number0 pictures to Facebook . She put number1 pics into one album and put the rest into number2 different albums .,How many pictures were in each album ?
You have number0 cookies and want to share them equally with number1 people . How many cookies would each person get ?,24.0 6.0,/ number0 number1,4.0,"[1, 2, 3, 10, 11, 12, 18, 19, 20]",You have number0 cookies and want to share them equally with number1 people .,How many cookies would each person get ?
"A trivia team had number0 members total , but during a game number1 members did n't show up . If each member that did show up scored number2 points , how many points were scored total ?",9.0 3.0 2.0,* number2 - number0 number1,12.0,"[3, 4, 5, 11, 12, 13, 26, 27, 28, 33, 34, 35]","A trivia team had number0 members total , but during a game number1 members did n't show up . If each member that did show up scored number2 points ,",how many points were scored total ?
Jose has number0 peanuts . Kenya has number1 more than Jose . How many peanuts does Kenya have ?,85.0 48.0,+ number0 number1,133.0,"[1, 2, 3, 6, 7, 8, 15, 16, 17]",Jose has number0 peanuts . Kenya has number1 more than Jose .,How many peanuts does Kenya have ?
At a company picnic number0 managers and number1 employees decided to start a game of volleyball . If they split into number2 teams how many people would be on each team ?,23.0 7.0 6.0,/ + number0 number1 number2,5.0,"[3, 4, 5, 6, 7, 8, 20, 21, 22, 28, 29, 30]",At a company picnic number0 managers and number1 employees decided to start a game of volleyball . If they split into number2 teams,how many people would be on each team ?
"Will was organizing his baseball cards in a binder with number0 on each page . If he had number1 new cards and number2 old cards to put in the binder , how many pages would he use ?",3.0 8.0 10.0,/ + number1 number2 number0,6.0,"[9, 10, 11, 17, 18, 19, 21, 22, 23, 34, 35, 36]","Will was organizing his baseball cards in a binder with number0 on each page . If he had number1 new cards and number2 old cards to put in the binder ,",how many pages would he use ?
"A trivia team had number0 members total , but during a game number1 members did n't show up . If each member that did show up scored number2 points , how many points were scored total ?",15.0 6.0 3.0,* number2 - number0 number1,27.0,"[3, 4, 5, 11, 12, 13, 26, 27, 28, 33, 34, 35]","A trivia team had number0 members total , but during a game number1 members did n't show up . If each member that did show up scored number2 points ,",how many points were scored total ?
How many yards of material from a number0 yard length of cloth remains after number1 pieces each number2 yards long and number3 pieces each number4 long are removed ?,24.0 3.0 3.5 5.0 2.25,- - number0 * number1 number2 * number3 number4,2.25,"[6, 7, 8, 13, 14, 15, 16, 17, 18, 20, 21, 22, 23, 24, 25, 25, 26, 27]",Empty,How many yards of material from a number0 yard length of cloth remains after number1 pieces each number2 yards long and number3 pieces each number4 long are removed ?
Sarah has number0 boxes of apples . Each box holds number1 apples . How many apples does Sarah have ?,7.0 7.0,* number0 number0,49.0,"[1, 2, 3, 9, 10, 11, 16, 17, 18]",Sarah has number0 boxes of apples . Each box holds number1 apples .,How many apples does Sarah have ?
"Isabel was selling her necklaces at a garage sale . She sold number0 bead necklaces and number1 gem stone necklaces . If each necklace cost number2 dollars , how much money did she earn ?",3.0 3.0 6.0,* number2 + number0 number0,36.0,"[11, 12, 13, 15, 16, 17, 24, 25, 26, 31, 32, 33]","Isabel was selling her necklaces at a garage sale . She sold number0 bead necklaces and number1 gem stone necklaces . If each necklace cost number2 dollars ,",how much money did she earn ?
There are number0 calories in a candy bar . How many calories are there in number1 candy bars ?,31.0 11.0,* number0 number1,341.0,"[1, 2, 3, 14, 15, 16, 15, 16, 17]",There are number0 calories in a candy bar .,How many calories are there in number1 candy bars ?
"A florist had number0 roses . If she sold number1 of them and then later picked number2 more , how many roses would she have ?",6.0 5.0 12.0,- + number0 number2 number1,13.0,"[2, 3, 4, 8, 9, 10, 15, 16, 17, 22, 23, 24]","A florist had number0 roses . If she sold number1 of them and then later picked number2 more ,",how many roses would she have ?
"Tim got number0 nickels and number1 dimes for shining shoes , and in his tip jar found number2 dimes and number3 half - dollars . How much money did Tim get ?",3.0 13.0 7.0 9.0,+ + + * number0 0.05 * number1 0.1 * number2 0.1 * number3 0.5,6.65,"[1, 2, 3, 4, 5, 6, 16, 17, 18, 19, 20, 21, 28, 29, 30]","Tim got number0 nickels and number1 dimes for shining shoes , and in his tip jar found number2 dimes and number3 half - dollars .",How much money did Tim get ?
Adam has $ number0 to buy an airplane that costs $ number1 . How much change will Adam get ?,5.0 4.28,- number0 number1,0.72,"[2, 3, 4, 10, 11, 12, 16, 17, 18]",Adam has $ number0 to buy an airplane that costs $ number1 .,How much change will Adam get ?
"There are number0 students trying out for the school 's trivia teams . If number1 of them did n't get picked for the team and the rest were put into number2 groups , how many students would be in each group ?",36.0 9.0 3.0,/ - number0 number1 number2,9.0,"[1, 2, 3, 13, 14, 15, 29, 30, 31, 38, 39, 40]","There are number0 students trying out for the school 's trivia teams . If number1 of them did n't get picked for the team and the rest were put into number2 groups ,",how many students would be in each group ?
"A waiter at ' The Greasy Spoon ' restaurant had number0 customers to wait on . During the lunch rush he added another number1 customers . If number2 of the customers did n't leave him a tip , how many customers did leave a tip ?",39.0 12.0 49.0,- + number0 number1 number2,2.0,"[9, 10, 11, 22, 23, 24, 26, 27, 28, 42, 43, 44]","A waiter at ' The Greasy Spoon ' restaurant had number0 customers to wait on . During the lunch rush he added another number1 customers . If number2 of the customers did n't leave him a tip ,",how many customers did leave a tip ?
"Sam had number0 socks . If he threw away number1 old ones that did n't fit and bought number2 new ones , how many socks would he have ?",10.0 3.0 36.0,- + number0 number2 number1,43.0,"[1, 2, 3, 8, 9, 10, 17, 18, 19, 25, 26, 27]","Sam had number0 socks . If he threw away number1 old ones that did n't fit and bought number2 new ones ,",how many socks would he have ?
Kelly has number0 Nintendo games . How many does Kelly need to give away so that Kelly will have number1 games left ?,121.0 22.0,- number0 number1,99.0,"[1, 2, 3, 18, 19, 20, 19, 20, 21]",Kelly has number0 Nintendo games .,How many does Kelly need to give away so that Kelly will have number1 games left ?
There are number0 eggs in a box . Harry takes number1 eggs . How many are left ?,47.0 5.0,- number0 number1,42.0,"[1, 2, 3, 9, 10, 11, 14, 15, 16]",There are number0 eggs in a box . Harry takes number1 eggs .,How many are left ?
"Fred found number0 seashells on the beach , he gave Jessica number1 of the seashells . How many seashells does he now have ?",47.0 25.0,- number0 number1,22.0,"[1, 2, 3, 10, 11, 12, 20, 21, 22]","Fred found number0 seashells on the beach , he gave Jessica number1 of the seashells .",How many seashells does he now have ?
Jason has number0 Pokemon cards . Benny bought number1 of Jason 's Pokemon cards . How many Pokemon cards does Jason have now ?,3.0 2.0,- number0 number1,1.0,"[1, 2, 3, 7, 8, 9, 22, 23, 24]",Jason has number0 Pokemon cards . Benny bought number1 of Jason 's Pokemon cards .,How many Pokemon cards does Jason have now ?
Jason has number0 Pokemon cards . Benny bought number1 of Jason 's Pokemon cards . How many Pokemon cards does Jason have now ?,3.0 2.0,- number0 number1,1.0,"[1, 2, 3, 7, 8, 9, 20, 21, 22]",Jason has number0 Pokemon cards . Benny bought number1 of Jason 's Pokemon cards .,How many Pokemon cards does Jason have now ?
Martin strolled to Lawrence 's house . It is number0 miles from Martin 's house to Lawrence 's house . It took Martin number1 hours to get there . How fast did Martin go ?,12.0 6.0,/ number0 number1,2.0,"[8, 9, 10, 22, 23, 24, 31, 32, 33]",Martin strolled to Lawrence 's house . It is number0 miles from Martin 's house to Lawrence 's house . It took Martin number1 hours to get there .,How fast did Martin go ?
"Alyssa loves eating fruits . Alyssa paid $ number0 for grapes , and $ number1 for cherries . In total , how much money did Alyssa spend ?",12.08 9.85,+ number0 number1,21.93,"[7, 8, 9, 13, 14, 15, 24, 25, 26]","Alyssa loves eating fruits . Alyssa paid $ number0 for grapes , and $ number1 for cherries . In total ,",how much money did Alyssa spend ?
Luke was selling his old games . He started out with number0 but sold number1 of them . He packed the rest up putting number2 games into each box . How many boxes did he have to use ?,39.0 19.0 4.0,/ - number0 number1 number2,5.0,"[10, 11, 12, 13, 14, 15, 23, 24, 25, 35, 36, 37]",Luke was selling his old games . He started out with number0 but sold number1 of them . He packed the rest up putting number2 games into each box .,How many boxes did he have to use ?
"Ashley sold number0 boxes of Samoas . How many cases of number1 boxes , plus extra boxes does Ashley need ?",12.0 12.0,/ number0 number0,1.0,"[1, 2, 3, 10, 11, 12, 17, 18, 19]",Ashley sold number0 boxes of Samoas .,"How many cases of number1 boxes , plus extra boxes does Ashley need ?"
A store had number0 oranges in a bin . If they threw away number1 of the old ones and put number2 new ones in the bin how many would be in the bin ?,50.0 40.0 24.0,- + number0 number2 number1,34.0,"[2, 3, 4, 12, 13, 14, 19, 20, 21, 30, 31, 32]",A store had number0 oranges in a bin . If they threw away number1 of the old ones and put number2 new ones in the bin,how many would be in the bin ?
"A new building needed number0 windows . The builder had already installed number1 of them . If it takes number2 hours to install each window , how long will it take him to install the rest ?",14.0 5.0 4.0,* number2 - number0 number1,36.0,"[3, 4, 5, 11, 12, 13, 18, 19, 20, 33, 34, 35]","A new building needed number0 windows . The builder had already installed number1 of them . If it takes number2 hours to install each window ,",how long will it take him to install the rest ?
"A painter needed to paint number0 rooms in a building . Each room takes number1 hours to paint . If he already painted number2 rooms , how much longer will he take to paint the rest ?",12.0 3.0 4.0,* number1 - number0 number2,24.0,"[4, 5, 6, 13, 14, 15, 22, 23, 24, 33, 34, 35]","A painter needed to paint number0 rooms in a building . Each room takes number1 hours to paint . If he already painted number2 rooms ,",how much longer will he take to paint the rest ?
Debra removes number0 apples from a jar . There were originally number1 apples in the jar . How many apples are left in the jar ?,22.0 57.0,- number1 number0,35.0,"[1, 2, 3, 10, 11, 12, 22, 23, 24]",Debra removes number0 apples from a jar . There were originally number1 apples in the jar .,How many apples are left in the jar ?
A restaurant served number0 cakes during lunch and number1 during dinner today . How many cakes were served today ?,6.0 9.0,+ number0 number1,15.0,"[2, 3, 4, 7, 8, 9, 16, 17, 18]",A restaurant served number0 cakes during lunch and number1 during dinner today .,How many cakes were served today ?
Mrs. Hilt needs to share $ number0 equally among number1 total people . How much money will each person get ?,3.75 3.0,/ number0 number1,1.25,"[5, 6, 7, 8, 9, 10, 17, 18, 19]",Mrs. Hilt needs to share $ number0 equally among number1 total people .,How much money will each person get ?
Joan has number0 blue balloons but lost number1 of them . How many blue balloons does Joan have now ?,9.0 2.0,- number0 number1,7.0,"[1, 2, 3, 6, 7, 8, 16, 17, 18]",Joan has number0 blue balloons but lost number1 of them .,How many blue balloons does Joan have now ?
Sean has number0 whistles . He has number1 more whistles that Charles . How many whistles does Charles have ?,45.0 32.0,- number0 number1,13.0,"[1, 2, 3, 6, 7, 8, 16, 17, 18]",Sean has number0 whistles . He has number1 more whistles that Charles .,How many whistles does Charles have ?
"If there are number0 erasers in a box and Patrick puts number1 more erasers inside , how many erasers are in the box ?",76.0 9.0,+ number0 number1,85.0,"[2, 3, 4, 10, 11, 12, 20, 21, 22]","If there are number0 erasers in a box and Patrick puts number1 more erasers inside ,",how many erasers are in the box ?
There are number0 flowers and number1 bees . How many fewer bees are there than flowers ?,5.0 3.0,- number0 number1,2.0,"[1, 2, 3, 4, 5, 6, 13, 14, 15]",There are number0 flowers and number1 bees .,How many fewer bees are there than flowers ?
Dan has $ number0 . He bought a candy bar for $ number1 . How much money is left ?,3.0 1.0,- number0 number1,2.0,"[2, 3, 4, 11, 12, 13, 16, 17, 18]",Dan has $ number0 . He bought a candy bar for $ number1 .,How much money is left ?
"The mini library also has a section for the classics . If Jack has a collection of number0 classic authors , with each author having number1 books , how many books does he have in the classics section ?",6.0 33.0,* number0 number1,198.0,"[16, 17, 18, 24, 25, 26, 35, 36, 37]","The mini library also has a section for the classics . If Jack has a collection of number0 classic authors , with each author having number1 books ,",how many books does he have in the classics section ?
"Amy had number0 music files and number1 video files on her flash drive . If she deleted number2 of the files , how many files were still on her flash drive ?",26.0 36.0 48.0,- + number0 number1 number2,14.0,"[1, 2, 3, 5, 6, 7, 16, 17, 18, 28, 29, 30]","Amy had number0 music files and number1 video files on her flash drive . If she deleted number2 of the files ,",how many files were still on her flash drive ?
Ernest starts with number0 crayons . Jennifer takes number1 away . How many crayons does Ernest end with ?,17.0 6.0,- number0 number1,11.0,"[2, 3, 4, 7, 8, 9, 15, 16, 17]",Ernest starts with number0 crayons . Jennifer takes number1 away .,How many crayons does Ernest end with ?
"Jenny sold number0 boxes of Trefoils . How many cases of number1 boxes , plus extra boxes does Jenny need to deliver ?",24.0 8.0,/ number0 number1,3.0,"[1, 2, 3, 10, 11, 12, 19, 20, 21]",Jenny sold number0 boxes of Trefoils .,"How many cases of number1 boxes , plus extra boxes does Jenny need to deliver ?"
"Carson ’ s teacher gives out gold stars for great math work . Yesterday , Carson earned number0 gold stars . Today , he earned number1 more . How many gold stars did Carson earn in all ?",6.0 9.0,+ number0 number1,15.0,"[15, 16, 17, 23, 24, 25, 35, 36, 37]","Carson ’ s teacher gives out gold stars for great math work . Yesterday , Carson earned number0 gold stars . Today , he earned number1 more .",How many gold stars did Carson earn in all ?
"Joan 's high school played number0 baseball games this year , number1 of the games were played at night . She attended number2 games . How many baseball games did Joan miss ?",864.0 128.0 395.0,- number0 number2,469.0,"[4, 5, 6, 10, 11, 12, 21, 22, 23, 29, 30, 31]","Joan 's high school played number0 baseball games this year , number1 of the games were played at night . She attended number2 games .",How many baseball games did Joan miss ?
A group of number0 friends went into a restaurant . The chef already had number1 chicken wings cooked but cooked number2 more for the group . If they each got the same amount how many would each person get ?,3.0 6.0 3.0,/ + number0 number1 number0,3.0,"[2, 3, 4, 13, 14, 15, 19, 20, 21, 36, 37, 38]",A group of number0 friends went into a restaurant . The chef already had number1 chicken wings cooked but cooked number2 more for the group . If they each got the same amount,how many would each person get ?
"A company invited number0 people to a luncheon , but number1 of them did n't show up . If the tables they had held number2 people each , how many tables do they need ?",24.0 10.0 7.0,/ - number0 number1 number2,2.0,"[2, 3, 4, 9, 10, 11, 23, 24, 25, 31, 32, 33]","A company invited number0 people to a luncheon , but number1 of them did n't show up . If the tables they had held number2 people each ,",how many tables do they need ?
"Last Saturday , Marie sold number0 magazines and number1 newspapers . What is the total number of reading materials she sold ?",425.0 275.0,+ number0 number1,700.0,"[4, 5, 6, 7, 8, 9, 18, 19, 20]","Last Saturday , Marie sold number0 magazines and number1 newspapers .",What is the total number of reading materials she sold ?
Joshua has number0 bottle caps . He buys number1 more . How many bottle caps does Joshua have in all ?,40.0 7.0,+ number0 number1,47.0,"[1, 2, 3, 7, 8, 9, 17, 18, 19]",Joshua has number0 bottle caps . He buys number1 more .,How many bottle caps does Joshua have in all ?
Nancy uploaded number0 pictures to Facebook . She put number1 pics into one album and put the rest into number2 different albums . How many pictures were in each album ?,41.0 37.0 2.0,/ - number0 number1 number2,2.0,"[1, 2, 3, 8, 9, 10, 18, 19, 20, 27, 28, 29]",Nancy uploaded number0 pictures to Facebook . She put number1 pics into one album and put the rest into number2 different albums .,How many pictures were in each album ?
Melanie picked number0 plums and number1 oranges from the orchard . She gave number2 plums to Sam . How many plums does she have now ?,7.0 4.0 3.0,- number0 number2,4.0,"[1, 2, 3, 4, 5, 6, 12, 13, 14, 22, 23, 24]",Melanie picked number0 plums and number1 oranges from the orchard . She gave number2 plums to Sam .,How many plums does she have now ?
A restaurant served number0 pizzas during lunch and number1 during dinner today . How many pizzas were served today ?,9.0 6.0,+ number0 number1,15.0,"[2, 3, 4, 7, 8, 9, 16, 17, 18]",A restaurant served number0 pizzas during lunch and number1 during dinner today .,How many pizzas were served today ?
Mariela was in the hospital and she got number0 get well cards from around the country . When she got home she got number1 more cards from friends and family . How many get well cards did Mariela get ?,403.0 287.0,+ number0 number1,690.0,"[7, 8, 9, 22, 23, 24, 38, 39, 40]",Mariela was in the hospital and she got number0 get well cards from around the country . When she got home she got number1 more cards from friends and family .,How many get well cards did Mariela get ?
There are number0 short trees and number1 tall trees currently in the park . Park workers will plant number2 short trees today . How many short trees will the park have when the workers are finished ?,112.0 119.0 105.0,+ number0 number2,217.0,"[1, 2, 3, 5, 6, 7, 17, 18, 19, 33, 34, 35]",There are number0 short trees and number1 tall trees currently in the park . Park workers will plant number2 short trees today .,How many short trees will the park have when the workers are finished ?
"Last year , number0 people were born in a country , and number1 people immigrated to it . How many new people began living in the country last year ?",90171.0 16320.0,+ number0 number1,106491.0,"[2, 3, 4, 11, 12, 13, 26, 27, 28]","Last year , number0 people were born in a country , and number1 people immigrated to it .",How many new people began living in the country last year ?
"At the town carnival Oliver rode the ferris wheel number0 times and the bumper cars number1 times . If each ride cost number2 tickets , how many tickets did he use ?",5.0 4.0 7.0,* number2 + number0 number1,63.0,"[8, 9, 10, 14, 15, 16, 21, 22, 23, 28, 29, 30]","At the town carnival Oliver rode the ferris wheel number0 times and the bumper cars number1 times . If each ride cost number2 tickets ,",how many tickets did he use ?
"For the school bake sale Bianca made number0 cupcakes . If she sold number1 of them and then made number2 more , how many cupcakes would she have ?",14.0 6.0 17.0,- + number0 number2 number1,25.0,"[6, 7, 8, 12, 13, 14, 18, 19, 20, 25, 26, 27]","For the school bake sale Bianca made number0 cupcakes . If she sold number1 of them and then made number2 more ,",how many cupcakes would she have ?
"The value of a sport utility vehicle this year is number0 dollars , which is number1 of what its value was last year . How much is the value of the vehicle last year ?",16000.0 0.8,/ number0 number1,20000.0,"[9, 10, 11, 14, 15, 16, 31, 32, 33]","The value of a sport utility vehicle this year is number0 dollars , which is number1 of what its value was last year .",How much is the value of the vehicle last year ?
There were number0 girls and number1 boys on the playground at recess . How many children were there in all ?,28.0 35.0,+ number0 number1,63.0,"[1, 2, 3, 4, 5, 6, 17, 18, 19]",There were number0 girls and number1 boys on the playground at recess .,How many children were there in all ?
"Find the product of number0 , number1 , number2 and number3 .",-2.0 -15.0 4.0 -1.0,* * * number0 number1 number2 number3,-120.0,"[3, 4, 5, 5, 6, 7, 7, 8, 9, 9, 10, 11, 8, 9, 10]",Empty,"Find the product of number0 , number1 , number2 and number3 ."
"Luke was organizing his baseball cards in a binder with number0 on each page . If he had number1 new cards and number2 old cards to put in the binder , how many pages would he use ?",3.0 3.0 9.0,/ + number0 number2 number0,4.0,"[9, 10, 11, 17, 18, 19, 21, 22, 23, 34, 35, 36]","Luke was organizing his baseball cards in a binder with number0 on each page . If he had number1 new cards and number2 old cards to put in the binder ,",how many pages would he use ?
Carol starts with number0 blocks . She loses number1 . How many blocks does Carol end with ?,42.0 25.0,- number0 number1,17.0,"[2, 3, 4, 7, 8, 9, 14, 15, 16]",Carol starts with number0 blocks . She loses number1 .,How many blocks does Carol end with ?
"At a restaurant each adult meal costs $ number0 and kids eat free . If a group of number1 people came in and number2 were kids , how much would it cost for the group to eat ?",7.0 13.0 9.0,* number0 - number1 number2,28.0,"[7, 8, 9, 17, 18, 19, 22, 23, 24, 34, 35, 36]","At a restaurant each adult meal costs $ number0 and kids eat free . If a group of number1 people came in and number2 were kids ,",how much would it cost for the group to eat ?
Joan decided to sell all of her old books . She gathered up number0 books to sell . She sold number1 books in a yard sale . How many books does Joan now have ?,33.0 26.0,- number0 number1,7.0,"[12, 13, 14, 19, 20, 21, 31, 32, 33]",Joan decided to sell all of her old books . She gathered up number0 books to sell . She sold number1 books in a yard sale .,How many books does Joan now have ?
"John had number0 action figures , but needed number1 total for a complete collection . If each one costs $ number2 , how much money would he need to finish his collection ?",5.0 7.0 5.0,* number0 - number1 number0,10.0,"[1, 2, 3, 7, 8, 9, 19, 20, 21, 29, 30, 31]","John had number0 action figures , but needed number1 total for a complete collection . If each one costs $ number2 ,",how much money would he need to finish his collection ?
The town of Milburg has number0 grown - ups and number1 children . How many people live in Milburg ?,5256.0 2987.0,+ number0 number1,8243.0,"[4, 5, 6, 9, 10, 11, 16, 17, 18]",The town of Milburg has number0 grown - ups and number1 children .,How many people live in Milburg ?
"A waiter had number0 tables he was waiting on , with number1 women and number2 men at each table . How many customers total did the waiter have ?",5.0 5.0 3.0,* number0 + number0 number2,40.0,"[2, 3, 4, 10, 11, 12, 13, 14, 15, 25, 26, 27]","A waiter had number0 tables he was waiting on , with number1 women and number2 men at each table .",How many customers total did the waiter have ?
"Dave was helping the cafeteria workers pick up lunch trays , but he could only carry number0 trays at a time . If he had to pick up number1 trays from one table and number2 trays from another , how many trips will he make ?",9.0 17.0 55.0,/ + number1 number2 number0,8.0,"[15, 16, 17, 27, 28, 29, 33, 34, 35, 42, 43, 44]","Dave was helping the cafeteria workers pick up lunch trays , but he could only carry number0 trays at a time . If he had to pick up number1 trays from one table and number2 trays from another ,",how many trips will he make ?
There are number0 butterflies . Each butterfly has number1 black dots and number2 yellow dots . How many black dots are there in all ?,397.0 12.0 17.0,* number0 number1,4764.0,"[1, 2, 3, 7, 8, 9, 11, 12, 13, 21, 22, 23]",There are number0 butterflies . Each butterfly has number1 black dots and number2 yellow dots .,How many black dots are there in all ?
Jesse starts with number0 pencils . He gives number1 to Joshua . How many pencils does Jesse end with ?,78.0 44.0,- number0 number1,34.0,"[2, 3, 4, 7, 8, 9, 16, 17, 18]",Jesse starts with number0 pencils . He gives number1 to Joshua .,How many pencils does Jesse end with ?
For Halloween Faye scored number0 pieces of candy . She ate number1 pieces the first night and then her sister gave her number2 more pieces . How many pieces of candy does Faye have now ?,47.0 25.0 40.0,- + number0 number2 number1,62.0,"[3, 4, 5, 10, 11, 12, 21, 22, 23, 32, 33, 34]",For Halloween Faye scored number0 pieces of candy . She ate number1 pieces the first night and then her sister gave her number2 more pieces .,How many pieces of candy does Faye have now ?
"Ella owns number0 dogs . Each day , number1 dog eats number2 scoop of dog food and the other dog eats number3 scoop . Together , how much dog food do the number4 dogs eat each day ?",2.0 1.0 0.125 0.125 2.0,+ number2 number2,0.25,"[1, 2, 3, 7, 8, 9, 10, 11, 12, 20, 21, 22, 31, 32, 33, 34, 35, 36]","Ella owns number0 dogs . Each day , number1 dog eats number2 scoop of dog food and the other dog eats number3 scoop . Together ,",how much dog food do the number4 dogs eat each day ?
"Keith loves trading cards . She bought number0 packs of Digimon cards for $ number1 each , and a deck of baseball cards for $ number2 . How much did Keith spend on cards ?",4.0 4.45 6.06,+ * number0 number1 number2,23.86,"[6, 7, 8, 13, 14, 15, 24, 25, 26, 31, 32, 33]","Keith loves trading cards . She bought number0 packs of Digimon cards for $ number1 each , and a deck of baseball cards for $ number2 .",How much did Keith spend on cards ?
There are number0 orchid bushes currently in the park . Park workers will plant number1 orchid bushes today and number2 orchid bushes tomorrow . It took number3 workers to finish the work . How many orchid bushes will the park have when the workers are finished ?,47.0 37.0 25.0 35.0,+ + number0 number1 number2,109.0,"[1, 2, 3, 13, 14, 15, 18, 19, 20, 25, 26, 27, 43, 44, 45]",There are number0 orchid bushes currently in the park . Park workers will plant number1 orchid bushes today and number2 orchid bushes tomorrow . It took number3 workers to finish the work .,How many orchid bushes will the park have when the workers are finished ?
It took Amanda number0 hours to stroll to Kimberly 's house at number1 miles per hour . How far is it between Amanda 's house and Kimberly 's house ?,2.0 4.0,* number0 number1,8.0,"[2, 3, 4, 11, 12, 13, 26, 27, 28]",It took Amanda number0 hours to stroll to Kimberly 's house at number1 miles per hour .,How far is it between Amanda 's house and Kimberly 's house ?
"Will made number0 dollars mowing lawns over the summer . If he spent number1 dollars buying new mower blades , how many number2 dollar games could he buy with the money he had left ?",104.0 41.0 9.0,/ - number0 number1 number2,7.0,"[1, 2, 3, 12, 13, 14, 21, 22, 23, 31, 32, 33]","Will made number0 dollars mowing lawns over the summer . If he spent number1 dollars buying new mower blades ,",how many number2 dollar games could he buy with the money he had left ?
"At Billy 's Restaurant a group with number0 adults and number1 children came in to eat . If each meal cost number2 dollars , how much was the bill ?",2.0 5.0 3.0,* number2 + number0 number1,21.0,"[6, 7, 8, 9, 10, 11, 20, 21, 22, 26, 27, 28]","At Billy 's Restaurant a group with number0 adults and number1 children came in to eat . If each meal cost number2 dollars ,",how much was the bill ?
"Oliver was organizing his baseball cards in a binder with number0 on each page . If he had number1 new cards and number2 old cards to put in the binder , how many pages would he use ?",3.0 2.0 10.0,/ + number1 number2 number0,4.0,"[9, 10, 11, 17, 18, 19, 21, 22, 23, 34, 35, 36]","Oliver was organizing his baseball cards in a binder with number0 on each page . If he had number1 new cards and number2 old cards to put in the binder ,",how many pages would he use ?
Peter starts with number0 erasers . Bridget gives Peter number1 more . How many erasers does Peter end with ?,8.0 3.0,+ number0 number1,11.0,"[2, 3, 4, 8, 9, 10, 16, 17, 18]",Peter starts with number0 erasers . Bridget gives Peter number1 more .,How many erasers does Peter end with ?
There are number0 walnut trees currently in the park . Park workers will plant number1 more walnut trees today . How many walnut trees will the park have when the workers are finished ?,4.0 6.0,+ number0 number1,10.0,"[1, 2, 3, 13, 14, 15, 30, 31, 32]",There are number0 walnut trees currently in the park . Park workers will plant number1 more walnut trees today .,How many walnut trees will the park have when the workers are finished ?
"Each chocolate bar in a box cost $ number0 . If a box had number1 bars total and Emily sold all but number2 bars , how much money would she have made ?",4.0 8.0 3.0,* number0 - number1 number2,20.0,"[7, 8, 9, 13, 14, 15, 21, 22, 23, 29, 30, 31]","Each chocolate bar in a box cost $ number0 . If a box had number1 bars total and Emily sold all but number2 bars ,",how much money would she have made ?
Bruce has number0 eggs . Kimberly has number1 eggs . He loses number2 . How many eggs will Bruce have ?,75.0 17.0 70.0,- number0 number2,5.0,"[1, 2, 3, 6, 7, 8, 11, 12, 13, 17, 18, 19]",Bruce has number0 eggs . Kimberly has number1 eggs . He loses number2 .,How many eggs will Bruce have ?
Keith has number0 books . Jason has number1 books . How many books do they have together ?,20.0 21.0,+ number0 number1,41.0,"[1, 2, 3, 6, 7, 8, 14, 15, 16]",Keith has number0 books . Jason has number1 books .,How many books do they have together ?
"There school 's baseball team had number0 new players and number1 returning players . If the coach put them into groups with number2 players in each group , how many groups would there be ?",31.0 4.0 7.0,/ + number0 number1 number2,5.0,"[5, 6, 7, 9, 10, 11, 21, 22, 23, 31, 32, 33]","There school 's baseball team had number0 new players and number1 returning players . If the coach put them into groups with number2 players in each group ,",how many groups would there be ?
Rachel was unboxing some of her old winter clothes . She found number0 boxes of clothing and inside each box there were number1 scarves and number2 mittens . How many pieces of winter clothing did Rachel have total ?,7.0 3.0 4.0,* number0 + number1 number2,49.0,"[11, 12, 13, 21, 22, 23, 24, 25, 26, 35, 36, 37]",Rachel was unboxing some of her old winter clothes . She found number0 boxes of clothing and inside each box there were number1 scarves and number2 mittens .,How many pieces of winter clothing did Rachel have total ?
Joan has number0 books . Tom has number1 books . How many books do they have together ?,10.0 38.0,+ number0 number1,48.0,"[1, 2, 3, 6, 7, 8, 14, 15, 16]",Joan has number0 books . Tom has number1 books .,How many books do they have together ?
"A farmer estimates that he will harvest number0 bushels of wheat . The weather is perfect during the growing season , so he harvests number1 bushels of wheat than expected . How many bushels of wheat does the farmer harvest ?",48097.0 684.0,+ number0 number1,48781.0,"[6, 7, 8, 23, 24, 25, 37, 38, 39]","A farmer estimates that he will harvest number0 bushels of wheat . The weather is perfect during the growing season , so he harvests number1 bushels of wheat than expected .",How many bushels of wheat does the farmer harvest ?
Kimberly went to the store number0 times last month . She buys number1 peanuts each time she goes to the store . How many peanuts did Kimberly buy last month ?,3.0 7.0,* number0 number1,21.0,"[4, 5, 6, 11, 12, 13, 27, 28, 29]",Kimberly went to the store number0 times last month . She buys number1 peanuts each time she goes to the store .,How many peanuts did Kimberly buy last month ?
"Kaleb had number0 video games but number1 of them were n't working . If he wanted to sell the working games for $ number2 each , how much money could he earn ?",10.0 8.0 6.0,* number2 - number0 number1,12.0,"[1, 2, 3, 5, 6, 7, 22, 23, 24, 29, 30, 31]","Kaleb had number0 video games but number1 of them were n't working . If he wanted to sell the working games for $ number2 each ,",how much money could he earn ?
"There school 's baseball team had number0 new players and number1 returning players . If the coach put them into groups with number2 players in each group , how many groups would there be ?",12.0 44.0 8.0,/ + number0 number1 number2,7.0,"[5, 6, 7, 9, 10, 11, 21, 22, 23, 31, 32, 33]","There school 's baseball team had number0 new players and number1 returning players . If the coach put them into groups with number2 players in each group ,",how many groups would there be ?
There are number0 dogwood trees currently in the park . Park workers will plant number1 dogwood trees today and number2 dogwood trees tomorrow . It took number3 workers to finish the work . How many dogwood trees will the park have when the workers are finished ?,7.0 5.0 4.0 8.0,+ + number0 number1 number2,16.0,"[1, 2, 3, 13, 14, 15, 18, 19, 20, 25, 26, 27, 43, 44, 45]",There are number0 dogwood trees currently in the park . Park workers will plant number1 dogwood trees today and number2 dogwood trees tomorrow . It took number3 workers to finish the work .,How many dogwood trees will the park have when the workers are finished ?
"Before the recent housing boom , there were number0 houses in Lawrence County . Now , there are number1 houses . How many houses did developers build during the housing boom ?",1426.0 2000.0,- number1 number0,574.0,"[7, 8, 9, 17, 18, 19, 28, 29, 30]","Before the recent housing boom , there were number0 houses in Lawrence County . Now , there are number1 houses .",How many houses did developers build during the housing boom ?
"April 's discount flowers was having a sale where each flower was number0 dollars . If Vanessa bought number1 roses and number2 daisies , how much did she spend ?",8.0 3.0 3.0,* number0 + number1 number1,48.0,"[11, 12, 13, 17, 18, 19, 20, 21, 22, 26, 27, 28]","April 's discount flowers was having a sale where each flower was number0 dollars . If Vanessa bought number1 roses and number2 daisies ,",how much did she spend ?
There are number0 pencils and number1 crayons in the drawer . Dan took number2 pencils from the drawer . How many pencils are now in the drawer ?,34.0 49.0 22.0,- number0 number2,12.0,"[1, 2, 3, 4, 5, 6, 12, 13, 14, 24, 25, 26]",There are number0 pencils and number1 crayons in the drawer . Dan took number2 pencils from the drawer .,How many pencils are now in the drawer ?
There are number0 pencils in the drawer . Sara placed number1 more pencils in the drawer . How many pencils are now there in all ?,115.0 100.0,+ number0 number1,215.0,"[1, 2, 3, 9, 10, 11, 24, 25, 26]",There are number0 pencils in the drawer . Sara placed number1 more pencils in the drawer .,How many pencils are now there in all ?
"During a school play , Jonah staffed the snack bar . He served number0 pitcher of lemonade during the first intermission , number1 pitcher during the second , and number2 pitcher during the third . How many pitchers of lemonade did Jonah pour in all ?",0.25 0.4166666666666667 0.25,+ + number0 number0 number1,0.9166666666666666,"[12, 13, 14, 21, 22, 23, 28, 29, 30, 42, 43, 44]","During a school play , Jonah staffed the snack bar . He served number0 pitcher of lemonade during the first intermission , number1 pitcher during the second , and number2 pitcher during the third .",How many pitchers of lemonade did Jonah pour in all ?
I have a pet golden retriever . Each year he gains number0 pounds . He is number1 years old . How many pounds does he weigh ?,11.0 8.0,* number0 number1,88.0,"[10, 11, 12, 15, 16, 17, 23, 24, 25]",I have a pet golden retriever . Each year he gains number0 pounds . He is number1 years old .,How many pounds does he weigh ?
"Kaleb had saved up number0 dollars . If he received another number1 dollars for his allowance , how many number2 dollar toys could he buy ?",21.0 15.0 6.0,/ + number0 number1 number2,6.0,"[3, 4, 5, 10, 11, 12, 18, 19, 20, 22, 23, 24]","Kaleb had saved up number0 dollars . If he received another number1 dollars for his allowance ,",how many number2 dollar toys could he buy ?
Mary is baking a cake . The recipe wants number0 cups of flour . She already put in number1 cups . How many cups does she need to add ?,8.0 2.0,- number0 number1,6.0,"[8, 9, 10, 17, 18, 19, 26, 27, 28]",Mary is baking a cake . The recipe wants number0 cups of flour . She already put in number1 cups .,How many cups does she need to add ?
There are number0 erasers and number1 scissors in the drawer . Jason placed number2 erasers in the drawer . How many erasers are now there in total ?,139.0 118.0 131.0,+ number0 number2,270.0,"[1, 2, 3, 4, 5, 6, 12, 13, 14, 24, 25, 26]",There are number0 erasers and number1 scissors in the drawer . Jason placed number2 erasers in the drawer .,How many erasers are now there in total ?
One pencil weighs number0 grams . How much do number1 pencils weigh ?,28.3 5.0,* number0 number1,141.5,"[2, 3, 4, 8, 9, 10, 9, 10, 11]",One pencil weighs number0 grams .,How much do number1 pencils weigh ?
Zoe was unboxing some of her old winter clothes . She found number0 boxes of clothing and inside each box there were number1 scarves and number2 mittens . How many pieces of winter clothing did Zoe have total ?,8.0 4.0 6.0,* number0 + number1 number2,80.0,"[11, 12, 13, 21, 22, 23, 24, 25, 26, 35, 36, 37]",Zoe was unboxing some of her old winter clothes . She found number0 boxes of clothing and inside each box there were number1 scarves and number2 mittens .,How many pieces of winter clothing did Zoe have total ?
"Keith grew number0 cantelopes , Fred grew number1 cantelopes , and Jason grew number2 cantelopes . How many cantelopes did they grow in total ?",29.0 16.0 20.0,+ + number0 number1 number2,65.0,"[1, 2, 3, 6, 7, 8, 14, 15, 16, 23, 24, 25]","Keith grew number0 cantelopes , Fred grew number1 cantelopes , and Jason grew number2 cantelopes .",How many cantelopes did they grow in total ?
"Ashley sold number0 boxes of Samoas . How many cases of number1 boxes , plus extra boxes does Ashley need ?",12.0 12.0,/ number0 number0,1.0,"[1, 2, 3, 10, 11, 12, 17, 18, 19]",Ashley sold number0 boxes of Samoas .,"How many cases of number1 boxes , plus extra boxes does Ashley need ?"
Adam has number0 blocks . Ann has with number1 blocks . Ann finds another number2 . How many blocks does Ann end with ?,13.0 9.0 44.0,+ number1 number2,53.0,"[1, 2, 3, 7, 8, 9, 13, 14, 15, 20, 21, 22]",Adam has number0 blocks . Ann has with number1 blocks . Ann finds another number2 .,How many blocks does Ann end with ?
"Katie picked number0 tulips and number1 roses to make flower bouquets . If she only used number2 of the flowers though , how many extra flowers did Katie pick ?",3.0 9.0 10.0,- + number0 number1 number2,2.0,"[1, 2, 3, 4, 5, 6, 15, 16, 17, 26, 27, 28]","Katie picked number0 tulips and number1 roses to make flower bouquets . If she only used number2 of the flowers though ,",how many extra flowers did Katie pick ?
Ezra drew a white line that was number0 inches long . Then he drew a blue line that was number1 inches long . How much longer was the white line than the blue line ?,7.666666666666667 3.3333333333333335,- number0 number1,4.333333333333333,"[6, 7, 8, 18, 19, 20, 31, 32, 33]",Ezra drew a white line that was number0 inches long . Then he drew a blue line that was number1 inches long .,How much longer was the white line than the blue line ?
Lisa flew number0 miles at number1 miles per hour . How long did Lisa fly ?,256.0 32.0,/ number0 number1,8.0,"[1, 2, 3, 4, 5, 6, 12, 13, 14]",Lisa flew number0 miles at number1 miles per hour .,How long did Lisa fly ?
"There were number0 friends playing a video game online when number1 more players joined the game . If each player had number2 lives , how many lives did they have total ?",2.0 2.0 8.0,* number2 + number0 number0,32.0,"[1, 2, 3, 9, 10, 11, 20, 21, 22, 28, 29, 30]","There were number0 friends playing a video game online when number1 more players joined the game . If each player had number2 lives ,",how many lives did they have total ?
"Jerry was helping the cafeteria workers pick up lunch trays , but he could only carry number0 trays at a time . If he had to pick up number1 trays from one table and number2 trays from another , how many trips will he make ?",8.0 9.0 7.0,/ + number1 number2 number0,2.0,"[15, 16, 17, 27, 28, 29, 33, 34, 35, 42, 43, 44]","Jerry was helping the cafeteria workers pick up lunch trays , but he could only carry number0 trays at a time . If he had to pick up number1 trays from one table and number2 trays from another ,",how many trips will he make ?
"Kaleb was collecting cans for recycling . On Saturday he filled number0 bags up and on Sunday he filled number1 more bags . If each bag had number2 cans in it , how many cans did he pick up total ?",4.0 6.0 4.0,* number0 + number0 number1,40.0,"[10, 11, 12, 18, 19, 20, 26, 27, 28, 37, 38, 39]","Kaleb was collecting cans for recycling . On Saturday he filled number0 bags up and on Sunday he filled number1 more bags . If each bag had number2 cans in it ,",how many cans did he pick up total ?
"The tallest player on the basketball team is number0 inches tall . This is number1 inches taller than the shortest player . How tall is the shortest player , in inches ?",77.75 9.5,- number0 number1,68.25,"[7, 8, 9, 13, 14, 15, 28, 29, 30]",The tallest player on the basketball team is number0 inches tall . This is number1 inches taller than the shortest player .,"How tall is the shortest player , in inches ?"
A restaurant served number0 cakes during lunch and number1 during dinner today . The restaurant served number2 cakes yesterday . How many cakes were served in total ?,5.0 6.0 3.0,+ + number0 number1 number2,14.0,"[2, 3, 4, 7, 8, 9, 15, 16, 17, 24, 25, 26]",A restaurant served number0 cakes during lunch and number1 during dinner today . The restaurant served number2 cakes yesterday .,How many cakes were served in total ?
Nicole found an orange caterpillar and a green caterpillar in her backyard . The green caterpillar was number0 inches long and the orange caterpillar was number1 inches long . How much longer was the green caterpillar than the orange caterpillar ?,3.0 1.1666666666666667,- number0 number1,1.8333333333333333,"[16, 17, 18, 24, 25, 26, 37, 38, 39]",Nicole found an orange caterpillar and a green caterpillar in her backyard . The green caterpillar was number0 inches long and the orange caterpillar was number1 inches long .,How much longer was the green caterpillar than the orange caterpillar ?
Sam had number0 dimes in his bank . His dad gave him number1 more dimes . How many dimes does Sam have now ?,9.0 7.0,+ number0 number1,16.0,"[1, 2, 3, 11, 12, 13, 20, 21, 22]",Sam had number0 dimes in his bank . His dad gave him number1 more dimes .,How many dimes does Sam have now ?
A recipe calls for number0 cups of sugar . You find that you only have number1 cups of sugar left . What fraction of the recipe can you make ?,2.0 0.3333,/ number1 number0,0.165,"[3, 4, 5, 14, 15, 16, 26, 27, 28]",A recipe calls for number0 cups of sugar . You find that you only have number1 cups of sugar left .,What fraction of the recipe can you make ?
"Carol and her mom were picking carrots from their garden . Carol picked number0 and her mother picked number1 . If only number2 of the carrots were good , how many bad carrots did they have ?",29.0 16.0 38.0,- + number0 number1 number2,7.0,"[12, 13, 14, 17, 18, 19, 21, 22, 23, 33, 34, 35]","Carol and her mom were picking carrots from their garden . Carol picked number0 and her mother picked number1 . If only number2 of the carrots were good ,",how many bad carrots did they have ?
Mrs. Hilt and her sister drove to a concert number0 miles away . They drove number1 miles and then stopped for gas . Her sister put number2 gallons of gas in the car . How many miles did they have left to drive ?,78.0 32.0 28.0,- number0 number1,46.0,"[8, 9, 10, 14, 15, 16, 25, 26, 27, 42, 43, 44]",Mrs. Hilt and her sister drove to a concert number0 miles away . They drove number1 miles and then stopped for gas . Her sister put number2 gallons of gas in the car .,How many miles did they have left to drive ?
"John made number0 dollars mowing lawns and number1 dollars weed eating . If he only spent number2 dollar a week , how long would the money last him ?",6.0 18.0 3.0,/ + number0 number1 number2,8.0,"[1, 2, 3, 6, 7, 8, 15, 16, 17, 25, 26, 27]","John made number0 dollars mowing lawns and number1 dollars weed eating . If he only spent number2 dollar a week ,",how long would the money last him ?
"A study reported that in a random sampling of number0 women over the age of number1 , number2 of the women were married number3 or more times . Based on the study results , how many woman in a group of number4 women over the age of number5 would likely be married number6 or more times ?",100.0 35.0 8.0 2.0 5000.0 35.0 2.0,* / number2 number0 number4,400.0,"[8, 9, 10, 11, 14, 15, 16, 17, 16, 17, 18, 19, 22, 23, 24, 25]","A study reported that in a random sampling of number0 women over the age of number1 , number2 of the women were married number3 or more times . Based on the study results ,",how many woman in a group of number4 women over the age of number5 would likely be married number6 or more times ?
Elizabeth went to the salon and had number0 inch of hair cut off . The next day she went back and asked for another number1 inch to be cut off . How much hair did she have cut off in all ?,0.375 0.5,+ number0 number1,0.875,"[6, 7, 8, 23, 24, 25, 38, 39, 40]",Elizabeth went to the salon and had number0 inch of hair cut off . The next day she went back and asked for another number1 inch to be cut off .,How much hair did she have cut off in all ?
number0 people are watching a movie in a theater . The theater has number1 seats . How many seats are empty in the theater ?,532.0 750.0,- number1 number0,218.0,"[0, 1, 12, 13, 14, 21, 22, 23]",number0 people are watching a movie in a theater . The theater has number1 seats .,How many seats are empty in the theater ?
Roden went to a pet shop . He bought number0 gold fish and number1 blue fish . How many fish did he buy ?,15.0 7.0,+ number0 number1,22.0,"[8, 9, 10, 12, 13, 14, 20, 21, 22]",Roden went to a pet shop . He bought number0 gold fish and number1 blue fish .,How many fish did he buy ?
Sandy sold lemonade in her neighborhood . She got number0 half - dollars on Saturday and number1 half - dollars on Sunday . What amount of money did Sandy receive ?,17.0 6.0,+ * number0 0.5 * number1 0.5,11.5,"[8, 9, 10, 15, 16, 17, 27, 28, 29]",Sandy sold lemonade in her neighborhood . She got number0 half - dollars on Saturday and number1 half - dollars on Sunday .,What amount of money did Sandy receive ?
A chocolate chip cookie recipe calls for number0 cups of chocolate chips . You want to make number1 recipes for a bake sale . How many cups of chocolate chips will be needed to make all the cookie recipes ?,2.0 23.0,* number0 number1,46.0,"[6, 7, 8, 16, 17, 18, 38, 39, 40]",A chocolate chip cookie recipe calls for number0 cups of chocolate chips . You want to make number1 recipes for a bake sale .,How many cups of chocolate chips will be needed to make all the cookie recipes ?
"Alyssa has number0 blue balloons , Sandy has number1 blue balloons , and Sally has number2 blue balloons . How many blue balloons do they have in all ?",37.0 28.0 39.0,+ + number0 number1 number2,104.0,"[1, 2, 3, 7, 8, 9, 14, 15, 16, 25, 26, 27]","Alyssa has number0 blue balloons , Sandy has number1 blue balloons , and Sally has number2 blue balloons .",How many blue balloons do they have in all ?
"At the schools book fair Sam bought number0 adventure books and number1 mystery books . If number2 of the books were used , how many new books did he buy ?",13.0 17.0 15.0,- + number0 number1 number2,15.0,"[6, 7, 8, 10, 11, 12, 15, 16, 17, 27, 28, 29]","At the schools book fair Sam bought number0 adventure books and number1 mystery books . If number2 of the books were used ,",how many new books did he buy ?
Fred has number0 baseball cards . Keith bought number1 of Fred 's baseball cards . How many baseball cards does Fred have now ?,40.0 22.0,- number0 number1,18.0,"[1, 2, 3, 7, 8, 9, 22, 23, 24]",Fred has number0 baseball cards . Keith bought number1 of Fred 's baseball cards .,How many baseball cards does Fred have now ?
There are number0 cards . number1 cards more are added . How many are there total ?,9.0 4.0,+ number0 number1,13.0,"[1, 2, 3, 4, 5, 6, 13, 14, 15]",There are number0 cards . number1 cards more are added .,How many are there total ?
"April 's discount flowers was having a sale where each rose was number0 dollars . If April started with number1 roses and had number2 roses left , how much money did she earn ?",4.0 13.0 4.0,* number0 - number1 number0,36.0,"[11, 12, 13, 18, 19, 20, 22, 23, 24, 30, 31, 32]","April 's discount flowers was having a sale where each rose was number0 dollars . If April started with number1 roses and had number2 roses left ,",how much money did she earn ?
A garden has number0 rows and number1 columns of bean plans . How many plants are there in all ?,52.0 15.0,* number0 number1,780.0,"[2, 3, 4, 5, 6, 7, 16, 17, 18]",A garden has number0 rows and number1 columns of bean plans .,How many plants are there in all ?
Lino picked up number0 shells at the seashore in the morning and number1 shells in the afternoon . How many shells did he pick up in all ?,292.0 324.0,+ number0 number1,616.0,"[2, 3, 4, 11, 12, 13, 24, 25, 26]",Lino picked up number0 shells at the seashore in the morning and number1 shells in the afternoon .,How many shells did he pick up in all ?
number0 birds were sitting in a tree . number1 more birds flew up to the tree . How many birds were there altogether in the tree ?,14.0 21.0,+ number0 number1,35.0,"[0, 1, 7, 8, 9, 23, 24, 25]",number0 birds were sitting in a tree . number1 more birds flew up to the tree .,How many birds were there altogether in the tree ?
Zach scored number0 points in the football game . Ben scored number1 points . How many more points did Zach score ?,42.0 21.0,- number0 number1,21.0,"[1, 2, 3, 10, 11, 12, 18, 19, 20]",Zach scored number0 points in the football game . Ben scored number1 points .,How many more points did Zach score ?
number0 students were sitting at each table in the lunchroom . There are number1 tables . How many students were sitting in the lunchroom ?,6.0 34.0,* number0 number1,204.0,"[0, 1, 12, 13, 14, 21, 22, 23]",number0 students were sitting at each table in the lunchroom . There are number1 tables .,How many students were sitting in the lunchroom ?
"At Tom 's Restaurant a group with number0 adults and number1 children came in to eat . If each meal cost number2 dollars , how much was the bill ?",2.0 5.0 8.0,* number2 + number0 number1,56.0,"[6, 7, 8, 9, 10, 11, 20, 21, 22, 26, 27, 28]","At Tom 's Restaurant a group with number0 adults and number1 children came in to eat . If each meal cost number2 dollars ,",how much was the bill ?
Megan had number0 files on her computer . She deleted number1 of them and put the rest into folders with number2 files in each one . How many folders did Megan end up with ?,93.0 21.0 8.0,/ - number0 number1 number2,9.0,"[1, 2, 3, 9, 10, 11, 19, 20, 21, 31, 32, 33]",Megan had number0 files on her computer . She deleted number1 of them and put the rest into folders with number2 files in each one .,How many folders did Megan end up with ?
"Betty has number0 oranges stored in boxes . If there are number1 boxes , how many oranges must go in each box ?",24.0 3.0,/ number0 number1,8.0,"[1, 2, 3, 10, 11, 12, 19, 20, 21]","Betty has number0 oranges stored in boxes . If there are number1 boxes ,",how many oranges must go in each box ?
Students went to a concert in number0 buses . Each bus took number1 students . How many students went to the concert ?,8.0 45.0,* number0 number1,360.0,"[5, 6, 7, 11, 12, 13, 19, 20, 21]",Students went to a concert in number0 buses . Each bus took number1 students .,How many students went to the concert ?
Alyssa has number0 books . Nancy has number1 times more books than Alyssa . How many books does Nancy have ?,36.0 7.0,* number0 number1,252.0,"[1, 2, 3, 6, 7, 8, 19, 20, 21]",Alyssa has number0 books . Nancy has number1 times more books than Alyssa .,How many books does Nancy have ?
"Joe has number0 oranges that must be put away in boxes . Daniel comes to help and brings number1 cookies to share with Joe . If there are number2 boxes , how many oranges must go in each box ?",45.0 16.0 9.0,/ number0 number2,5.0,"[1, 2, 3, 17, 18, 19, 27, 28, 29, 36, 37, 38]","Joe has number0 oranges that must be put away in boxes . Daniel comes to help and brings number1 cookies to share with Joe . If there are number2 boxes ,",how many oranges must go in each box ?
Patricia starts with number0 candies . Albert takes number1 away . How many candies does Patricia end with ?,76.0 5.0,- number0 number1,71.0,"[2, 3, 4, 7, 8, 9, 15, 16, 17]",Patricia starts with number0 candies . Albert takes number1 away .,How many candies does Patricia end with ?
"Joyce has number0 eggs . Marie gives Joyce number1 more . Later , Joyce buys number2 erasers at the store . How many eggs does Joyce have in all ?",8.0 6.0 13.0,+ number0 number1,14.0,"[1, 2, 3, 7, 8, 9, 14, 15, 16, 26, 27, 28]","Joyce has number0 eggs . Marie gives Joyce number1 more . Later , Joyce buys number2 erasers at the store .",How many eggs does Joyce have in all ?
"Tammy drove number0 miles in one hour . At that rate , how far can she drive in number1 hours ?",55.0 36.0,* number0 number1,1980.0,"[1, 2, 3, 17, 18, 19, 17, 18, 19]","Tammy drove number0 miles in one hour . At that rate ,",how far can she drive in number1 hours ?
Emily collected eggs from the hen and put them into number0 baskets . She put number1 eggs into each basket . How many eggs did Emily collect ?,303.0 28.0,* number0 number1,8484.0,"[9, 10, 11, 14, 15, 16, 24, 25, 26]",Emily collected eggs from the hen and put them into number0 baskets . She put number1 eggs into each basket .,How many eggs did Emily collect ?
Edward and his friend were buying trick decks from the magic shop for number0 dollars each . How much did they spend if Edward bought number1 decks and his friend bought number2 decks ?,9.0 4.0 4.0,* number0 + number1 number1,72.0,"[12, 13, 14, 24, 25, 26, 30, 31, 32, 30, 31, 32]",Edward and his friend were buying trick decks from the magic shop for number0 dollars each .,How much did they spend if Edward bought number1 decks and his friend bought number2 decks ?
"Nancy was organizing her book case making sure each of the shelves had exactly number0 books on it . If she had number1 shelves of mystery books and number2 shelves of picture books , how many books did she have total ?",6.0 2.0 6.0,* number0 + number0 number1,48.0,"[13, 14, 15, 21, 22, 23, 27, 28, 29, 38, 39, 40]","Nancy was organizing her book case making sure each of the shelves had exactly number0 books on it . If she had number1 shelves of mystery books and number2 shelves of picture books ,",how many books did she have total ?
"Jane ’ s dad brought home number0 marble potatoes . If Jane ’ s mom made potato salad for lunch and served an equal amount of potatoes to Jane , herself and her husband , how many potatoes did each of them have ?",24.0,/ number0 3.0,8.0,"[4, 5, 6, 7, 5, 6, 7, 8, 5, 6, 7, 8]","Jane ’ s dad brought home number0 marble potatoes . If Jane ’ s mom made potato salad for lunch and served an equal amount of potatoes to Jane , herself and her husband ,",how many potatoes did each of them have ?
Mr. Guzman bought number0 doughnuts packed equally into number1 boxes . How many doughnuts were in each box ?,48.0 4.0,/ number0 number1,12.0,"[2, 3, 4, 7, 8, 9, 15, 16, 17]",Mr. Guzman bought number0 doughnuts packed equally into number1 boxes .,How many doughnuts were in each box ?
A group of number0 friends went into a restaurant . The chef already had number1 chicken wings cooked but cooked number2 more for the group . If they each got the same amount how many would each person get ?,4.0 9.0 7.0,/ + number1 number2 number0,4.0,"[2, 3, 4, 13, 14, 15, 19, 20, 21, 36, 37, 38]",A group of number0 friends went into a restaurant . The chef already had number1 chicken wings cooked but cooked number2 more for the group . If they each got the same amount,how many would each person get ?
"At the arcade Victor won number0 tickets . If he spent number1 tickets on a beanie and later won number2 more tickets , how many would he have ?",46.0 27.0 39.0,- + number0 number2 number1,58.0,"[4, 5, 6, 10, 11, 12, 18, 19, 20, 25, 26, 27]","At the arcade Victor won number0 tickets . If he spent number1 tickets on a beanie and later won number2 more tickets ,",how many would he have ?
Sally grew number0 turnips and number1 pumpkins . Mary grew number2 turnips . How many turnips did they grow in total ?,113.0 118.0 129.0,+ number0 number2,242.0,"[1, 2, 3, 4, 5, 6, 9, 10, 11, 18, 19, 20]",Sally grew number0 turnips and number1 pumpkins . Mary grew number2 turnips .,How many turnips did they grow in total ?
A store had number0 oranges in a bin . If they threw away number1 of the old ones and put number2 new ones in the bin how many would be in the bin ?,31.0 9.0 38.0,- + number0 number2 number1,60.0,"[2, 3, 4, 12, 13, 14, 19, 20, 21, 30, 31, 32]",A store had number0 oranges in a bin . If they threw away number1 of the old ones and put number2 new ones in the bin,how many would be in the bin ?
"Logan recorded the snowfall every day during a snowstorm . He recorded number0 centimeter on Wednesday , number1 centimeter on Thursday , and number2 centimeter on Friday . How many total centimeters of snow did Logan record ?",0.3333333333333333 0.3333333333333333 0.2222222222222222,+ + number0 number0 number2,0.8888888888888888,"[11, 12, 13, 16, 17, 18, 22, 23, 24, 34, 35, 36]","Logan recorded the snowfall every day during a snowstorm . He recorded number0 centimeter on Wednesday , number1 centimeter on Thursday , and number2 centimeter on Friday .",How many total centimeters of snow did Logan record ?
"A trivia team had number0 members total , but during a game number1 members did n't show up . If each member that did show up scored number2 points , how many points were scored total ?",14.0 7.0 5.0,* number2 - number0 number1,35.0,"[3, 4, 5, 11, 12, 13, 26, 27, 28, 33, 34, 35]","A trivia team had number0 members total , but during a game number1 members did n't show up . If each member that did show up scored number2 points ,",how many points were scored total ?
There are number0 pencils and number1 rulers in the drawer . Benny placed number2 pencils in the drawer . How many pencils are now there in total ?,6.0 7.0 3.0,+ number0 number2,9.0,"[1, 2, 3, 4, 5, 6, 12, 13, 14, 24, 25, 26]",There are number0 pencils and number1 rulers in the drawer . Benny placed number2 pencils in the drawer .,How many pencils are now there in total ?
"A new building needed number0 windows . The builder had already installed number1 of them . If it takes number2 hours to install each window , how long will it take him to install the rest ?",9.0 6.0 6.0,* number1 - number0 number1,18.0,"[3, 4, 5, 11, 12, 13, 18, 19, 20, 33, 34, 35]","A new building needed number0 windows . The builder had already installed number1 of them . If it takes number2 hours to install each window ,",how long will it take him to install the rest ?
"Michael has number0 blocks stored in boxes . If there are number1 boxes , how many blocks must go in each box ?",16.0 8.0,/ number0 number1,2.0,"[1, 2, 3, 10, 11, 12, 19, 20, 21]","Michael has number0 blocks stored in boxes . If there are number1 boxes ,",how many blocks must go in each box ?
"Hoping to be named Salesperson of the Month , Rosa called the names from number0 pages of the phone book last week . This week , she called the people listed on another number1 pages of the same phone book . How many pages worth of people did Rosa call in all ?",10.2 8.6,+ number0 number1,18.8,"[13, 14, 15, 32, 33, 34, 49, 50, 51]","Hoping to be named Salesperson of the Month , Rosa called the names from number0 pages of the phone book last week . This week , she called the people listed on another number1 pages of the same phone book .",How many pages worth of people did Rosa call in all ?
"Jane had been saving large empty cans to serve as pots for sunflowers . If she has number0 sunflower seeds and there are number1 cans , how many seeds will be placed in each can if she places an equal number of seeds in each can ?",54.0 9.0,/ number0 number1,6.0,"[16, 17, 18, 22, 23, 24, 43, 44, 45]","Jane had been saving large empty cans to serve as pots for sunflowers . If she has number0 sunflower seeds and there are number1 cans ,",how many seeds will be placed in each can if she places an equal number of seeds in each can ?
"A pet shelter had number0 puppies when another number1 were brought in . If number2 puppies a day are adopted , how long would it take for all of them to be adopted ?",8.0 19.0 3.0,/ + number0 number1 number2,9.0,"[3, 4, 5, 7, 8, 9, 13, 14, 15, 30, 31, 32]","A pet shelter had number0 puppies when another number1 were brought in . If number2 puppies a day are adopted ,",how long would it take for all of them to be adopted ?
Lemon heads come in packages of number0 . Louis ate number1 Lemon Heads . How many whole boxes did he eat and how many Lemon Heads does he have left ?,6.0 54.0,/ number1 number0,9.0,"[5, 6, 7, 9, 10, 11, 27, 28, 29]",Lemon heads come in packages of number0 . Louis ate number1 Lemon Heads .,How many whole boxes did he eat and how many Lemon Heads does he have left ?
"Tom purchased a football game for $ number0 , a strategy game for $ number1 , and a Batman game for $ number2 . How much did Tom spend on video games ?",14.02 9.46 12.04,+ + number0 number1 number2,35.52,"[6, 7, 8, 13, 14, 15, 21, 22, 23, 29, 30, 31]","Tom purchased a football game for $ number0 , a strategy game for $ number1 , and a Batman game for $ number2 .",How much did Tom spend on video games ?
"Milford Lake was originally blue because it only had number0 algae plants . Now there are number1 algae plants , and the lake has turned green . How many more algae plants are in Milford Lake now ?",809.0 3263.0,- number1 number0,2454.0,"[8, 9, 10, 15, 16, 17, 34, 35, 36]","Milford Lake was originally blue because it only had number0 algae plants . Now there are number1 algae plants , and the lake has turned green .",How many more algae plants are in Milford Lake now ?
"If Karen sold number0 boxes of Tagalongs , how many cases of number1 boxes does Karen pickup from the cookie mom ?",36.0 12.0,/ number0 number1,3.0,"[2, 3, 4, 11, 12, 13, 18, 19, 20]","If Karen sold number0 boxes of Tagalongs ,",how many cases of number1 boxes does Karen pickup from the cookie mom ?
"You want to give your baseball cards to your number0 best friends . You have number1 baseball cards . How many would each get , if you share them equally ?",5.0 455.0,/ number1 number0,91.0,"[8, 9, 10, 14, 15, 16, 29, 30, 31]",You want to give your baseball cards to your number0 best friends . You have number1 baseball cards .,"How many would each get , if you share them equally ?"
Justin needs number0 paper plates for a birthday party . He already has number1 blue plates and number2 red plates . How many more plates should Justin buy ?,61.0 26.0 7.0,- number0 + number1 number2,28.0,"[1, 2, 3, 12, 13, 14, 16, 17, 18, 25, 26, 27]",Justin needs number0 paper plates for a birthday party . He already has number1 blue plates and number2 red plates .,How many more plates should Justin buy ?
"A florist had number0 roses . If she sold number1 of them and then later picked number2 more , how many roses would she have ?",5.0 3.0 34.0,- + number0 number2 number1,36.0,"[2, 3, 4, 8, 9, 10, 15, 16, 17, 22, 23, 24]","A florist had number0 roses . If she sold number1 of them and then later picked number2 more ,",how many roses would she have ?
"At a restaurant each adult meal costs $ number0 and kids eat free . If a group of number1 people came in and number2 were kids , how much would it cost for the group to eat ?",5.0 15.0 8.0,* number0 - number1 number2,35.0,"[7, 8, 9, 17, 18, 19, 22, 23, 24, 34, 35, 36]","At a restaurant each adult meal costs $ number0 and kids eat free . If a group of number1 people came in and number2 were kids ,",how much would it cost for the group to eat ?
"Jane ’ s mom picked cherry tomatoes from their backyard . If she gathered number0 cherry tomatoes and is about to place them in small jars which can contain number1 cherry tomatoes at a time , how many jars will she need ?",56.0 8.0,/ number0 number1,7.0,"[12, 13, 14, 27, 28, 29, 38, 39, 40]","Jane ’ s mom picked cherry tomatoes from their backyard . If she gathered number0 cherry tomatoes and is about to place them in small jars which can contain number1 cherry tomatoes at a time ,",how many jars will she need ?
number0 dogs are barking . number1 more dogs start to bark . How many dogs are barking ?,30.0 10.0,+ number0 number1,40.0,"[0, 1, 4, 5, 6, 14, 15, 16]",number0 dogs are barking . number1 more dogs start to bark .,How many dogs are barking ?
Sean has number0 blocks . number1 are eaten by a hippopotamus . How many blocks will Sean have ?,55.0 29.0,- number0 number1,26.0,"[1, 2, 3, 4, 5, 6, 15, 16, 17]",Sean has number0 blocks . number1 are eaten by a hippopotamus .,How many blocks will Sean have ?
"Wendy was playing a video game and had number0 lives . In a hard part of the game she lost number1 lives . If she got number2 more lives in the next level , how many lives would she have ?",10.0 6.0 37.0,- + number0 number2 number1,41.0,"[7, 8, 9, 19, 20, 21, 25, 26, 27, 37, 38, 39]","Wendy was playing a video game and had number0 lives . In a hard part of the game she lost number1 lives . If she got number2 more lives in the next level ,",how many lives would she have ?
"The cafeteria had number0 apples . For lunch they handed out number1 to students and decided to use the rest to make pies . If each pie takes number2 apples , how many pies could they make ?",50.0 5.0 5.0,/ - number0 number1 number1,9.0,"[2, 3, 4, 10, 11, 12, 27, 28, 29, 34, 35, 36]","The cafeteria had number0 apples . For lunch they handed out number1 to students and decided to use the rest to make pies . If each pie takes number2 apples ,",how many pies could they make ?
"Wendy bought number0 new chairs and number1 new tables for her house . If she spent number2 minutes on each piece furniture putting it together , how many minutes did it take her to finish ?",4.0 4.0 6.0,* number2 + number0 number0,48.0,"[1, 2, 3, 5, 6, 7, 15, 16, 17, 32, 33, 34]","Wendy bought number0 new chairs and number1 new tables for her house . If she spent number2 minutes on each piece furniture putting it together ,",how many minutes did it take her to finish ?
Lansing has number0 elementary schools . There are number1 students in each school . How many elementary students are there altogether in Lansing ?,25.0 247.0,* number0 number1,6175.0,"[1, 2, 3, 7, 8, 9, 20, 21, 22]",Lansing has number0 elementary schools . There are number1 students in each school .,How many elementary students are there altogether in Lansing ?
"Marilyn has number0 bananas that must be put away in boxes . Daniel comes to help and brings number1 cookies to share with Marilyn . If there are number2 boxes , how many bananas must go in each box ?",40.0 10.0 8.0,/ number0 number2,5.0,"[1, 2, 3, 17, 18, 19, 27, 28, 29, 36, 37, 38]","Marilyn has number0 bananas that must be put away in boxes . Daniel comes to help and brings number1 cookies to share with Marilyn . If there are number2 boxes ,",how many bananas must go in each box ?
"During a canned food drive , items were sorted into bins . The drive resulted in number0 bin of soup , number1 bin of vegetables , and number2 bin of pasta . Altogether , how many bins would the canned food take up ?",0.125 0.125 0.5,+ + number0 number0 number2,0.75,"[15, 16, 17, 20, 21, 22, 26, 27, 28, 40, 41, 42]","During a canned food drive , items were sorted into bins . The drive resulted in number0 bin of soup , number1 bin of vegetables , and number2 bin of pasta . Altogether ,",how many bins would the canned food take up ?
Bryan has number0 skittles . Ben has number1 M & M ’ s . Who has more ? How many more does he have ?,50.0 20.0,- number0 number1,30.0,"[1, 2, 3, 6, 7, 8, 18, 19, 20]",Bryan has number0 skittles . Ben has number1 M & M ’ s . Who has more ?,How many more does he have ?
"Marta picked number0 pumpkins . The first pumpkin weighed number1 pounds , and the second pumpkin weighed number2 pounds . How much did the number3 pumpkins weigh all together ?",2.0 4.0 8.7 2.0,+ number1 number2,12.7,"[1, 2, 3, 8, 9, 10, 16, 17, 18, 23, 24, 25, 26, 27, 28]","Marta picked number0 pumpkins . The first pumpkin weighed number1 pounds , and the second pumpkin weighed number2 pounds .",How much did the number3 pumpkins weigh all together ?
"Joan found number0 seashells on the beach , she gave Mike number1 of the seashells . How many seashells does she now have ?",79.0 63.0,- number0 number1,16.0,"[1, 2, 3, 10, 11, 12, 20, 21, 22]","Joan found number0 seashells on the beach , she gave Mike number1 of the seashells .",How many seashells does she now have ?
A store had number0 coloring books in stock . They ended up putting them on sale and getting rid of number1 of them . The put the ones they still had onto shelves with number2 on each shelf . How many shelves did they use ?,86.0 37.0 7.0,/ - number0 number1 number2,7.0,"[2, 3, 4, 19, 20, 21, 33, 34, 35, 42, 43, 44]",A store had number0 coloring books in stock . They ended up putting them on sale and getting rid of number1 of them . The put the ones they still had onto shelves with number2 on each shelf .,How many shelves did they use ?
"A painter needed to paint number0 rooms in a building . Each room takes number1 hours to paint . If he already painted number2 rooms , how much longer will he take to paint the rest ?",9.0 8.0 5.0,* number1 - number0 number2,32.0,"[4, 5, 6, 13, 14, 15, 22, 23, 24, 33, 34, 35]","A painter needed to paint number0 rooms in a building . Each room takes number1 hours to paint . If he already painted number2 rooms ,",how much longer will he take to paint the rest ?
Sam found number0 seashells and Mary found number1 seashells on the beach . How many seashells did they find together ?,18.0 47.0,+ number0 number1,65.0,"[1, 2, 3, 6, 7, 8, 17, 18, 19]",Sam found number0 seashells and Mary found number1 seashells on the beach .,How many seashells did they find together ?
Willy has number0 crayons . Lucy has number1 crayons . How many more crayons does Willy have then Lucy ?,1400.0 290.0,- number0 number1,1110.0,"[1, 2, 3, 6, 7, 8, 16, 17, 18]",Willy has number0 crayons . Lucy has number1 crayons .,How many more crayons does Willy have then Lucy ?
"In a bag there are number0 red marbles , number1 blue marbles , and number2 green marbles . What percent of the marbles are green ?",13.0 5.0 7.0,* / number2 + + number0 number1 number2 100.0,28.0,"[4, 5, 6, 8, 9, 10, 13, 14, 15, 22, 23, 24]","In a bag there are number0 red marbles , number1 blue marbles , and number2 green marbles .",What percent of the marbles are green ?
Mary picked number0 oranges and Jason picked number1 oranges from the orange tree . How many oranges were picked in total ?,122.0 105.0,+ number0 number1,227.0,"[1, 2, 3, 6, 7, 8, 18, 19, 20]",Mary picked number0 oranges and Jason picked number1 oranges from the orange tree .,How many oranges were picked in total ?
number0 students were sitting at each table in the lunchroom . There are number1 tables . How many students were sitting in the lunchroom ?,6.0 34.0,* number0 number1,204.0,"[0, 1, 12, 13, 14, 21, 22, 23]",number0 students were sitting at each table in the lunchroom . There are number1 tables .,How many students were sitting in the lunchroom ?
"There were number0 girls and number1 boys trying out for the schools basketball team . If only number2 of them got called back , how many students did n't make the cut ?",30.0 36.0 10.0,- + number0 number1 number2,56.0,"[1, 2, 3, 4, 5, 6, 16, 17, 18, 29, 30, 31]","There were number0 girls and number1 boys trying out for the schools basketball team . If only number2 of them got called back ,",how many students did n't make the cut ?
"Mrs. Hilt impressed number0 fans at the basketball game on Friday . If the fans were seated in equal groups on number1 sets of bleachers , how many fans were on each set ?",2436.0 3.0,/ number0 number1,812.0,"[2, 3, 4, 20, 21, 22, 32, 33, 34]","Mrs. Hilt impressed number0 fans at the basketball game on Friday . If the fans were seated in equal groups on number1 sets of bleachers ,",how many fans were on each set ?
"This afternoon Craig left school , rode the bus number0 miles , and then walked number1 mile to get home . How much farther did Craig ride than walk ?",3.8333333333333335 0.16666666666666666,- number0 number1,3.6666666666666665,"[8, 9, 10, 14, 15, 16, 26, 27, 28]","This afternoon Craig left school , rode the bus number0 miles , and then walked number1 mile to get home .",How much farther did Craig ride than walk ?
A pet store had number0 puppies . In one day they sold number1 of them and put the rest into cages with number2 in each cage . How many cages did they use ?,18.0 3.0 5.0,/ - number0 number1 number2,3.0,"[3, 4, 5, 11, 12, 13, 21, 22, 23, 30, 31, 32]",A pet store had number0 puppies . In one day they sold number1 of them and put the rest into cages with number2 in each cage .,How many cages did they use ?
Brett drove number0 miles every hour . How many miles would he drive in number1 hours ?,55.0 8.0,* number0 number1,440.0,"[1, 2, 3, 13, 14, 15, 13, 14, 15]",Brett drove number0 miles every hour .,How many miles would he drive in number1 hours ?
Harold has number0 marbles . He gets number1 more from Steve . How many marbles does Harold have in all ?,53.0 16.0,+ number0 number1,69.0,"[1, 2, 3, 6, 7, 8, 17, 18, 19]",Harold has number0 marbles . He gets number1 more from Steve .,How many marbles does Harold have in all ?
"Last Saturday , Spencer walked all over town running errands . First , he walked number0 mile from his house to the library and number1 mile from the library to the post office . Then he walked number2 mile from the post office back home . How many miles did Spencer walk in all ?",0.3 0.1 0.4,+ + number0 number1 number2,0.8,"[14, 15, 16, 23, 24, 25, 36, 37, 38, 51, 52, 53]","Last Saturday , Spencer walked all over town running errands . First , he walked number0 mile from his house to the library and number1 mile from the library to the post office . Then he walked number2 mile from the post office back home .",How many miles did Spencer walk in all ?
A bee has number0 legs . How many legs do number1 bees have ?,6.0 2.0,* number0 number1,12.0,"[2, 3, 4, 9, 10, 11, 10, 11, 12]",A bee has number0 legs .,How many legs do number1 bees have ?
"Jessica spent $ number0 on a cat toy , and a cage cost her $ number1 . What was the total cost of Jessica 's purchases ?",10.22 11.73,+ number0 number1,21.95,"[2, 3, 4, 14, 15, 16, 23, 24, 25]","Jessica spent $ number0 on a cat toy , and a cage cost her $ number1 .",What was the total cost of Jessica 's purchases ?
Mrs. Sheridan has number0 cats . Mrs. Garrett has number1 cats . How many more cats does Mrs. Garrett have than Mrs. Sheridan ?,11.0 24.0,- number1 number0,13.0,"[2, 3, 4, 8, 9, 10, 20, 21, 22]",Mrs. Sheridan has number0 cats . Mrs. Garrett has number1 cats .,How many more cats does Mrs. Garrett have than Mrs. Sheridan ?
Dan picked number0 limes and gave Sara number1 of the limes . How many limes does Dan have now ?,9.0 4.0,- number0 number1,5.0,"[1, 2, 3, 6, 7, 8, 16, 17, 18]",Dan picked number0 limes and gave Sara number1 of the limes .,How many limes does Dan have now ?
"A magician was selling magic card decks for number0 dollars each . If he started with number1 decks and by the end of the day he had number2 left , how much money did he earn ?",9.0 12.0 7.0,* number0 - number1 number2,45.0,"[7, 8, 9, 15, 16, 17, 26, 27, 28, 33, 34, 35]","A magician was selling magic card decks for number0 dollars each . If he started with number1 decks and by the end of the day he had number2 left ,",how much money did he earn ?
Nancy grew number0 potatoes . Sandy grew number1 potatoes . How many potatoes did they grow in total ?,6.0 7.0,+ number0 number1,13.0,"[1, 2, 3, 6, 7, 8, 15, 16, 17]",Nancy grew number0 potatoes . Sandy grew number1 potatoes .,How many potatoes did they grow in total ?
Mary ’ s car gets number0 miles per gallon of gas . How far can she drive on number1 gallons of gas ?,20.0 14.0,* number0 number1,280.0,"[3, 4, 5, 16, 17, 18, 18, 19, 20]",Mary ’ s car gets number0 miles per gallon of gas .,How far can she drive on number1 gallons of gas ?
Roger had number0 dollars . For his birthday he got number1 more dollars but spent number2 on a new game . How much money does he have now ?,16.0 28.0 25.0,- + number0 number1 number2,19.0,"[1, 2, 3, 9, 10, 11, 14, 15, 16, 25, 26, 27]",Roger had number0 dollars . For his birthday he got number1 more dollars but spent number2 on a new game .,How much money does he have now ?
