Question,Numbers,Equation,Answer,group_nums,Body,Ques_Statement
"Bryan took a look at his books as well . If Bryan has number0 books in each of his number1 bookshelves , how many books does he have in total ?",56.0 9.0,* number0 number1,504.0,"[12, 13, 14, 18, 19, 20, 27, 28, 29]","Bryan took a look at his books as well . If Bryan has number0 books in each of his number1 bookshelves ,",how many books does he have in total ?
"For the fifth grade play , the chairs have been put into number0 rows with number1 chairs in each row . How many chairs have been put out for the play ?",27.0 16.0,* number0 number1,432.0,"[11, 12, 13, 14, 15, 16, 28, 29, 30]","For the fifth grade play , the chairs have been put into number0 rows with number1 chairs in each row .",How many chairs have been put out for the play ?
There are number0 short trees and number1 tall trees currently in the park . Park workers will plant number2 short trees today . How many short trees will the park have when the workers are finished ?,41.0 44.0 57.0,+ number0 number2,98,"[1, 2, 3, 5, 6, 7, 17, 18, 19, 33, 34, 35]",There are number0 short trees and number1 tall trees currently in the park . Park workers will plant number2 short trees today .,How many short trees will the park have when the workers are finished ?
Conner has number0 dollars in his bank account . Every month he spends number1 dollars . He does not add money to the account . How much money will Conner have in his account after number2 months ?,25000.0 1500.0 8.0,- number0 * number1 number2,13000.0,"[1, 2, 3, 12, 13, 14, 34, 35, 36, 34, 35, 36]",Conner has number0 dollars in his bank account . Every month he spends number1 dollars . He does not add money to the account .,How much money will Conner have in his account after number2 months ?
There are number0 dogwood trees currently in the park . Park workers will plant number1 dogwood trees today . How many dogwood trees will the park have when the workers are finished ?,34.0 49.0,+ number0 number1,83,"[1, 2, 3, 13, 14, 15, 29, 30, 31]",There are number0 dogwood trees currently in the park . Park workers will plant number1 dogwood trees today .,How many dogwood trees will the park have when the workers are finished ?
Maggi had number0 packages of cupcakes . There are number1 cupcakes in each package . She ate number2 cupcakes . How many are left ?,3.0 4.0 5.0,* number0 number1,12.0,"[1, 2, 3, 8, 9, 10, 16, 17, 18, 21, 22, 23]",Maggi had number0 packages of cupcakes . There are number1 cupcakes in each package . She ate number2 cupcakes .,How many are left ?
"You deposit number0 dollars in a savings account that pays an annual interest rate of number1 % . How much simple interest would you earn in number2 years , in dollars ?",70.0 3.0 2.5,* * * number0 number1 number2 0.01,5.25,"[1, 2, 3, 14, 15, 16, 25, 26, 27, 28, 29, 30]",You deposit number0 dollars in a savings account that pays an annual interest rate of number1 % .,"How much simple interest would you earn in number2 years , in dollars ?"
Emily collects number0 cards . Emily 's father gives Emily number1 more . Bruce has number2 apples . How many cards does Emily have ?,63.0 7.0 13.0,+ number0 number1,70.0,"[1, 2, 3, 9, 10, 11, 14, 15, 16, 21, 22, 23]",Emily collects number0 cards . Emily 's father gives Emily number1 more . Bruce has number2 apples .,How many cards does Emily have ?
"A chef needs to cook number0 potatoes . He has already cooked number1 . If each potato takes number2 minutes to cook , how long will it take him to cook the rest ?",15.0 8.0 9.0,* number2 - number0 number1,63.0,"[4, 5, 6, 11, 12, 13, 17, 18, 19, 30, 31, 32]","A chef needs to cook number0 potatoes . He has already cooked number1 . If each potato takes number2 minutes to cook ,",how long will it take him to cook the rest ?
It takes number0 apples to make number1 pie . How many apples does it take to make number2 pies ?,4.0 1.0 504.0,* number0 number2,2016.0,"[1, 2, 3, 5, 6, 7, 16, 17, 18, 16, 17, 18]",It takes number0 apples to make number1 pie .,How many apples does it take to make number2 pies ?
"Isabel baked number0 brownies , but needed number1 total for her party . If she used number2 cups of flour on each one , how much cups of flour does she still need ?",3.0 5.0 5.0,* number1 - number1 number0,10.0,"[1, 2, 3, 6, 7, 8, 15, 16, 17, 30, 31, 32]","Isabel baked number0 brownies , but needed number1 total for her party . If she used number2 cups of flour on each one ,",how much cups of flour does she still need ?
Mary is baking a cake . The recipe calls for number0 cups of flour and number1 cups of sugar . She already put in number2 cups of flour . How many cups of flour does she need to add ?,7.0 3.0 2.0,- number0 number2,5,"[9, 10, 11, 14, 15, 16, 23, 24, 25, 36, 37, 38]",Mary is baking a cake . The recipe calls for number0 cups of flour and number1 cups of sugar . She already put in number2 cups of flour .,How many cups of flour does she need to add ?
Rachel bought two coloring books . One had number0 pictures and the other had number1 . After one week she had already colored number2 of the pictures . How many pictures does she still have to color ?,24.0 39.0 4.0,- + number0 number1 number2,59.0,"[7, 8, 9, 13, 14, 15, 22, 23, 24, 34, 35, 36]",Rachel bought two coloring books . One had number0 pictures and the other had number1 . After one week she had already colored number2 of the pictures .,How many pictures does she still have to color ?
"Sean has number0 apples . Susan gives Sean number1 more . Later , Sean buys number2 tickets at the store . How many apples does Sean have in all ?",9.0 8.0 18.0,+ number0 number1,17.0,"[1, 2, 3, 7, 8, 9, 14, 15, 16, 26, 27, 28]","Sean has number0 apples . Susan gives Sean number1 more . Later , Sean buys number2 tickets at the store .",How many apples does Sean have in all ?
A DVD book holds number0 DVDs . There are number1 DVDs already in the book . How many more DVDs can be put in the book ?,126.0 81.0,- number0 number1,45.0,"[3, 4, 5, 8, 9, 10, 23, 24, 25]",A DVD book holds number0 DVDs . There are number1 DVDs already in the book .,How many more DVDs can be put in the book ?
Amy starts with number0 peanuts . Gerald gives Amy number1 more . How many peanuts does Amy end with ?,7.0 55.0,+ number0 number1,62.0,"[2, 3, 4, 8, 9, 10, 16, 17, 18]",Amy starts with number0 peanuts . Gerald gives Amy number1 more .,How many peanuts does Amy end with ?
"Frank made number0 dollars mowing lawns over the summer . If he spent number1 dollars buying new mower blades , how many number2 dollar games could he buy with the money he had left ?",19.0 11.0 2.0,/ - number0 number1 number2,4.0,"[1, 2, 3, 12, 13, 14, 21, 22, 23, 31, 32, 33]","Frank made number0 dollars mowing lawns over the summer . If he spent number1 dollars buying new mower blades ,",how many number2 dollar games could he buy with the money he had left ?
James has number0 balloons . Amy has number1 balloons . How many more balloons does James have than Amy ?,232.0 101.0,- number0 number1,131.0,"[1, 2, 3, 6, 7, 8, 16, 17, 18]",James has number0 balloons . Amy has number1 balloons .,How many more balloons does James have than Amy ?
Beth has number0 packs of crayons . Each pack has number1 crayons in it . She also has number2 extra crayons . How many crayons does Beth have altogether ?,4.0 10.0 6.0,* number0 number1,40.0,"[1, 2, 3, 9, 10, 11, 17, 18, 19, 26, 27, 28]",Beth has number0 packs of crayons . Each pack has number1 crayons in it . She also has number2 extra crayons .,How many crayons does Beth have altogether ?
"Bianca had number0 coloring books . If she gave away number1 of them , but then bought number2 more , how many would she have total ?",45.0 6.0 20.0,- + number0 number2 number1,59.0,"[1, 2, 3, 9, 10, 11, 16, 17, 18, 23, 24, 25]","Bianca had number0 coloring books . If she gave away number1 of them , but then bought number2 more ,",how many would she have total ?
"A company invited number0 people to a luncheon , but number1 of them did n't show up . If the tables they had held number2 people each , how many tables do they need ?",18.0 12.0 3.0,/ - number0 number1 number2,2.0,"[2, 3, 4, 9, 10, 11, 23, 24, 25, 31, 32, 33]","A company invited number0 people to a luncheon , but number1 of them did n't show up . If the tables they had held number2 people each ,",how many tables do they need ?
"An oil pipe in the sea broke . Before engineers started to fix the pipe , number0 liters of oil leaked into the water . While the engineers worked , the pipe leaked number1 liters of oil . In all , how many liters of oil leaked into the water ?",6522.0 5165.0,+ number0 number1,11687.0,"[15, 16, 17, 32, 33, 34, 47, 48, 49]","An oil pipe in the sea broke . Before engineers started to fix the pipe , number0 liters of oil leaked into the water . While the engineers worked , the pipe leaked number1 liters of oil . In all ,",how many liters of oil leaked into the water ?
Sara has saved number0 quarters from washing cars . How many cents does Sara have ?,11.0,* number0 25.0,275.0,"[2, 3, 4, 14, 15, 16]",Sara has saved number0 quarters from washing cars .,How many cents does Sara have ?
"A construction company ordered number0 ton of concrete , number1 ton of bricks , and number2 ton of stone . How many tons of material did the company order in all ?",0.16666666666666666 0.16666666666666666 0.5,+ + number0 number0 number2,0.8333333333333334,"[3, 4, 5, 8, 9, 10, 14, 15, 16, 28, 29, 30]","A construction company ordered number0 ton of concrete , number1 ton of bricks , and number2 ton of stone .",How many tons of material did the company order in all ?
"Jessica grew number0 watermelons and number1 carrots , but the rabbits ate number2 watermelons . How many watermelons does Jessica have ?",35.0 30.0 27.0,- number0 number2,8,"[1, 2, 3, 4, 5, 6, 11, 12, 13, 18, 19, 20]","Jessica grew number0 watermelons and number1 carrots , but the rabbits ate number2 watermelons .",How many watermelons does Jessica have ?
"Jazmin had number0 dolls and Geraldine had number1 dolls . If they put their dolls together , how many would they have ?",1209.0 2186.0,+ number0 number1,3395.0,"[1, 2, 3, 6, 7, 8, 19, 20, 21]","Jazmin had number0 dolls and Geraldine had number1 dolls . If they put their dolls together ,",how many would they have ?
"Jerry was helping the cafeteria workers pick up lunch trays , but he could only carry number0 trays at a time . If he had to pick up number1 trays from one table and number2 trays from another , how many trips will he make ?",8.0 9.0 7.0,/ + number1 number2 number0,2.0,"[15, 16, 17, 27, 28, 29, 33, 34, 35, 42, 43, 44]","Jerry was helping the cafeteria workers pick up lunch trays , but he could only carry number0 trays at a time . If he had to pick up number1 trays from one table and number2 trays from another ,",how many trips will he make ?
Mrs. Hilt measured the distance from her desk to the water fountain . It was number0 feet . How many feet will Mrs. Hilt walk on her trips to the fountain if she goes to the water fountain number1 times today ?,30.0 4.0,* number0 number1,120.0,"[14, 15, 16, 37, 38, 39, 38, 39, 40]",Mrs. Hilt measured the distance from her desk to the water fountain . It was number0 feet .,How many feet will Mrs. Hilt walk on her trips to the fountain if she goes to the water fountain number1 times today ?
"Last year , number0 people were born in a country , and number1 people immigrated to it . How many new people began living in the country last year ?",90171.0 16320.0,+ number0 number1,106491.0,"[2, 3, 4, 11, 12, 13, 26, 27, 28]","Last year , number0 people were born in a country , and number1 people immigrated to it .",How many new people began living in the country last year ?
Christine wandered number0 miles at number1 miles per hour . How long did Christine wander ?,20.0 4.0,/ number0 number1,5.0,"[1, 2, 3, 4, 5, 6, 12, 13, 14]",Christine wandered number0 miles at number1 miles per hour .,How long did Christine wander ?
Emily was planting vegetables in her garden . She started with number0 seeds and planted number1 of them in the big garden and in each of her small gardens put number2 seeds each . How many small gardens did Emily have ?,42.0 36.0 2.0,/ - number0 number1 number2,3.0,"[10, 11, 12, 14, 15, 16, 29, 30, 31, 38, 39, 40]",Emily was planting vegetables in her garden . She started with number0 seeds and planted number1 of them in the big garden and in each of her small gardens put number2 seeds each .,How many small gardens did Emily have ?
"Dana earns $ number0 per hour . She worked number1 hours on Friday , number2 hours on Saturday , and number3 hours on Sunday . How much money did Dana earn in all ?",13.0 9.0 10.0 3.0,* number0 + + number1 number2 number3,286.0,"[2, 3, 4, 8, 9, 10, 13, 14, 15, 19, 20, 21, 30, 31, 32]","Dana earns $ number0 per hour . She worked number1 hours on Friday , number2 hours on Saturday , and number3 hours on Sunday .",How much money did Dana earn in all ?
"Nancy picked number0 carrots from her garden . If she threw out number1 of them and then picked number2 more the next day , how many carrots would she have total ?",12.0 2.0 21.0,- + number0 number2 number1,31.0,"[1, 2, 3, 11, 12, 13, 17, 18, 19, 28, 29, 30]","Nancy picked number0 carrots from her garden . If she threw out number1 of them and then picked number2 more the next day ,",how many carrots would she have total ?
"My dog had some bones . Then , he dug up number0 bones . Now he has number1 bones . How many bones did he start with ?",367.0 860.0,- number1 number0,493.0,"[10, 11, 12, 16, 17, 18, 24, 25, 26]","My dog had some bones . Then , he dug up number0 bones . Now he has number1 bones .",How many bones did he start with ?
"There are number0 gallons of water in Becky 's fish tank . If Becky adds number1 gallons more , how many gallons will there be in all ?",7.75 7.0,+ number0 number1,14.75,"[1, 2, 3, 14, 15, 16, 24, 25, 26]","There are number0 gallons of water in Becky 's fish tank . If Becky adds number1 gallons more ,",how many gallons will there be in all ?
"While playing a trivia game , Adam answered number0 questions correct in the first half and number1 questions correct in the second half . If each question was worth number2 points , what was his final score ?",5.0 5.0 5.0,* number0 + number0 number0,50.0,"[7, 8, 9, 15, 16, 17, 28, 29, 30, 34, 35, 36]","While playing a trivia game , Adam answered number0 questions correct in the first half and number1 questions correct in the second half . If each question was worth number2 points ,",what was his final score ?
"Haley and her friends were recycling paper for their class . For every number0 pounds they recycled they earned one point . If Haley recycled number1 pounds and her friends recycled number2 pounds , how many points did they earn ?",3.0 11.0 16.0,/ + number1 number2 number0,9.0,"[12, 13, 14, 24, 25, 26, 30, 31, 32, 37, 38, 39]","Haley and her friends were recycling paper for their class . For every number0 pounds they recycled they earned one point . If Haley recycled number1 pounds and her friends recycled number2 pounds ,",how many points did they earn ?
Mike had number0 peaches at his roadside fruit dish . He went to the orchard and picked peaches to stock up . There are now number1 peaches . how many did he pick ?,34.0 86.0,- number1 number0,52,"[1, 2, 3, 24, 25, 26, 30, 31, 32]",Mike had number0 peaches at his roadside fruit dish . He went to the orchard and picked peaches to stock up . There are now number1 peaches .,how many did he pick ?
Paige was unboxing some of her old winter clothes . She found number0 boxes of clothing and inside each box there were number1 scarves and number2 mittens . How many pieces of winter clothing did Paige have total ?,6.0 5.0 5.0,* number0 + number1 number1,60.0,"[11, 12, 13, 21, 22, 23, 24, 25, 26, 35, 36, 37]",Paige was unboxing some of her old winter clothes . She found number0 boxes of clothing and inside each box there were number1 scarves and number2 mittens .,How many pieces of winter clothing did Paige have total ?
Sally saw number0 dozen birds in a tree . How many birds did Sally see ?,1.0,* number0 12.0,12.0,"[1, 2, 3, 12, 13, 14]",Sally saw number0 dozen birds in a tree .,How many birds did Sally see ?
"A waiter had number0 customers in his section . If number1 of them left and the rest of his tables had number2 people at each table , how many tables did he have ?",21.0 12.0 3.0,/ - number0 number1 number2,3.0,"[2, 3, 4, 9, 10, 11, 20, 21, 22, 30, 31, 32]","A waiter had number0 customers in his section . If number1 of them left and the rest of his tables had number2 people at each table ,",how many tables did he have ?
Todd has some gum . Steve gave him number0 more pieces of gum . Now Todd has number1 pieces of gum . How many pieces did Todd have to start with ?,16.0 54.0,- number1 number0,38.0,"[7, 8, 9, 16, 17, 18, 30, 31, 32]",Todd has some gum . Steve gave him number0 more pieces of gum . Now Todd has number1 pieces of gum .,How many pieces did Todd have to start with ?
"Mike made number0 dollars mowing lawns over the summer . If he spent number1 dollars buying new mower blades , how many number2 dollar games could he buy with the money he had left ?",69.0 24.0 5.0,/ - number0 number1 number2,9.0,"[1, 2, 3, 12, 13, 14, 21, 22, 23, 31, 32, 33]","Mike made number0 dollars mowing lawns over the summer . If he spent number1 dollars buying new mower blades ,",how many number2 dollar games could he buy with the money he had left ?
"Gwen was organizing her book case making sure each of the shelves had exactly number0 books on it . If she had number1 shelves of mystery books and number2 shelves of picture books , how many books did she have total ?",4.0 5.0 3.0,* number0 + number1 number2,32.0,"[13, 14, 15, 21, 22, 23, 27, 28, 29, 38, 39, 40]","Gwen was organizing her book case making sure each of the shelves had exactly number0 books on it . If she had number1 shelves of mystery books and number2 shelves of picture books ,",how many books did she have total ?
"Paul had saved up number0 dollars . If he received another number1 dollars for his allowance , how many number2 dollar toys could he buy ?",4.0 11.0 5.0,/ + number0 number1 number2,3.0,"[3, 4, 5, 10, 11, 12, 18, 19, 20, 22, 23, 24]","Paul had saved up number0 dollars . If he received another number1 dollars for his allowance ,",how many number2 dollar toys could he buy ?
Mary starts with number0 eggs . She finds another number1 . How many eggs does Mary end with ?,27.0 4.0,+ number0 number1,31.0,"[2, 3, 4, 8, 9, 10, 15, 16, 17]",Mary starts with number0 eggs . She finds another number1 .,How many eggs does Mary end with ?
"Brandy made trail mix for a backpacking trip . She used number0 pound of peanuts , number1 pound of chocolate chips , and number2 pound of raisins . How many pounds of trail mix did Brandy make ?",0.16666666666666666 0.16666666666666666 0.08333333333333333,+ + number0 number0 number2,0.4166666666666667,"[10, 11, 12, 15, 16, 17, 22, 23, 24, 34, 35, 36]","Brandy made trail mix for a backpacking trip . She used number0 pound of peanuts , number1 pound of chocolate chips , and number2 pound of raisins .",How many pounds of trail mix did Brandy make ?
Bridget weighs number0 pounds . Martha weighs number1 pounds . How much heavier is Bridget than Martha ?,39.0 2.0,- number0 number1,37.0,"[1, 2, 3, 6, 7, 8, 14, 15, 16]",Bridget weighs number0 pounds . Martha weighs number1 pounds .,How much heavier is Bridget than Martha ?
For Halloween Bianca received number0 pieces of candy . She ate number1 pieces then placed the rest into piles with number2 in each pile . How many piles could she make ?,78.0 30.0 8.0,/ - number0 number1 number2,6.0,"[3, 4, 5, 10, 11, 12, 19, 20, 21, 28, 29, 30]",For Halloween Bianca received number0 pieces of candy . She ate number1 pieces then placed the rest into piles with number2 in each pile .,How many piles could she make ?
There are number0 pencils in the drawer . Sara placed number1 pencils in the drawer . How many pencils are now there in all ?,115.0 100.0,+ number0 number1,215,"[1, 2, 3, 9, 10, 11, 21, 22, 23]",There are number0 pencils in the drawer . Sara placed number1 pencils in the drawer .,How many pencils are now there in all ?
"While playing at the arcade , Luke won number0 tickets playing ' whack a mole ' and number1 tickets playing ' skee ball ' . If he was trying to buy candy that cost number2 tickets a piece , how many could he buy ?",2.0 13.0 3.0,/ + number0 number1 number2,5.0,"[7, 8, 9, 16, 17, 18, 33, 34, 35, 41, 42, 43]","While playing at the arcade , Luke won number0 tickets playing ' whack a mole ' and number1 tickets playing ' skee ball ' . If he was trying to buy candy that cost number2 tickets a piece ,",how many could he buy ?
A multi - national corporation has number0 part - time employees and number1 full - time employees . How many employees work for the corporation ?,2041.0 63093.0,+ number0 number1,65134.0,"[5, 6, 7, 11, 12, 13, 22, 23, 24]",A multi - national corporation has number0 part - time employees and number1 full - time employees .,How many employees work for the corporation ?
A box of books weighs number0 pounds . Each book weighs number1 pounds . How many books are there in the box ?,42.0 3.0,/ number0 number1,14.0,"[4, 5, 6, 10, 11, 12, 19, 20, 21]",A box of books weighs number0 pounds . Each book weighs number1 pounds .,How many books are there in the box ?
You have number0 balloons and your friend has number1 balloons . How many more balloons do you have than your friend ?,7.0 5.0,- number0 number1,2.0,"[1, 2, 3, 7, 8, 9, 20, 21, 22]",You have number0 balloons and your friend has number1 balloons .,How many more balloons do you have than your friend ?
"At lunch a waiter had number0 customers and number1 of them did n't leave a tip . If he got $ number2 each from the ones who did tip , how much money did he earn ?",10.0 5.0 3.0,* number2 - number0 number1,15.0,"[4, 5, 6, 7, 8, 9, 20, 21, 22, 33, 34, 35]","At lunch a waiter had number0 customers and number1 of them did n't leave a tip . If he got $ number2 each from the ones who did tip ,",how much money did he earn ?
"There are number0 students trying out for the school 's trivia teams . If number1 of them did n't get picked for the team and the rest were put into number2 groups , how many students would be in each group ?",17.0 5.0 3.0,/ - number0 number1 number2,4.0,"[1, 2, 3, 13, 14, 15, 29, 30, 31, 38, 39, 40]","There are number0 students trying out for the school 's trivia teams . If number1 of them did n't get picked for the team and the rest were put into number2 groups ,",how many students would be in each group ?
"An oil pipe in the sea broke . Before engineers started to fix the pipe , number0 gallons of oil leaked into the water . A total of number1 gallons of oil leaked before the pipe was fixed . How many gallons of oil leaked while the engineers were fixing the pipe ?",2475.0 6206.0,- number1 number0,3731.0,"[15, 16, 17, 27, 28, 29, 49, 50, 51]","An oil pipe in the sea broke . Before engineers started to fix the pipe , number0 gallons of oil leaked into the water . A total of number1 gallons of oil leaked before the pipe was fixed .",How many gallons of oil leaked while the engineers were fixing the pipe ?
"If Benjamin skated number0 kilometers at number1 kilometers per hour , how long was Benjamin skating ?",80.0 10.0,/ number0 number1,8.0,"[2, 3, 4, 5, 6, 7, 13, 14, 15]","If Benjamin skated number0 kilometers at number1 kilometers per hour ,",how long was Benjamin skating ?
A pet store had number0 puppies . In one day they sold number1 of them and put the rest into cages with number2 in each cage . How many cages did they use ?,88.0 34.0 6.0,/ - number0 number1 number2,9.0,"[3, 4, 5, 11, 12, 13, 21, 22, 23, 30, 31, 32]",A pet store had number0 puppies . In one day they sold number1 of them and put the rest into cages with number2 in each cage .,How many cages did they use ?
"Dave bought number0 boxes of chocolate candy and gave number1 to his little brother . If each box has number2 pieces inside it , how many pieces did Dave still have ?",12.0 5.0 3.0,* number2 - number0 number1,21.0,"[1, 2, 3, 8, 9, 10, 18, 19, 20, 28, 29, 30]","Dave bought number0 boxes of chocolate candy and gave number1 to his little brother . If each box has number2 pieces inside it ,",how many pieces did Dave still have ?
"Mike found number0 seashells and number1 starfish , but number2 of the seashells were broken . How many unbroken seashells did Mike find ?",6.0 4.0 4.0,- number0 number1,2,"[1, 2, 3, 4, 5, 6, 8, 9, 10, 20, 21, 22]","Mike found number0 seashells and number1 starfish , but number2 of the seashells were broken .",How many unbroken seashells did Mike find ?
"There are number0 students trying out for the school 's trivia teams . If number1 of them did n't get picked for the team and the rest were put into number2 groups , how many students would be in each group ?",64.0 36.0 4.0,/ - number0 number1 number2,7.0,"[1, 2, 3, 13, 14, 15, 29, 30, 31, 38, 39, 40]","There are number0 students trying out for the school 's trivia teams . If number1 of them did n't get picked for the team and the rest were put into number2 groups ,",how many students would be in each group ?
Mrs. Hilt bought number0 pizzas for $ number1 each . What was the total amount she paid for the three pizzas ?,3.0 8.0,* number0 number1,24.0,"[2, 3, 4, 6, 7, 8, 18, 19, 20]",Mrs. Hilt bought number0 pizzas for $ number1 each .,What was the total amount she paid for the three pizzas ?
"The school cafeteria ordered number0 red apples and number1 green apples for students lunches . But , if only number2 students wanted fruit , how many extra did the cafeteria end up with ?",43.0 32.0 2.0,- + number0 number1 number2,73.0,"[3, 4, 5, 7, 8, 9, 18, 19, 20, 30, 31, 32]","The school cafeteria ordered number0 red apples and number1 green apples for students lunches . But , if only number2 students wanted fruit ,",how many extra did the cafeteria end up with ?
"There were number0 girls and number1 boys trying out for the schools basketball team . If only number2 of them got called back , how many students did n't make the cut ?",39.0 4.0 26.0,- + number0 number1 number2,17.0,"[1, 2, 3, 4, 5, 6, 16, 17, 18, 29, 30, 31]","There were number0 girls and number1 boys trying out for the schools basketball team . If only number2 of them got called back ,",how many students did n't make the cut ?
Each ticket costs $ number0 . How much do number1 tickets cost ?,9.0 4.0,* number0 number1,36.0,"[3, 4, 5, 8, 9, 10, 9, 10, 11]",Each ticket costs $ number0 .,How much do number1 tickets cost ?
"Recently , the value of Kate 's retirement fund decreased by $ number0 . If her fund was worth $ number1 before , how much is it worth now ?",12.0 1472.0,- number1 number0,1460.0,"[11, 12, 13, 19, 20, 21, 26, 27, 28]","Recently , the value of Kate 's retirement fund decreased by $ number0 . If her fund was worth $ number1 before ,",how much is it worth now ?
A sandbox is number0 centimeters long and number1 centimeters wide . How many square centimeters of ground does the sandbox cover ?,312.0 146.0,* number0 number1,45552.0,"[2, 3, 4, 6, 7, 8, 18, 19, 20]",A sandbox is number0 centimeters long and number1 centimeters wide .,How many square centimeters of ground does the sandbox cover ?
"A pet store has number0 bird cages . If each cage has number1 parrots and number2 parakeets in it , how many birds does the pet store have total ?",9.0 2.0 6.0,* number0 + number1 number2,72.0,"[3, 4, 5, 11, 12, 13, 14, 15, 16, 26, 27, 28]","A pet store has number0 bird cages . If each cage has number1 parrots and number2 parakeets in it ,",how many birds does the pet store have total ?
Mrs. Hilt bought an ice cream cone for number0 cents . How much would number1 ice cream cones cost ?,99.0 2.0,* number0 number1,198.0,"[7, 8, 9, 13, 14, 15, 16, 17, 18]",Mrs. Hilt bought an ice cream cone for number0 cents .,How much would number1 ice cream cones cost ?
Sally has number0 blue balloons . Fred has number1 times more blue balloons than Sally . How many blue balloons does Fred have now ?,6.0 3.0,* number0 number1,18.0,"[1, 2, 3, 7, 8, 9, 23, 24, 25]",Sally has number0 blue balloons . Fred has number1 times more blue balloons than Sally .,How many blue balloons does Fred have now ?
"If Joan bicycled number0 miles at number1 miles per hour , how long was Joan travelling ?",25.0 5.0,/ number0 number1,5.0,"[2, 3, 4, 5, 6, 7, 13, 14, 15]","If Joan bicycled number0 miles at number1 miles per hour ,",how long was Joan travelling ?
"Each child has number0 bottle caps . If there are number1 children , how many bottle caps are there in total ?",5.0 9.0,* number0 number1,45.0,"[2, 3, 4, 9, 10, 11, 18, 19, 20]","Each child has number0 bottle caps . If there are number1 children ,",how many bottle caps are there in total ?
Jesse ’ s room is number0 feet long and number1 feet wide . How much carpet does she need to cover the whole floor ?,12.0 8.0,* number0 number1,96.0,"[3, 4, 5, 7, 8, 9, 20, 21, 22]",Jesse ’ s room is number0 feet long and number1 feet wide .,How much carpet does she need to cover the whole floor ?
There are number0 cupcakes for number1 children to share . How much will each person get if they share the cupcakes equally ?,96.0 8.0,/ number0 number1,12.0,"[1, 2, 3, 4, 5, 6, 19, 20, 21]",There are number0 cupcakes for number1 children to share .,How much will each person get if they share the cupcakes equally ?
Nancy has number0 black balloons . Mary has number1 times more black balloons than Nancy . How many black balloons does Mary have now ?,7.0 4.0,* number0 number1,28.0,"[1, 2, 3, 7, 8, 9, 23, 24, 25]",Nancy has number0 black balloons . Mary has number1 times more black balloons than Nancy .,How many black balloons does Mary have now ?
"The junior ranger asked Christian to help him place number0 seedlings in packets . If every packet needs to contain number1 seeds , how many packets do they need ?",420.0 7.0,/ number0 number1,60.0,"[8, 9, 10, 19, 20, 21, 26, 27, 28]","The junior ranger asked Christian to help him place number0 seedlings in packets . If every packet needs to contain number1 seeds ,",how many packets do they need ?
"A pet store has number0 bird cages . If each cage has number1 parrots and number2 parakeets in it , how many birds does the pet store have total ?",6.0 6.0 2.0,* number0 + number0 number2,48.0,"[3, 4, 5, 11, 12, 13, 14, 15, 16, 26, 27, 28]","A pet store has number0 bird cages . If each cage has number1 parrots and number2 parakeets in it ,",how many birds does the pet store have total ?
For Halloween Haley scored number0 pieces of candy . She ate number1 pieces the first night and then her sister gave her number2 more pieces . How many pieces of candy does Haley have now ?,33.0 17.0 19.0,- + number0 number2 number1,35.0,"[3, 4, 5, 10, 11, 12, 21, 22, 23, 32, 33, 34]",For Halloween Haley scored number0 pieces of candy . She ate number1 pieces the first night and then her sister gave her number2 more pieces .,How many pieces of candy does Haley have now ?
"There were originally number0 houses in Lincoln County . During a housing boom , developers built number1 . How many houses are there now in Lincoln County ?",20817.0 97741.0,+ number0 number1,118558.0,"[2, 3, 4, 15, 16, 17, 24, 25, 26]","There were originally number0 houses in Lincoln County . During a housing boom , developers built number1 .",How many houses are there now in Lincoln County ?
The Hawks scored number0 touchdowns worth number1 points each . How many points do they have ?,3.0 7.0,* number0 number1,21.0,"[2, 3, 4, 5, 6, 7, 13, 14, 15]",The Hawks scored number0 touchdowns worth number1 points each .,How many points do they have ?
Sara picked number0 pears and Tim picked number1 pears from the pear tree . How many pears were picked in total ?,6.0 5.0,+ number0 number1,11.0,"[1, 2, 3, 6, 7, 8, 18, 19, 20]",Sara picked number0 pears and Tim picked number1 pears from the pear tree .,How many pears were picked in total ?
"Soft drinks are on sale at the grocery store for number0 dollars for a number1 pack . How much would each can of soft drink cost if purchased individually , in dollars ?",2.99 12.0,/ number0 number1,0.25,"[9, 10, 11, 13, 14, 15, 29, 30, 31]",Soft drinks are on sale at the grocery store for number0 dollars for a number1 pack .,"How much would each can of soft drink cost if purchased individually , in dollars ?"
"Paige had number0 math problems and number1 science problems for homework . If she finished number2 of the problems at school , how many problems did she have to do for homework ?",43.0 12.0 44.0,- + number0 number1 number2,11.0,"[1, 2, 3, 5, 6, 7, 14, 15, 16, 29, 30, 31]","Paige had number0 math problems and number1 science problems for homework . If she finished number2 of the problems at school ,",how many problems did she have to do for homework ?
"The school cafeteria ordered number0 red apples and number1 green apples for students lunches . But , if only number2 students wanted fruit , how many extra did the cafeteria end up with ?",25.0 17.0 10.0,- + number0 number1 number2,32.0,"[3, 4, 5, 7, 8, 9, 18, 19, 20, 30, 31, 32]","The school cafeteria ordered number0 red apples and number1 green apples for students lunches . But , if only number2 students wanted fruit ,",how many extra did the cafeteria end up with ?
Mandy made an apple pie . She used number0 tablespoon of cinnamon and number1 tablespoon of nutmeg . How much more cinnamon than nutmeg did Mandy use ?,0.6666666666666666 0.5,- number0 number1,0.16666666666666666,"[7, 8, 9, 12, 13, 14, 24, 25, 26]",Mandy made an apple pie . She used number0 tablespoon of cinnamon and number1 tablespoon of nutmeg .,How much more cinnamon than nutmeg did Mandy use ?
"Bridget has number0 Skittles . Henry has number1 Skittles . If Henry gives all of his Skittles to Bridget , how many Skittles will Bridget have ?",4.0 4.0,+ number0 number0,8.0,"[1, 2, 3, 6, 7, 8, 23, 24, 25]","Bridget has number0 Skittles . Henry has number1 Skittles . If Henry gives all of his Skittles to Bridget ,",how many Skittles will Bridget have ?
"A textbook costs a bookstore number0 dollars , and the store sells it for number1 dollars . Find the amount of profit based on the selling price .",44.0 55.0,- number1 number0,11.0,"[4, 5, 6, 13, 14, 15, 24, 25, 26]","A textbook costs a bookstore number0 dollars , and the store sells it for number1 dollars .",Find the amount of profit based on the selling price .
"Each child has number0 bottle caps . If there are number1 children , how many bottle caps are there in total ?",5.0 9.0,* number0 number1,45.0,"[2, 3, 4, 9, 10, 11, 18, 19, 20]","Each child has number0 bottle caps . If there are number1 children ,",how many bottle caps are there in total ?
"While playing a trivia game , Mike answered number0 questions correct in the first half and number1 questions correct in the second half . If each question was worth number2 points , what was his final score ?",3.0 5.0 3.0,* number0 + number0 number1,24.0,"[7, 8, 9, 15, 16, 17, 28, 29, 30, 34, 35, 36]","While playing a trivia game , Mike answered number0 questions correct in the first half and number1 questions correct in the second half . If each question was worth number2 points ,",what was his final score ?
"At Mrs. Hilt 's house , there was number0 inches of snow , and Brecknock Elementary School received number1 inches of snow . How much more snow did Mrs. Hilt 's house have ?",29.0 17.0,- number0 number1,12.0,"[7, 8, 9, 17, 18, 19, 32, 33, 34]","At Mrs. Hilt 's house , there was number0 inches of snow , and Brecknock Elementary School received number1 inches of snow .",How much more snow did Mrs. Hilt 's house have ?
At a company picnic number0 managers and number1 employees decided to start a game of volleyball . If they split into number2 teams how many people would be on each team ?,9.0 15.0 8.0,/ + number0 number1 number2,3.0,"[3, 4, 5, 6, 7, 8, 20, 21, 22, 28, 29, 30]",At a company picnic number0 managers and number1 employees decided to start a game of volleyball . If they split into number2 teams,how many people would be on each team ?
"There were number0 friends playing a video game online when number1 more players joined the game . If each player had number2 lives , how many lives did they have total ?",7.0 2.0 7.0,* number0 + number0 number1,63.0,"[1, 2, 3, 9, 10, 11, 20, 21, 22, 28, 29, 30]","There were number0 friends playing a video game online when number1 more players joined the game . If each player had number2 lives ,",how many lives did they have total ?
Anna starts with number0 candies . She gets number1 more from Larry . How many candies does Anna end with ?,5.0 86.0,+ number0 number1,91.0,"[2, 3, 4, 7, 8, 9, 17, 18, 19]",Anna starts with number0 candies . She gets number1 more from Larry .,How many candies does Anna end with ?
"A worksheet had number0 problems on it . If a teacher had number1 worksheets to grade and had already graded number2 of them , how many more problems does she have to grade ?",4.0 9.0 5.0,* number0 - number1 number2,16.0,"[2, 3, 4, 11, 12, 13, 19, 20, 21, 30, 31, 32]","A worksheet had number0 problems on it . If a teacher had number1 worksheets to grade and had already graded number2 of them ,",how many more problems does she have to grade ?
Mrs. Hilt saw number0 bees in the hive . The next day she saw number1 times that many . How many bees did she see on the second day ?,144.0 3.0,* number0 number1,432.0,"[2, 3, 4, 13, 14, 15, 26, 27, 28]",Mrs. Hilt saw number0 bees in the hive . The next day she saw number1 times that many .,How many bees did she see on the second day ?
"Fred has number0 red balloons , Sam has number1 red balloons , and Dan has number2 red balloons . The balloons cost number3 dollars . How many red balloons do they have in all ?",10.0 46.0 16.0 10.0,+ + number0 number1 number2,72,"[1, 2, 3, 7, 8, 9, 14, 15, 16, 21, 22, 23, 31, 32, 33]","Fred has number0 red balloons , Sam has number1 red balloons , and Dan has number2 red balloons . The balloons cost number3 dollars .",How many red balloons do they have in all ?
Evelyn starts with number0 Skittles . She shares number1 with Christine . How many Skittles does Evelyn end with ?,76.0 72.0,- number0 number1,4.0,"[2, 3, 4, 7, 8, 9, 16, 17, 18]",Evelyn starts with number0 Skittles . She shares number1 with Christine .,How many Skittles does Evelyn end with ?
A carpenter bought a piece of wood that was number0 centimeters long . Then he sawed number1 centimeters off the end . How long is the piece of wood now ?,8.9 2.3,- number0 number1,6.6,"[8, 9, 10, 15, 16, 17, 27, 28, 29]",A carpenter bought a piece of wood that was number0 centimeters long . Then he sawed number1 centimeters off the end .,How long is the piece of wood now ?
A store had number0 oranges in a bin . If they threw away number1 of the old ones and put number2 new ones in the bin how many would be in the bin ?,34.0 20.0 13.0,- + number0 number2 number1,27.0,"[2, 3, 4, 12, 13, 14, 19, 20, 21, 30, 31, 32]",A store had number0 oranges in a bin . If they threw away number1 of the old ones and put number2 new ones in the bin,how many would be in the bin ?
Tim has number0 books . Mike has number1 books . How many books do they have together ?,22.0 20.0,+ number0 number1,42.0,"[1, 2, 3, 6, 7, 8, 16, 17, 18]",Tim has number0 books . Mike has number1 books .,How many books do they have together ?
Melanie had number0 dimes in her bank . Her dad gave her number1 dimes and her mother gave her number2 dimes . How many dimes does Melanie have now ?,7.0 8.0 4.0,+ + number0 number1 number2,19,"[1, 2, 3, 11, 12, 13, 18, 19, 20, 26, 27, 28]",Melanie had number0 dimes in her bank . Her dad gave her number1 dimes and her mother gave her number2 dimes .,How many dimes does Melanie have now ?
A car traveled number0 kilometers in number1 hours . What was its average speed ?,715.0 11.0,/ number0 number1,65.0,"[2, 3, 4, 5, 6, 7, 11, 12, 13]",A car traveled number0 kilometers in number1 hours .,What was its average speed ?
There are number0 dogwood trees currently in the park . Park workers will plant number1 dogwood trees today and number2 dogwood trees tomorrow . How many dogwood trees will the park have when the workers are finished ?,7.0 3.0 2.0,+ + number0 number1 number2,12,"[1, 2, 3, 13, 14, 15, 18, 19, 20, 34, 35, 36]",There are number0 dogwood trees currently in the park . Park workers will plant number1 dogwood trees today and number2 dogwood trees tomorrow .,How many dogwood trees will the park have when the workers are finished ?
There are number0 bottle caps in each box . How many bottle caps are in number1 boxes ?,9.0 6.0,* number0 number1,54.0,"[1, 2, 3, 14, 15, 16, 14, 15, 16]",There are number0 bottle caps in each box .,How many bottle caps are in number1 boxes ?
"Gwen was organizing her book case making sure each of the shelves had exactly number0 books on it . If she had number1 shelves of mystery books and number2 shelves of picture books , how many books did she have total ?",9.0 3.0 5.0,* number0 + number1 number2,72.0,"[13, 14, 15, 21, 22, 23, 27, 28, 29, 38, 39, 40]","Gwen was organizing her book case making sure each of the shelves had exactly number0 books on it . If she had number1 shelves of mystery books and number2 shelves of picture books ,",how many books did she have total ?
"Megan was organizing her book case making sure each of the shelves had exactly number0 books on it . If she had number1 shelves of mystery books and number2 shelves of picture books , how many books did she have total ?",7.0 8.0 2.0,* number0 + number1 number2,70.0,"[13, 14, 15, 21, 22, 23, 27, 28, 29, 38, 39, 40]","Megan was organizing her book case making sure each of the shelves had exactly number0 books on it . If she had number1 shelves of mystery books and number2 shelves of picture books ,",how many books did she have total ?
"Karen added number0 cup of walnuts to a batch of trail mix . Later , she added number1 cup of almonds . How many cups of nuts did Karen put in the trail mix in all ?",0.25 0.25,+ number0 number0,0.5,"[1, 2, 3, 16, 17, 18, 33, 34, 35]","Karen added number0 cup of walnuts to a batch of trail mix . Later , she added number1 cup of almonds .",How many cups of nuts did Karen put in the trail mix in all ?
There are number0 scissors and number1 pencils in the drawer . Dan placed number2 scissors in the drawer . How many scissors are now there in total ?,39.0 22.0 13.0,+ number0 number2,52,"[1, 2, 3, 4, 5, 6, 12, 13, 14, 24, 25, 26]",There are number0 scissors and number1 pencils in the drawer . Dan placed number2 scissors in the drawer .,How many scissors are now there in total ?
Sara goes fishing with Melanie . Sara catches number0 trout . Melanie catches number1 times as many trout as Sara . How many trout did Melanie catch ?,5.0 2.0,* number0 number1,10.0,"[7, 8, 9, 12, 13, 14, 24, 25, 26]",Sara goes fishing with Melanie . Sara catches number0 trout . Melanie catches number1 times as many trout as Sara .,How many trout did Melanie catch ?
Cade had number0 marbles . He gave number1 to Dylan . How many does he have left ?,87.0 8.0,- number0 number1,79.0,"[1, 2, 3, 6, 7, 8, 14, 15, 16]",Cade had number0 marbles . He gave number1 to Dylan .,How many does he have left ?
"Karin 's science class weighed plastic rings for an experiment . They found that the orange ring weighed number0 ounce , the purple ring weighed number1 ounce , and the white ring weighed number2 ounce . What was the total weight of the plastic rings ?",0.08333333333333333 0.3333333333333333 0.4166666666666667,+ + number0 number1 number2,0.8333333333333334,"[17, 18, 19, 24, 25, 26, 32, 33, 34, 42, 43, 44]","Karin 's science class weighed plastic rings for an experiment . They found that the orange ring weighed number0 ounce , the purple ring weighed number1 ounce , and the white ring weighed number2 ounce .",What was the total weight of the plastic rings ?
A group of number0 friends went into a restaurant . The chef already had number1 chicken wings cooked but cooked number2 more for the group . If they each got the same amount how many would each person get ?,3.0 8.0 10.0,/ + number1 number2 number0,6.0,"[2, 3, 4, 13, 14, 15, 19, 20, 21, 36, 37, 38]",A group of number0 friends went into a restaurant . The chef already had number1 chicken wings cooked but cooked number2 more for the group . If they each got the same amount,how many would each person get ?
Lucy has number0 fish . How many more fish does she need to buy to have number1 fish ?,212.0 280.0,- number1 number0,68.0,"[1, 2, 3, 15, 16, 17, 15, 16, 17]",Lucy has number0 fish .,How many more fish does she need to buy to have number1 fish ?
There are number0 bananas in a pile on the desk . Each banana comes in a package of number1 . number2 bananas are added to the pile . How many bananas are there in the pile ?,2.0 13.0 7.0,+ number0 number2,9.0,"[1, 2, 3, 17, 18, 19, 19, 20, 21, 33, 34, 35]",There are number0 bananas in a pile on the desk . Each banana comes in a package of number1 . number2 bananas are added to the pile .,How many bananas are there in the pile ?
"Terrell hiked number0 miles on Saturday . Then , on Sunday , he hiked another number1 miles . How far did Terrell hike all together ?",8.2 1.6,+ number0 number1,9.8,"[1, 2, 3, 14, 15, 16, 22, 23, 24]","Terrell hiked number0 miles on Saturday . Then , on Sunday , he hiked another number1 miles .",How far did Terrell hike all together ?
"Allyson plays for the cook county regional football league which has number0 teams . During a season , each team plays the other team number1 twice , once at home and one away . How many total games are played in one season ?",10.0 2.0,/ * * number0 - number0 1.0 number1 number1,90.0,"[10, 11, 12, 23, 24, 25, 40, 41, 42]","Allyson plays for the cook county regional football league which has number0 teams . During a season , each team plays the other team number1 twice , once at home and one away .",How many total games are played in one season ?
Larry starts with number0 cards . number1 are eaten by a hippopotamus . How many cards does Larry end with ?,91.0 17.0,- number0 number1,74.0,"[2, 3, 4, 5, 6, 7, 17, 18, 19]",Larry starts with number0 cards . number1 are eaten by a hippopotamus .,How many cards does Larry end with ?
"Keith spent $ number0 on speakers , $ number1 on a CD player , and $ number2 on new tires . He wanted number3 CD 's for $ number4 , but did n't buy them . In total , how much did he spend ?",136.01 139.38 112.46 3.0 6.16,+ + number0 number1 number2,387.85,"[2, 3, 4, 5, 7, 8, 9, 10, 15, 16, 17, 18]","Keith spent $ number0 on speakers , $ number1 on a CD player , and $ number2 on new tires . He wanted number3 CD 's for $ number4 , but did n't buy them . In total ,",how much did he spend ?
"For Halloween Janet and her sister combined the candy they received . Janet had number0 pieces of candy while her sister had number1 . If they ate number2 pieces the first night , how many pieces do they have left ?",34.0 33.0 4.0,- + number0 number1 number2,63.0,"[13, 14, 15, 21, 22, 23, 26, 27, 28, 37, 38, 39]","For Halloween Janet and her sister combined the candy they received . Janet had number0 pieces of candy while her sister had number1 . If they ate number2 pieces the first night ,",how many pieces do they have left ?
Each ticket costs $ number0 . How much do number1 tickets cost ?,9.0 4.0,* number0 number1,36.0,"[3, 4, 5, 8, 9, 10, 9, 10, 11]",Each ticket costs $ number0 .,How much do number1 tickets cost ?
"In one year , for the election for president there were number0 million voters , whereas in the next year there were number1 million voters . Find the percentage change in the number of voters ?",76.7 129.9,* / - number1 number0 number0 100.0,69.4,"[10, 11, 12, 21, 22, 23, 32, 33, 34]","In one year , for the election for president there were number0 million voters , whereas in the next year there were number1 million voters .",Find the percentage change in the number of voters ?
Carla has some marbles . She bought number0 marbles . Now she has number1 marbles all together . How many did she start with ?,489.0 2778.0,- number1 number0,2289.0,"[6, 7, 8, 12, 13, 14, 21, 22, 23]",Carla has some marbles . She bought number0 marbles . Now she has number1 marbles all together .,How many did she start with ?
"Lana picked number0 tulips and number1 roses to make flower bouquets . If she only used number2 of the flowers though , how many extra flowers did Lana pick ?",36.0 37.0 70.0,- + number0 number1 number2,3.0,"[1, 2, 3, 4, 5, 6, 15, 16, 17, 26, 27, 28]","Lana picked number0 tulips and number1 roses to make flower bouquets . If she only used number2 of the flowers though ,",how many extra flowers did Lana pick ?
James rode number0 miles at number1 miles per hour . How long did James ride ?,80.0 16.0,/ number0 number1,5.0,"[1, 2, 3, 4, 5, 6, 12, 13, 14]",James rode number0 miles at number1 miles per hour .,How long did James ride ?
"The tallest player on the basketball team is number0 inches tall . This is number1 inches taller than the shortest player . How tall is the shortest player , in inches ?",77.75 9.5,- number0 number1,68.25,"[7, 8, 9, 13, 14, 15, 28, 29, 30]",The tallest player on the basketball team is number0 inches tall . This is number1 inches taller than the shortest player .,"How tall is the shortest player , in inches ?"
How much would number0 pieces of bubble gum cost if each piece costs number1 cents ?,136.0 18.0,* number0 number1,2448.0,"[2, 3, 4, 12, 13, 14, 12, 13, 14]",Empty,How much would number0 pieces of bubble gum cost if each piece costs number1 cents ?
Paul had number0 strawberries in his basket . He picked number1 more strawberries . How many strawberries did he have then ?,28.0 35.0,+ number0 number1,63.0,"[1, 2, 3, 9, 10, 11, 18, 19, 20]",Paul had number0 strawberries in his basket . He picked number1 more strawberries .,How many strawberries did he have then ?
Iesha has number0 books . number1 are about school and the rest are about sports . How many books about sports does Iesha have ?,344.0 136.0,- number0 number1,208.0,"[1, 2, 3, 4, 5, 6, 21, 22, 23]",Iesha has number0 books . number1 are about school and the rest are about sports .,How many books about sports does Iesha have ?
"At a restaurant each adult meal costs $ number0 and kids eat free . If a group of number1 people came in and number2 were kids , how much would it cost for the group to eat ?",2.0 15.0 9.0,* number0 - number1 number2,12.0,"[7, 8, 9, 17, 18, 19, 22, 23, 24, 34, 35, 36]","At a restaurant each adult meal costs $ number0 and kids eat free . If a group of number1 people came in and number2 were kids ,",how much would it cost for the group to eat ?
Sam had number0 pennies and number1 nickels in his bank . His dad gave him number2 nickels and number3 quarters . How many nickels does he have now ?,49.0 24.0 39.0 31.0,+ number1 number2,63,"[1, 2, 3, 4, 4, 5, 6, 7]",Sam had number0 pennies and number1 nickels in his bank . His dad gave him number2 nickels and number3 quarters .,How many nickels does he have now ?
"A painter needed to paint number0 rooms in a building . Each room takes number1 hours to paint . If he already painted number2 rooms , how much longer will he take to paint the rest ?",12.0 7.0 5.0,* number1 - number0 number2,49.0,"[4, 5, 6, 13, 14, 15, 22, 23, 24, 33, 34, 35]","A painter needed to paint number0 rooms in a building . Each room takes number1 hours to paint . If he already painted number2 rooms ,",how much longer will he take to paint the rest ?
Sally picked number0 lemons and Mary picked number1 lemons from the lemon tree . How many lemons were picked in total ?,7.0 9.0,+ number0 number1,16.0,"[1, 2, 3, 6, 7, 8, 18, 19, 20]",Sally picked number0 lemons and Mary picked number1 lemons from the lemon tree .,How many lemons were picked in total ?
"A waitress put leftover tarts into the fridge on Thursday night . She noticed that the restaurant had number0 tart filled with cherries , number1 tart filled with blueberries , and number2 tart filled with peaches . How many leftover tarts did the restaurant have in all ?",0.08333333333333333 0.75 0.08333333333333333,+ + number0 number0 number1,0.9166666666666666,"[17, 18, 19, 23, 24, 25, 30, 31, 32, 44, 45, 46]","A waitress put leftover tarts into the fridge on Thursday night . She noticed that the restaurant had number0 tart filled with cherries , number1 tart filled with blueberries , and number2 tart filled with peaches .",How many leftover tarts did the restaurant have in all ?
"Mike made number0 dollars mowing lawns over the summer . If he spent number1 dollars buying new mower blades , how many number2 dollar games could he buy with the money he had left ?",101.0 47.0 6.0,/ - number0 number1 number2,9.0,"[1, 2, 3, 12, 13, 14, 21, 22, 23, 31, 32, 33]","Mike made number0 dollars mowing lawns over the summer . If he spent number1 dollars buying new mower blades ,",how many number2 dollar games could he buy with the money he had left ?
There are number0 calories in a candy bar . How many calories are there in number1 candy bars ?,8.0 3.0,* number0 number1,24.0,"[1, 2, 3, 14, 15, 16, 15, 16, 17]",There are number0 calories in a candy bar .,How many calories are there in number1 candy bars ?
Gloria has number0 boxes of tickets . Each box holds number1 tickets and there are number2 boxes in a case . How many tickets does Gloria have ?,9.0 5.0 10.0,* number0 number1,45.0,"[1, 2, 3, 9, 10, 11, 14, 15, 16, 24, 25, 26]",Gloria has number0 boxes of tickets . Each box holds number1 tickets and there are number2 boxes in a case .,How many tickets does Gloria have ?
Joan 's cat had number0 kittens . She gave number1 to her friends . How many kittens does she have now ?,8.0 2.0,- number0 number1,6,"[3, 4, 5, 8, 9, 10, 18, 19, 20]",Joan 's cat had number0 kittens . She gave number1 to her friends .,How many kittens does she have now ?
"Maria had number0 bottles of water in her fridge . If she drank number1 of them and then bought number2 more , how many bottles would she have ?",14.0 8.0 45.0,- + number0 number2 number1,51.0,"[1, 2, 3, 12, 13, 14, 18, 19, 20, 25, 26, 27]","Maria had number0 bottles of water in her fridge . If she drank number1 of them and then bought number2 more ,",how many bottles would she have ?
Each cup contains number0 ounces . How many ounces are in number1 cups ?,8.0 33.0,* number0 number1,264.0,"[2, 3, 4, 10, 11, 12, 10, 11, 12]",Each cup contains number0 ounces .,How many ounces are in number1 cups ?
"For Halloween Katie and her sister combined the candy they received . Katie had number0 pieces of candy while her sister had number1 . If they ate number2 pieces the first night , how many pieces do they have left ?",8.0 23.0 8.0,- + number0 number1 number0,23.0,"[13, 14, 15, 21, 22, 23, 26, 27, 28, 37, 38, 39]","For Halloween Katie and her sister combined the candy they received . Katie had number0 pieces of candy while her sister had number1 . If they ate number2 pieces the first night ,",how many pieces do they have left ?
A spaceship traveled number0 light - year from Earth to Planet X and number1 light - year from Planet X to Planet Y . Then it traveled number2 light - year from Planet Y back to Earth . How many light - years did the spaceship travel in all ?,0.5 0.1 0.1,+ + number0 number1 number1,0.7,"[2, 3, 4, 12, 13, 14, 25, 26, 27, 45, 46, 47]",A spaceship traveled number0 light - year from Earth to Planet X and number1 light - year from Planet X to Planet Y . Then it traveled number2 light - year from Planet Y back to Earth .,How many light - years did the spaceship travel in all ?
Martin has number0 boxes of crayons . Each box holds number1 crayons . How many crayons does Martin have ?,8.0 7.0,* number0 number1,56.0,"[1, 2, 3, 9, 10, 11, 16, 17, 18]",Martin has number0 boxes of crayons . Each box holds number1 crayons .,How many crayons does Martin have ?
If Anne wandered for number0 hours at number1 miles per hour . How far did Anne go ?,3.0 2.0,* number0 number1,6.0,"[3, 4, 5, 6, 7, 8, 14, 15, 16]",If Anne wandered for number0 hours at number1 miles per hour .,How far did Anne go ?
"The Richmond Tigers sold a total of number0 tickets last season . If they sold number1 tickets in the first half of the season , how many tickets did they sell in the second half ?",9570.0 3867.0,- number0 number1,5703.0,"[6, 7, 8, 14, 15, 16, 32, 33, 34]","The Richmond Tigers sold a total of number0 tickets last season . If they sold number1 tickets in the first half of the season ,",how many tickets did they sell in the second half ?
"At the town carnival Billy rode the ferris wheel number0 times and the bumper cars number1 times . If each ride cost number2 tickets , how many tickets did he use ?",7.0 3.0 5.0,* number2 + number0 number1,50.0,"[8, 9, 10, 14, 15, 16, 21, 22, 23, 28, 29, 30]","At the town carnival Billy rode the ferris wheel number0 times and the bumper cars number1 times . If each ride cost number2 tickets ,",how many tickets did he use ?
"Joan found number0 seashells on the beach , she gave Mike number1 of the seashells . How many seashells does she now have ?",79.0 63.0,- number0 number1,16,"[1, 2, 3, 10, 11, 12, 20, 21, 22]","Joan found number0 seashells on the beach , she gave Mike number1 of the seashells .",How many seashells does she now have ?
Kelly has number0 Nintendo games . How many does she need to give away so that she will have number1 games left ?,50.0 35.0,- number0 number1,15.0,"[1, 2, 3, 18, 19, 20, 19, 20, 21]",Kelly has number0 Nintendo games .,How many does she need to give away so that she will have number1 games left ?
"Mike had number0 video games but number1 of them were n't working . If he wanted to sell the working games for $ number2 each , how much money could he earn ?",15.0 9.0 5.0,* number2 - number0 number1,30.0,"[1, 2, 3, 5, 6, 7, 22, 23, 24, 29, 30, 31]","Mike had number0 video games but number1 of them were n't working . If he wanted to sell the working games for $ number2 each ,",how much money could he earn ?
"Jesse has number0 bananas . If he shares them among number1 friends , how many bananas does each friend get ?",21.0 3.0,/ number0 number1,7.0,"[1, 2, 3, 9, 10, 11, 17, 18, 19]","Jesse has number0 bananas . If he shares them among number1 friends ,",how many bananas does each friend get ?
"Rachel bought number0 new chairs and number1 new tables for her house . If she spent number2 minutes on each piece furniture putting it together , how many minutes did it take her to finish ?",7.0 3.0 4.0,* number2 + number0 number1,40.0,"[1, 2, 3, 5, 6, 7, 15, 16, 17, 32, 33, 34]","Rachel bought number0 new chairs and number1 new tables for her house . If she spent number2 minutes on each piece furniture putting it together ,",how many minutes did it take her to finish ?
"Mike joined his school 's band . He bought a trumpet for $ number0 , and a song book which was $ number1 . How much did Mike spend at the music store ?",145.16 5.84,+ number0 number1,151.0,"[12, 13, 14, 21, 22, 23, 30, 31, 32]","Mike joined his school 's band . He bought a trumpet for $ number0 , and a song book which was $ number1 .",How much did Mike spend at the music store ?
Lewis saved checking on the grapevines for his last stop . He was told by one of the pickers that they fill number0 drums of grapes per day . How many drums of grapes would be filled in number1 days ?,324.0 9.0,* number0 number1,2916.0,"[21, 22, 23, 37, 38, 39, 37, 38, 39]",Lewis saved checking on the grapevines for his last stop . He was told by one of the pickers that they fill number0 drums of grapes per day .,How many drums of grapes would be filled in number1 days ?
"If Teresa jogged number0 kilometers at number1 kilometers per hour , how long was Teresa jogging ?",25.0 5.0,/ number0 number1,5.0,"[2, 3, 4, 5, 6, 7, 13, 14, 15]","If Teresa jogged number0 kilometers at number1 kilometers per hour ,",how long was Teresa jogging ?
Megan has number0 seashells . How many more seashells does she need to find to have number1 seashells in her collection ?,19.0 25.0,- number1 number0,6.0,"[1, 2, 3, 15, 16, 17, 18, 19, 20]",Megan has number0 seashells .,How many more seashells does she need to find to have number1 seashells in her collection ?
Sue ’ s family went on vacation . Her mom drove the car at number0 mph . They camped at a campground after traveling for number1 hours . How far was the campground from their home ?,60.0 5.0,* number0 number1,300.0,"[12, 13, 14, 23, 24, 25, 34, 35, 36]",Sue ’ s family went on vacation . Her mom drove the car at number0 mph . They camped at a campground after traveling for number1 hours .,How far was the campground from their home ?
Joan has number0 orange balloons but lost number1 of them . How many orange balloons does Joan have now ?,8.0 2.0,- number0 number1,6.0,"[1, 2, 3, 8, 9, 10, 18, 19, 20]",Joan has number0 orange balloons but lost number1 of them .,How many orange balloons does Joan have now ?
"Heather went to the county fair last weekend . When she got there , she had to walk number0 mile from the car to the entrance . Then she walked number1 mile to the carnival rides and number2 mile from the carnival rides back to the car . How many miles did Heather walk in all ?",0.3333333333333333 0.3333333333333333 0.08333333333333333,+ + number0 number0 number2,0.75,"[17, 18, 19, 29, 30, 31, 36, 37, 38, 53, 54, 55]","Heather went to the county fair last weekend . When she got there , she had to walk number0 mile from the car to the entrance . Then she walked number1 mile to the carnival rides and number2 mile from the carnival rides back to the car .",How many miles did Heather walk in all ?
Craig starts with number0 Skittles . number1 are eaten by a hippopotamus . How many Skittles does Craig end with ?,5.0 2.0,- number0 number1,3.0,"[2, 3, 4, 5, 6, 7, 17, 18, 19]",Craig starts with number0 Skittles . number1 are eaten by a hippopotamus .,How many Skittles does Craig end with ?
The schools debate team had number0 boys and number1 girls on it . If they were split into groups of number2 how many groups could they make ?,5.0 40.0 9.0,/ + number0 number1 number2,5.0,"[4, 5, 6, 7, 8, 9, 19, 20, 21, 24, 25, 26]",The schools debate team had number0 boys and number1 girls on it . If they were split into groups of number2,how many groups could they make ?
Isabel bought number0 pieces of paper . She used number1 pieces of the paper . How many pieces of paper does she have left ?,900.0 156.0,- number0 number1,744.0,"[1, 2, 3, 8, 9, 10, 21, 22, 23]",Isabel bought number0 pieces of paper . She used number1 pieces of the paper .,How many pieces of paper does she have left ?
A pet store had number0 siamese cats and number1 house cats . During a sale they sold number2 cats . How many cats do they have left ?,36.0 18.0 26.0,- + number0 number1 number2,28.0,"[3, 4, 5, 7, 8, 9, 16, 17, 18, 24, 25, 26]",A pet store had number0 siamese cats and number1 house cats . During a sale they sold number2 cats .,How many cats do they have left ?
Mary has number0 yellow marbles Joan has number1 yellow marbles . How many yellow marbles do they have in all ?,9.0 3.0,+ number0 number1,12.0,"[1, 2, 3, 6, 7, 8, 17, 18, 19]",Mary has number0 yellow marbles Joan has number1 yellow marbles .,How many yellow marbles do they have in all ?
"A bee colony produced number0 pounds of honey , but bears ate number1 pounds of it . How much honey remains ?",0.36 0.05,- number0 number1,0.31,"[3, 4, 5, 11, 12, 13, 18, 19, 20]","A bee colony produced number0 pounds of honey , but bears ate number1 pounds of it .",How much honey remains ?
Aaron starts with number0 erasers . He gives number1 to Doris . How many erasers does Aaron end with ?,81.0 34.0,- number0 number1,47.0,"[2, 3, 4, 7, 8, 9, 16, 17, 18]",Aaron starts with number0 erasers . He gives number1 to Doris .,How many erasers does Aaron end with ?
Sara picked number0 pears and Sally picked number1 pears from the pear tree . How many pears were picked in total ?,45.0 11.0,+ number0 number1,56,"[1, 2, 3, 6, 7, 8, 18, 19, 20]",Sara picked number0 pears and Sally picked number1 pears from the pear tree .,How many pears were picked in total ?
There are number0 pencils and number1 rulers in the drawer . Sally took number2 pencils out of the drawer . How many pencils are there now ?,9.0 4.0 4.0,- number0 number1,5,"[1, 2, 3, 4, 5, 6, 12, 13, 14, 23, 24, 25]",There are number0 pencils and number1 rulers in the drawer . Sally took number2 pencils out of the drawer .,How many pencils are there now ?
"Benny received number0 dollars and number1 movie tickets for his birthday . He went to a sporting goods store and bought a baseball glove , baseball , and bat . He had number2 dollars over , how much did he spent on the baseball gear ?",79.0 9.0 32.0,- number0 number2,47,"[1, 2, 3, 4, 5, 6, 31, 32, 33, 42, 43, 44]","Benny received number0 dollars and number1 movie tickets for his birthday . He went to a sporting goods store and bought a baseball glove , baseball , and bat . He had number2 dollars over ,",how much did he spent on the baseball gear ?
Fred has number0 baseball cards . Melanie bought number1 of Fred 's baseball cards . How many baseball cards does Fred have now ?,5.0 3.0,- number0 number1,2.0,"[1, 2, 3, 7, 8, 9, 22, 23, 24]",Fred has number0 baseball cards . Melanie bought number1 of Fred 's baseball cards .,How many baseball cards does Fred have now ?
"Before December , customers buy number0 ear muffs from the mall . During December , they buy number1 more , and there are none left . In all , how many ear muffs do the customers buy ?",1346.0 6444.0,+ number0 number1,7790.0,"[4, 5, 6, 16, 17, 18, 34, 35, 36]","Before December , customers buy number0 ear muffs from the mall . During December , they buy number1 more , and there are none left . In all ,",how many ear muffs do the customers buy ?
"On Friday , number0 people visited the zoo . number1 times as many people visited on Saturday than on Friday . How many people visited the zoo on Saturday ?",1250.0 3.0,* number0 number1,3750.0,"[2, 3, 4, 8, 9, 10, 26, 27, 28]","On Friday , number0 people visited the zoo . number1 times as many people visited on Saturday than on Friday .",How many people visited the zoo on Saturday ?
There are number0 pencils in the drawer . Mike placed number1 more pencils in the drawer . How many pencils are now there in total ?,41.0 30.0,+ number0 number1,71.0,"[1, 2, 3, 9, 10, 11, 24, 25, 26]",There are number0 pencils in the drawer . Mike placed number1 more pencils in the drawer .,How many pencils are now there in total ?
Andrew starts with number0 eggs . He buys number1 more . How many eggs does Andrew end with ?,8.0 62.0,+ number0 number1,70.0,"[2, 3, 4, 7, 8, 9, 15, 16, 17]",Andrew starts with number0 eggs . He buys number1 more .,How many eggs does Andrew end with ?
"Billy was organizing his baseball cards in a binder with number0 on each page . If he had number1 new cards and number2 old cards to put in the binder , how many pages would he use ?",5.0 3.0 42.0,/ + number1 number2 number0,9.0,"[9, 10, 11, 17, 18, 19, 21, 22, 23, 34, 35, 36]","Billy was organizing his baseball cards in a binder with number0 on each page . If he had number1 new cards and number2 old cards to put in the binder ,",how many pages would he use ?
"My car gets number0 miles per gallon of gas . If Grandma ’ s house is number1 miles away , how many gallons of gas would it take to get to her house ?",20.0 100.0,/ number1 number0,5.0,"[2, 3, 4, 14, 15, 16, 29, 30, 31]","My car gets number0 miles per gallon of gas . If Grandma ’ s house is number1 miles away ,",how many gallons of gas would it take to get to her house ?
Your class is having a pizza party . You buy number0 pizzas . Each pizza has number1 slices . How many slices is that altogether ?,5.0 4.0,* number0 number1,20.0,"[9, 10, 11, 15, 16, 17, 22, 23, 24]",Your class is having a pizza party . You buy number0 pizzas . Each pizza has number1 slices .,How many slices is that altogether ?
"A waiter at ' The Greasy Spoon ' restaurant had number0 customers to wait on . During the lunch rush he added another number1 customers . If number2 of the customers did n't leave him a tip , how many customers did leave a tip ?",29.0 20.0 34.0,- + number0 number1 number2,15.0,"[9, 10, 11, 22, 23, 24, 26, 27, 28, 42, 43, 44]","A waiter at ' The Greasy Spoon ' restaurant had number0 customers to wait on . During the lunch rush he added another number1 customers . If number2 of the customers did n't leave him a tip ,",how many customers did leave a tip ?
Lillian collects number0 candies . Lillian 's father gives Lillian number1 more . How many candies does Lillian have ?,88.0 5.0,+ number0 number1,93.0,"[1, 2, 3, 9, 10, 11, 16, 17, 18]",Lillian collects number0 candies . Lillian 's father gives Lillian number1 more .,How many candies does Lillian have ?
"Ashley sold number0 boxes of Samoas . How many cases of number1 boxes , plus extra boxes does Ashley need ?",12.0 12.0,/ number0 number0,1.0,"[1, 2, 3, 10, 11, 12, 17, 18, 19]",Ashley sold number0 boxes of Samoas .,"How many cases of number1 boxes , plus extra boxes does Ashley need ?"
It rained number0 inches on Saturday and number1 inches on Sunday . How much did it rain on Saturday and Sunday combined ?,0.2 0.4,+ number0 number1,0.6,"[1, 2, 3, 6, 7, 8, 19, 20, 21]",It rained number0 inches on Saturday and number1 inches on Sunday .,How much did it rain on Saturday and Sunday combined ?
"Mike joined his school 's band . He bought a trumpet for $ number0 , and a song book which was $ number1 . How much did Mike spend at the music store ?",145.16 5.84,+ number0 number1,151,"[12, 13, 14, 21, 22, 23, 30, 31, 32]","Mike joined his school 's band . He bought a trumpet for $ number0 , and a song book which was $ number1 .",How much did Mike spend at the music store ?
Anthony has number0 pencils . Kathryn gives Anthony number1 more . How many pencils does Anthony have in all ?,9.0 56.0,+ number0 number1,65.0,"[1, 2, 3, 7, 8, 9, 16, 17, 18]",Anthony has number0 pencils . Kathryn gives Anthony number1 more .,How many pencils does Anthony have in all ?
"A florist had number0 roses . If she sold number1 of them and then later picked number2 more , how many roses would she have ?",37.0 16.0 19.0,- + number0 number2 number1,40.0,"[2, 3, 4, 8, 9, 10, 15, 16, 17, 22, 23, 24]","A florist had number0 roses . If she sold number1 of them and then later picked number2 more ,",how many roses would she have ?
There are number0 short bushes and number1 tall trees currently in the park . Park workers will plant number2 short bushes today . How many short bushes will the park have when the workers are finished ?,37.0 30.0 20.0,+ number0 number2,57,"[1, 2, 3, 5, 6, 7, 17, 18, 19, 33, 34, 35]",There are number0 short bushes and number1 tall trees currently in the park . Park workers will plant number2 short bushes today .,How many short bushes will the park have when the workers are finished ?
The Sumata family took a number0 day vacation by car . Each day they drove number1 miles . How many total miles did they drive ?,5.0 250.0,* number0 number1,1250.0,"[4, 5, 6, 14, 15, 16, 22, 23, 24]",The Sumata family took a number0 day vacation by car . Each day they drove number1 miles .,How many total miles did they drive ?
Emily was playing a trivia game . In the first round she scored number0 points and in the second round she scored number1 points . In the last round she lost number2 points . How many points did she have at the end of the game ?,16.0 33.0 48.0,- + number0 number1 number2,1.0,"[12, 13, 14, 21, 22, 23, 30, 31, 32, 43, 44, 45]",Emily was playing a trivia game . In the first round she scored number0 points and in the second round she scored number1 points . In the last round she lost number2 points .,How many points did she have at the end of the game ?
"Joshua has number0 Skittles and number1 eggs . If he shares the Skittles among number2 friends , how many Skittles does each friend get ?",40.0 6.0 5.0,/ number0 number2,8.0,"[1, 2, 3, 4, 5, 6, 13, 14, 15, 21, 22, 23]","Joshua has number0 Skittles and number1 eggs . If he shares the Skittles among number2 friends ,",how many Skittles does each friend get ?
"Sandy went to the mall to buy clothes . She spent $ number0 on shorts , $ number1 on a shirt , and $ number2 on a jacket . How much money did Sandy spend on clothes ?",13.99 12.14 7.43,+ + number0 number1 number2,33.56,"[11, 12, 13, 16, 17, 18, 23, 24, 25, 34, 35, 36]","Sandy went to the mall to buy clothes . She spent $ number0 on shorts , $ number1 on a shirt , and $ number2 on a jacket .",How much money did Sandy spend on clothes ?
"Katie had number0 songs on her mp3 player . If she deleted number1 old songs from it and then added number2 new songs , how many songs does she have on her mp3 player ?",11.0 7.0 24.0,- + number0 number2 number1,28.0,"[1, 2, 3, 11, 12, 13, 19, 20, 21, 31, 32, 33]","Katie had number0 songs on her mp3 player . If she deleted number1 old songs from it and then added number2 new songs ,",how many songs does she have on her mp3 player ?
Maria needs number0 cartons of berries to make a berry cobbler . She already has number1 cartons of strawberries and number2 cartons of blueberries . How many more cartons of berries should Maria buy ?,21.0 4.0 8.0,- number0 + number1 number2,9.0,"[1, 2, 3, 14, 15, 16, 19, 20, 21, 31, 32, 33]",Maria needs number0 cartons of berries to make a berry cobbler . She already has number1 cartons of strawberries and number2 cartons of blueberries .,How many more cartons of berries should Maria buy ?
Betty bought number0 pink flower stones and wanted to make number1 bracelets out of these stones . How many pink flower stones will each bracelet have if she used the same number of stones in each bracelet ?,88.0 8.0,/ number0 number1,11.0,"[1, 2, 3, 9, 10, 11, 34, 35, 36]",Betty bought number0 pink flower stones and wanted to make number1 bracelets out of these stones .,How many pink flower stones will each bracelet have if she used the same number of stones in each bracelet ?
"The value of a sport utility vehicle this year is number0 dollars , which is number1 of what its value was last year . Find the value of the vehicle last year .",16000.0 0.8,/ number0 number1,20000.0,"[9, 10, 11, 14, 15, 16, 29, 30, 31]","The value of a sport utility vehicle this year is number0 dollars , which is number1 of what its value was last year .",Find the value of the vehicle last year .
Sandy has number0 dozen books . Fred has number1 times more books than Sandy . How many books does Fred have ?,8.0 5.0,* * number0 12.0 number1,480.0,"[1, 2, 3, 7, 8, 9, 20, 21, 22]",Sandy has number0 dozen books . Fred has number1 times more books than Sandy .,How many books does Fred have ?
There are number0 oak trees currently in the park . Park workers had to cut down number1 oak trees that were damaged . How many oak trees will the park have when the workers are finished ?,9.0 2.0,- number0 number1,7.0,"[1, 2, 3, 15, 16, 17, 35, 36, 37]",There are number0 oak trees currently in the park . Park workers had to cut down number1 oak trees that were damaged .,How many oak trees will the park have when the workers are finished ?
Megan had number0 markers . Robert gave her number1 more markers . How many markers does Megan have altogether ?,217.0 109.0,+ number0 number1,326.0,"[1, 2, 3, 7, 8, 9, 16, 17, 18]",Megan had number0 markers . Robert gave her number1 more markers .,How many markers does Megan have altogether ?
Mary had number0 nickels in her bank . Her dad gave her number1 nickels . How many nickels does Mary have now ?,7.0 5.0,+ number0 number1,12,"[1, 2, 3, 11, 12, 13, 19, 20, 21]",Mary had number0 nickels in her bank . Her dad gave her number1 nickels .,How many nickels does Mary have now ?
"If Madison sold number0 boxes of Tagalongs , how many cases of number1 boxes does Madison pickup from the cookie mom ?",24.0 12.0,/ number0 number1,2.0,"[2, 3, 4, 11, 12, 13, 18, 19, 20]","If Madison sold number0 boxes of Tagalongs ,",how many cases of number1 boxes does Madison pickup from the cookie mom ?
Alec and his roommates ate number0 pints of ice cream on Friday night and number1 pint of ice cream on Saturday night . How many pints did they eat in all ?,3.25 0.25,+ number0 number1,3.5,"[4, 5, 6, 13, 14, 15, 28, 29, 30]",Alec and his roommates ate number0 pints of ice cream on Friday night and number1 pint of ice cream on Saturday night .,How many pints did they eat in all ?
"The cafeteria had number0 apples . For lunch they handed out number1 to students and decided to use the rest to make pies . If each pie takes number2 apples , how many pies could they make ?",96.0 42.0 6.0,/ - number0 number1 number2,9.0,"[2, 3, 4, 10, 11, 12, 27, 28, 29, 34, 35, 36]","The cafeteria had number0 apples . For lunch they handed out number1 to students and decided to use the rest to make pies . If each pie takes number2 apples ,",how many pies could they make ?
"Some insects called aphids attack a large farm . In response , the farmer releases ladybugs onto the fields . There are number0 ladybugs with spots and number1 ladybugs without spots . How many ladybugs are there in all ?",12170.0 54912.0,+ number0 number1,67082.0,"[21, 22, 23, 26, 27, 28, 36, 37, 38]","Some insects called aphids attack a large farm . In response , the farmer releases ladybugs onto the fields . There are number0 ladybugs with spots and number1 ladybugs without spots .",How many ladybugs are there in all ?
Nancy found number0 seashells and number1 starfish on the beach . She gave number2 of the seashells to Jason . How many seashells does Nancy now have ?,35.0 25.0 17.0,- number0 number2,18,"[1, 2, 3, 4, 5, 6, 12, 13, 14, 24, 25, 26]",Nancy found number0 seashells and number1 starfish on the beach . She gave number2 of the seashells to Jason .,How many seashells does Nancy now have ?
number0 the students in the band are in the trumpet section . number1 the students in the band are in the trombone section . What fraction of the students in the band are in either the trumpet section or the trombone section ?,0.5 0.125,+ number0 number1,0.625,"[0, 1, 11, 12, 13, 39, 40, 41]",number0 the students in the band are in the trumpet section . number1 the students in the band are in the trombone section .,What fraction of the students in the band are in either the trumpet section or the trombone section ?
"A magician was selling magic card decks for number0 dollars each . If he started with number1 decks and by the end of the day he had number2 left , how much money did he earn ?",7.0 16.0 8.0,* number0 - number1 number2,56.0,"[7, 8, 9, 15, 16, 17, 26, 27, 28, 33, 34, 35]","A magician was selling magic card decks for number0 dollars each . If he started with number1 decks and by the end of the day he had number2 left ,",how much money did he earn ?
"Lori has number0 marbles . If she shares them among number1 friends , how many marbles does each friend get ?",30.0 5.0,/ number0 number1,6.0,"[1, 2, 3, 9, 10, 11, 17, 18, 19]","Lori has number0 marbles . If she shares them among number1 friends ,",how many marbles does each friend get ?
There are number0 pencils in a box . Eric takes number1 pencils . How many are left ?,79.0 4.0,- number0 number1,75.0,"[1, 2, 3, 9, 10, 11, 14, 15, 16]",There are number0 pencils in a box . Eric takes number1 pencils .,How many are left ?
If Anne wandered for number0 hours at number1 miles per hour . How far did Anne go ?,3.0 2.0,* number0 number1,6.0,"[3, 4, 5, 6, 7, 8, 14, 15, 16]",If Anne wandered for number0 hours at number1 miles per hour .,How far did Anne go ?
"A renovation project required number0 truck - load of sand , number1 truck - load of dirt , and number2 truck - load of cement . How many truck - loads of material were needed in all ?",0.16666666666666666 0.3333333333333333 0.16666666666666666,+ + number0 number0 number1,0.6666666666666666,"[3, 4, 5, 10, 11, 12, 18, 19, 20, 34, 35, 36]","A renovation project required number0 truck - load of sand , number1 truck - load of dirt , and number2 truck - load of cement .",How many truck - loads of material were needed in all ?
"Keith spent $ number0 on a rabbit toy , $ number1 on pet food , and a cage cost him $ number2 . He found a dollar bill on the ground . What was the total cost of Keith 's purchases ?",6.51 5.79 12.51,+ + number0 number1 number2,24.81,"[2, 3, 4, 9, 10, 11, 20, 21, 22, 38, 39, 40]","Keith spent $ number0 on a rabbit toy , $ number1 on pet food , and a cage cost him $ number2 . He found a dollar bill on the ground .",What was the total cost of Keith 's purchases ?
Lemon heads come in packages of number0 . Louis ate number1 Lemon Heads . How many whole boxes did he eat and how many Lemon Heads does he have left ?,6.0 54.0,/ number1 number0,9.0,"[5, 6, 7, 9, 10, 11, 27, 28, 29]",Lemon heads come in packages of number0 . Louis ate number1 Lemon Heads .,How many whole boxes did he eat and how many Lemon Heads does he have left ?
"A pet store has number0 bird cages . If each cage has number1 parrots and number2 parakeets in it , how many birds does the pet store have total ?",6.0 2.0 7.0,* number0 + number1 number2,54.0,"[3, 4, 5, 11, 12, 13, 14, 15, 16, 26, 27, 28]","A pet store has number0 bird cages . If each cage has number1 parrots and number2 parakeets in it ,",how many birds does the pet store have total ?
"If Benjamin strolled number0 miles at number1 miles per hour , how long was Benjamin travelling ?",14.0 2.0,/ number0 number1,7.0,"[2, 3, 4, 5, 6, 7, 13, 14, 15]","If Benjamin strolled number0 miles at number1 miles per hour ,",how long was Benjamin travelling ?
Jason grew number0 watermelons and number1 pumpkins . Sandy grew number2 watermelons . How many watermelons did they grow in total ?,37.0 30.0 11.0,+ number0 number2,48,"[1, 2, 3, 4, 5, 6, 9, 10, 11, 18, 19, 20]",Jason grew number0 watermelons and number1 pumpkins . Sandy grew number2 watermelons .,How many watermelons did they grow in total ?
"Each chocolate bar in a box cost $ number0 . If a box had number1 bars total and Vanessa sold all but number2 bars , how much money would she have made ?",4.0 11.0 7.0,* number0 - number1 number2,16.0,"[7, 8, 9, 13, 14, 15, 21, 22, 23, 29, 30, 31]","Each chocolate bar in a box cost $ number0 . If a box had number1 bars total and Vanessa sold all but number2 bars ,",how much money would she have made ?
There are number0 bottle caps in a box . Marvin takes number1 bottle caps . How many are left ?,16.0 6.0,- number0 number1,10.0,"[1, 2, 3, 10, 11, 12, 16, 17, 18]",There are number0 bottle caps in a box . Marvin takes number1 bottle caps .,How many are left ?
Mary had number0 potatoes in the garden . The rabbits ate number1 of the potatoes . How many potatoes does Mary now have ?,8.0 3.0,- number0 number1,5,"[1, 2, 3, 10, 11, 12, 20, 21, 22]",Mary had number0 potatoes in the garden . The rabbits ate number1 of the potatoes .,How many potatoes does Mary now have ?
"A ship is filled with number0 tons of cargo . It stops in the Bahamas , where sailors load number1 more tons of cargo onboard . How many tons of cargo does the ship hold now ?",5973.0 8723.0,+ number0 number1,14696.0,"[4, 5, 6, 18, 19, 20, 33, 34, 35]","A ship is filled with number0 tons of cargo . It stops in the Bahamas , where sailors load number1 more tons of cargo onboard .",How many tons of cargo does the ship hold now ?
George has number0 boxes of eggs . Each box holds number1 eggs and there are number2 boxes in a case . How many eggs does George have ?,5.0 3.0 9.0,* number0 number1,15.0,"[1, 2, 3, 9, 10, 11, 14, 15, 16, 24, 25, 26]",George has number0 boxes of eggs . Each box holds number1 eggs and there are number2 boxes in a case .,How many eggs does George have ?
"The school cafeteria ordered number0 red apples and number1 green apples for students lunches . But , if only number2 students wanted fruit , how many extra did the cafeteria end up with ?",33.0 23.0 21.0,- + number0 number1 number2,35.0,"[3, 4, 5, 7, 8, 9, 18, 19, 20, 30, 31, 32]","The school cafeteria ordered number0 red apples and number1 green apples for students lunches . But , if only number2 students wanted fruit ,",how many extra did the cafeteria end up with ?
Tim had number0 cents . He paid number1 cents for a candy bar . How much change will he get ?,50.0 45.0,- number0 number1,5.0,"[1, 2, 3, 6, 7, 8, 17, 18, 19]",Tim had number0 cents . He paid number1 cents for a candy bar .,How much change will he get ?
Annie starts with number0 crayons . Matthew gives Annie number1 more . How many crayons does Annie end with ?,4.0 36.0,+ number0 number1,40.0,"[2, 3, 4, 8, 9, 10, 16, 17, 18]",Annie starts with number0 crayons . Matthew gives Annie number1 more .,How many crayons does Annie end with ?
James rode number0 miles at number1 miles per hour . How long did James ride ?,80.0 16.0,/ number0 number1,5.0,"[1, 2, 3, 4, 5, 6, 12, 13, 14]",James rode number0 miles at number1 miles per hour .,How long did James ride ?
There are number0 crayons in each box . How many crayons are in number1 boxes ?,4.0 3.0,* number0 number1,12.0,"[1, 2, 3, 12, 13, 14, 12, 13, 14]",There are number0 crayons in each box .,How many crayons are in number1 boxes ?
"Peter has number0 candies stored in boxes . If there are number1 boxes , how many candies must go in each box ?",3.0 3.0,/ number0 number0,1.0,"[1, 2, 3, 10, 11, 12, 19, 20, 21]","Peter has number0 candies stored in boxes . If there are number1 boxes ,",how many candies must go in each box ?
Robin has number0 packages of gum . There are number1 pieces in each package . How many pieces of gum does Robin have ?,27.0 18.0,* number0 number1,486.0,"[1, 2, 3, 8, 9, 10, 20, 21, 22]",Robin has number0 packages of gum . There are number1 pieces in each package .,How many pieces of gum does Robin have ?
"For Halloween Megan received number0 pieces of candy from neighbors and number1 pieces from her older sister . If she only ate number2 pieces a day , how long would the candy last her ?",11.0 5.0 8.0,/ + number0 number1 number2,2.0,"[3, 4, 5, 10, 11, 12, 21, 22, 23, 31, 32, 33]","For Halloween Megan received number0 pieces of candy from neighbors and number1 pieces from her older sister . If she only ate number2 pieces a day ,",how long would the candy last her ?
Joyce starts with number0 apples . She gives number1 to Larry . How many apples does Joyce end with ?,75.0 52.0,- number0 number1,23.0,"[2, 3, 4, 7, 8, 9, 16, 17, 18]",Joyce starts with number0 apples . She gives number1 to Larry .,How many apples does Joyce end with ?
"Mike made number0 dollars mowing lawns and number1 dollars weed eating . If he only spent number2 dollar a week , how long would the money last him ?",14.0 26.0 5.0,/ + number0 number1 number2,8.0,"[1, 2, 3, 6, 7, 8, 15, 16, 17, 25, 26, 27]","Mike made number0 dollars mowing lawns and number1 dollars weed eating . If he only spent number2 dollar a week ,",how long would the money last him ?
Mrs. Hilt reads number0 books a day . How many books does she read in number1 days ?,5.0 3.0,* number0 number1,15.0,"[2, 3, 4, 14, 15, 16, 14, 15, 16]",Mrs. Hilt reads number0 books a day .,How many books does she read in number1 days ?
James ate number0 carrot sticks before dinner and number1 more after dinner . How many carrot sticks did he eat ?,22.0 15.0,+ number0 number1,37.0,"[1, 2, 3, 7, 8, 9, 17, 18, 19]",James ate number0 carrot sticks before dinner and number1 more after dinner .,How many carrot sticks did he eat ?
"Vincent bought number0 books about animals , number1 book about outer space , and number2 books about trains . Each book cost $ number3 . How much did Vincent spend on the books ?",10.0 1.0 3.0 16.0,* + + number0 number1 number2 number3,224.0,"[1, 2, 3, 6, 7, 8, 13, 14, 15, 22, 23, 24, 30, 31, 32]","Vincent bought number0 books about animals , number1 book about outer space , and number2 books about trains . Each book cost $ number3 .",How much did Vincent spend on the books ?
"Alyssa went to number0 soccer games this year , but missed number1 . She went to number2 games last year and plans to go to number3 games next year . How many soccer games will Alyssa go to in all ?",11.0 12.0 13.0 15.0,+ + number0 number2 number3,39,"[2, 3, 4, 5, 10, 11, 12, 13]","Alyssa went to number0 soccer games this year , but missed number1 . She went to number2 games last year and plans to go to number3 games next year .",How many soccer games will Alyssa go to in all ?
"For a birthday party Cody bought number0 regular sodas and number1 diet sodas . If his fridge would only hold number2 on each shelf , how many shelves would he fill up ?",4.0 44.0 6.0,/ + number0 number1 number2,8.0,"[5, 6, 7, 9, 10, 11, 19, 20, 21, 29, 30, 31]","For a birthday party Cody bought number0 regular sodas and number1 diet sodas . If his fridge would only hold number2 on each shelf ,",how many shelves would he fill up ?
William has number0 marbles . He shares number1 with Theresa . How many marbles will William have ?,10.0 3.0,- number0 number1,7.0,"[1, 2, 3, 6, 7, 8, 14, 15, 16]",William has number0 marbles . He shares number1 with Theresa .,How many marbles will William have ?
Misha has number0 dollars . How many dollars does she have to earn to have number1 dollars to buy a dog ?,34.0 47.0,- number1 number0,13.0,"[1, 2, 3, 14, 15, 16, 18, 19, 20]",Misha has number0 dollars .,How many dollars does she have to earn to have number1 dollars to buy a dog ?
"Haley was playing a video game and had number0 lives . In a hard part of the game she lost number1 lives . If she got number2 more lives in the next level , how many lives would she have ?",14.0 4.0 36.0,- + number0 number2 number1,46.0,"[7, 8, 9, 19, 20, 21, 25, 26, 27, 37, 38, 39]","Haley was playing a video game and had number0 lives . In a hard part of the game she lost number1 lives . If she got number2 more lives in the next level ,",how many lives would she have ?
"Before December , customers buy number0 ear muffs from the mall . During December , they buy number1 , and there are none . In all , how many ear muffs do the customers buy ?",1346.0 6444.0,+ number0 number1,7790.0,"[4, 5, 6, 16, 17, 18, 32, 33, 34]","Before December , customers buy number0 ear muffs from the mall . During December , they buy number1 , and there are none . In all ,",how many ear muffs do the customers buy ?
"John was organizing his baseball cards in a binder with number0 on each page . If he had number1 new cards and number2 old cards to put in the binder , how many pages would he use ?",3.0 8.0 16.0,/ + number1 number2 number0,8.0,"[9, 10, 11, 17, 18, 19, 21, 22, 23, 34, 35, 36]","John was organizing his baseball cards in a binder with number0 on each page . If he had number1 new cards and number2 old cards to put in the binder ,",how many pages would he use ?
"A lawyer bills her clients number0 dollars per hour of service . If a client 's case requires number1 hours to complete , use proportion to calculate how much the client will owe the lawyer in dollars .",200.0 39.0,* number0 number1,7800.0,"[4, 5, 6, 17, 18, 19, 34, 35, 36]","A lawyer bills her clients number0 dollars per hour of service . If a client 's case requires number1 hours to complete , use proportion to calculate",how much the client will owe the lawyer in dollars .
Joseph has number0 candies . Kathy gives Joseph number1 more . How many candies does Joseph have in all ?,67.0 38.0,+ number0 number1,105.0,"[1, 2, 3, 7, 8, 9, 16, 17, 18]",Joseph has number0 candies . Kathy gives Joseph number1 more .,How many candies does Joseph have in all ?
"Brian ’ s car gets number0 miles per gallon . On his last trip , he used number1 gallons of gas . How many miles did he travel on his last trip ?",20.0 3.0,* number0 number1,60.0,"[3, 4, 5, 15, 16, 17, 28, 29, 30]","Brian ’ s car gets number0 miles per gallon . On his last trip , he used number1 gallons of gas .",How many miles did he travel on his last trip ?
"Mark 's father gave him $ number0 . Mark bought number1 books , each of which cost $ number2 . How much money does Mark have left ?",85.0 10.0 5.0,- number0 * number1 number2,35.0,"[5, 6, 7, 9, 10, 11, 17, 18, 19, 24, 25, 26]","Mark 's father gave him $ number0 . Mark bought number1 books , each of which cost $ number2 .",How much money does Mark have left ?
"To fill an order , the factory dyed number0 yards of silk green and number1 yards pink . How many yards of silk did it dye for that order ?",61921.0 49500.0,+ number0 number1,111421.0,"[7, 8, 9, 13, 14, 15, 26, 27, 28]","To fill an order , the factory dyed number0 yards of silk green and number1 yards pink .",How many yards of silk did it dye for that order ?
"Edward was trying to expand his game collection . He bought number0 games from a friend and bought number1 more at a garage sale . If number2 of the games did n't work , how many good games did he end up with ?",41.0 14.0 31.0,- + number0 number1 number2,24.0,"[10, 11, 12, 17, 18, 19, 25, 26, 27, 40, 41, 42]","Edward was trying to expand his game collection . He bought number0 games from a friend and bought number1 more at a garage sale . If number2 of the games did n't work ,",how many good games did he end up with ?
"There are number0 stickers on a page . If you have number1 pages of stickers , how many stickers do you have ?",10.0 22.0,* number0 number1,220.0,"[1, 2, 3, 10, 11, 12, 19, 20, 21]","There are number0 stickers on a page . If you have number1 pages of stickers ,",how many stickers do you have ?
Shirley starts with number0 eggs . She buys number1 more . How many eggs does Shirley end with ?,98.0 8.0,+ number0 number1,106.0,"[2, 3, 4, 7, 8, 9, 15, 16, 17]",Shirley starts with number0 eggs . She buys number1 more .,How many eggs does Shirley end with ?
"Each year , salmon travel upstream , going from the ocean to the rivers where they were born . This year , number0 male and number1 female salmon returned to their rivers . How many salmon made the trip ?",712261.0 259378.0,+ number0 number1,971639.0,"[21, 22, 23, 24, 25, 26, 36, 37, 38]","Each year , salmon travel upstream , going from the ocean to the rivers where they were born . This year , number0 male and number1 female salmon returned to their rivers .",How many salmon made the trip ?
We ordered number0 pizzas . Each pizza has number1 slices . How many slices of pizza are there altogether ?,21.0 8.0,* number0 number1,168.0,"[1, 2, 3, 7, 8, 9, 16, 17, 18]",We ordered number0 pizzas . Each pizza has number1 slices .,How many slices of pizza are there altogether ?
Mike picked number0 oranges and Melanie picked number1 oranges . Fred picked number2 apples . How many oranges were picked in total ?,123.0 104.0 130.0,+ number0 number1,227,"[1, 2, 3, 6, 7, 8, 11, 12, 13, 19, 20, 21]",Mike picked number0 oranges and Melanie picked number1 oranges . Fred picked number2 apples .,How many oranges were picked in total ?
Joan had number0 dimes in her bank . She spent number1 of her dimes . How many dimes does she have now ?,5.0 2.0,- number0 number1,3,"[1, 2, 3, 9, 10, 11, 19, 20, 21]",Joan had number0 dimes in her bank . She spent number1 of her dimes .,How many dimes does she have now ?
Victor and his friend were buying trick decks from the magic shop for number0 dollars each . How much did they spend if Victor bought number1 decks and his friend bought number2 decks ?,8.0 6.0 2.0,* number0 + number1 number2,64.0,"[12, 13, 14, 24, 25, 26, 30, 31, 32, 30, 31, 32]",Victor and his friend were buying trick decks from the magic shop for number0 dollars each .,How much did they spend if Victor bought number1 decks and his friend bought number2 decks ?
"Scott has number0 oranges that must be put away in boxes . Terry comes to help and brings number1 cookies to share with Scott . If there are number2 boxes , how many oranges must go in each box ?",56.0 11.0 8.0,/ number0 number2,7.0,"[1, 2, 3, 17, 18, 19, 27, 28, 29, 36, 37, 38]","Scott has number0 oranges that must be put away in boxes . Terry comes to help and brings number1 cookies to share with Scott . If there are number2 boxes ,",how many oranges must go in each box ?
"If there are number0 crayons in a box and Gerald puts number1 more crayons inside , how many crayons are in the box ?",7.0 6.0,+ number0 number1,13.0,"[2, 3, 4, 10, 11, 12, 20, 21, 22]","If there are number0 crayons in a box and Gerald puts number1 more crayons inside ,",how many crayons are in the box ?
Mikey had number0 leaves . Some of her leaves blew away . Now she has number1 leaves left . How many of her leaves blew away ?,356.0 112.0,- number0 number1,244.0,"[1, 2, 3, 14, 15, 16, 23, 24, 25]",Mikey had number0 leaves . Some of her leaves blew away . Now she has number1 leaves left .,How many of her leaves blew away ?
"In number0 week , Mitch 's family drank number1 carton of regular milk and number2 carton of soy milk . How much milk did they drink in all ?",1.0 0.5 0.1,+ number1 number2,0.6,"[0, 1, 2, 7, 8, 9, 13, 14, 15, 25, 26, 27]","In number0 week , Mitch 's family drank number1 carton of regular milk and number2 carton of soy milk .",How much milk did they drink in all ?
Rachel strolled to Nicholas 's house . It is number0 miles from Rachel 's house to Nicholas 's house . It took Rachel number1 hours to get there . How fast did Rachel go ?,10.0 5.0,/ number0 number1,2.0,"[8, 9, 10, 22, 23, 24, 31, 32, 33]",Rachel strolled to Nicholas 's house . It is number0 miles from Rachel 's house to Nicholas 's house . It took Rachel number1 hours to get there .,How fast did Rachel go ?
"The school cafeteria had number0 apples . If they used number1 to make lunch for the students and then bought number2 more , how many apples would they have ?",38.0 20.0 28.0,- + number0 number2 number1,46.0,"[3, 4, 5, 9, 10, 11, 19, 20, 21, 26, 27, 28]","The school cafeteria had number0 apples . If they used number1 to make lunch for the students and then bought number2 more ,",how many apples would they have ?
Kimberly went to the store number0 times last month . She buys number1 peanuts each time she goes to the store . How many peanuts did Kimberly buy last month ?,3.0 7.0,* number0 number1,21.0,"[4, 5, 6, 11, 12, 13, 27, 28, 29]",Kimberly went to the store number0 times last month . She buys number1 peanuts each time she goes to the store .,How many peanuts did Kimberly buy last month ?
"Keith found number0 seashells , Jessica found number1 seashells , and Tim found number2 seashells on the beach . When they cleaned them , they discovered that number3 were cracked . How many seashells did they find together ?",6.0 8.0 7.0 3.0,+ + number0 number1 number2,21,"[1, 2, 3, 6, 7, 8, 12, 13, 14, 26, 27, 28, 35, 36, 37]","Keith found number0 seashells , Jessica found number1 seashells , and Tim found number2 seashells on the beach . When they cleaned them , they discovered that number3 were cracked .",How many seashells did they find together ?
"Dave had to wash number0 short sleeve shirts and number1 long sleeve shirts before school . If he had only washed number2 of them by the time school started , how many did he not wash ?",9.0 27.0 20.0,- + number0 number1 number2,16.0,"[3, 4, 5, 8, 9, 10, 20, 21, 22, 33, 34, 35]","Dave had to wash number0 short sleeve shirts and number1 long sleeve shirts before school . If he had only washed number2 of them by the time school started ,",how many did he not wash ?
Mrs. Hilt bought a yoyo for number0 cents and a whistle for number1 cents . How much did she spend in all for the two toys ?,24.0 14.0,+ number0 number1,38.0,"[5, 6, 7, 11, 12, 13, 23, 24, 25]",Mrs. Hilt bought a yoyo for number0 cents and a whistle for number1 cents .,How much did she spend in all for the two toys ?
"I have number0 cents to buy candy . If each gumdrop costs number1 cents , how many gumdrops can I buy ?",80.0 4.0,/ number0 number1,20.0,"[1, 2, 3, 11, 12, 13, 18, 19, 20]","I have number0 cents to buy candy . If each gumdrop costs number1 cents ,",how many gumdrops can I buy ?
Darnel sprinted number0 lap and then took a break by jogging number1 lap . How much farther did Darnel sprint than jog ?,0.875 0.75,- number0 number1,0.125,"[1, 2, 3, 10, 11, 12, 19, 20, 21]",Darnel sprinted number0 lap and then took a break by jogging number1 lap .,How much farther did Darnel sprint than jog ?
"Fred has number0 yellow balloons , Sam has number1 yellow balloons , and Mary has number2 yellow balloons . The balloons cost number3 dollars . How many yellow balloons do they have in total ?",5.0 6.0 7.0 5.0,+ + number0 number1 number2,18,"[1, 2, 3, 7, 8, 9, 14, 15, 16, 21, 22, 23, 31, 32, 33]","Fred has number0 yellow balloons , Sam has number1 yellow balloons , and Mary has number2 yellow balloons . The balloons cost number3 dollars .",How many yellow balloons do they have in total ?
There are number0 walnut trees and number1 orange trees currently in the park . Park workers had to cut down number2 walnut trees that were damaged . How many walnut trees will be in the park when the workers are finished ?,42.0 12.0 13.0,- number0 number2,29,"[1, 2, 3, 5, 6, 7, 19, 20, 21, 38, 39, 40]",There are number0 walnut trees and number1 orange trees currently in the park . Park workers had to cut down number2 walnut trees that were damaged .,How many walnut trees will be in the park when the workers are finished ?
Tom has number0 yellow balloons . Sara has number1 yellow balloons . How many yellow balloons do they have in total ?,9.0 8.0,+ number0 number1,17.0,"[1, 2, 3, 7, 8, 9, 18, 19, 20]",Tom has number0 yellow balloons . Sara has number1 yellow balloons .,How many yellow balloons do they have in total ?
A fruit farm packs oranges in boxes that hold number0 each . One day it packs number1 oranges . How many boxes did they use ?,10.0 2650.0,/ number1 number0,265.0,"[8, 9, 10, 15, 16, 17, 22, 23, 24]",A fruit farm packs oranges in boxes that hold number0 each . One day it packs number1 oranges .,How many boxes did they use ?
Karen has number0 crayons . Cindy has number1 crayons . How many more crayons does Karen have than Cindy ?,639.0 504.0,- number0 number1,135.0,"[1, 2, 3, 6, 7, 8, 16, 17, 18]",Karen has number0 crayons . Cindy has number1 crayons .,How many more crayons does Karen have than Cindy ?
Luke had number0 stickers . He bought number1 stickers from a store in the mall and got number2 stickers for his birthday . Then Luke gave number3 of the stickers to his sister and used number4 to decorate a greeting card . How many stickers does Luke have left ?,20.0 12.0 20.0 5.0 8.0,- - + + number0 number1 number0 number3 number4,39.0,"[1, 2, 3, 6, 7, 8, 16, 17, 18, 25, 26, 27, 34, 35, 36, 46, 47, 48]",Luke had number0 stickers . He bought number1 stickers from a store in the mall and got number2 stickers for his birthday . Then Luke gave number3 of the stickers to his sister and used number4 to decorate a greeting card .,How many stickers does Luke have left ?
There were number0 roses in the vase . Mary cut some roses from her flower garden . There are now number1 roses in the vase . How many roses did she cut ?,6.0 16.0,- number1 number0,10,"[1, 2, 3, 19, 20, 21, 29, 30, 31]",There were number0 roses in the vase . Mary cut some roses from her flower garden . There are now number1 roses in the vase .,How many roses did she cut ?
For the school bake sale Wendy made pastries . She baked number0 cupcakes and number1 cookies . After the sale she had number2 to take back home . How many pastries did she sell ?,4.0 29.0 24.0,- + number0 number1 number2,9.0,"[10, 11, 12, 13, 14, 15, 21, 22, 23, 31, 32, 33]",For the school bake sale Wendy made pastries . She baked number0 cupcakes and number1 cookies . After the sale she had number2 to take back home .,How many pastries did she sell ?
"Paul got a box of number0 crayons for his birthday . At the end of the school year , he only had number1 left . How many crayons had been lost or given away ?",479.0 134.0,- number0 number1,345.0,"[4, 5, 6, 23, 24, 25, 35, 36, 37]","Paul got a box of number0 crayons for his birthday . At the end of the school year , he only had number1 left .",How many crayons had been lost or given away ?
Kelly 's chemistry textbook weighs number0 pounds and her geometry textbook weighs number1 pound . How much more does the chemistry textbook weigh than the geometry textbook ?,7.125 0.625,- number0 number1,6.5,"[4, 5, 6, 11, 12, 13, 24, 25, 26]",Kelly 's chemistry textbook weighs number0 pounds and her geometry textbook weighs number1 pound .,How much more does the chemistry textbook weigh than the geometry textbook ?
"At the beach , Janet and her sister both built sandcastles and then measured their heights . Janet 's sandcastle was number0 feet tall and her sister 's was number1 feet tall . How much taller was Janet 's sandcastle than her sister 's ?",3.6666666666666665 2.3333333333333335,- number0 number1,1.3333333333333333,"[20, 21, 22, 28, 29, 30, 41, 42, 43]","At the beach , Janet and her sister both built sandcastles and then measured their heights . Janet 's sandcastle was number0 feet tall and her sister 's was number1 feet tall .",How much taller was Janet 's sandcastle than her sister 's ?
"Carefully following a recipe , Kenny used exactly number0 cup of oil and number1 cups of water . How many cups of liquid did Kenny use in all ?",0.16666666666666666 1.1666666666666667,+ number0 number1,1.3333333333333333,"[7, 8, 9, 12, 13, 14, 25, 26, 27]","Carefully following a recipe , Kenny used exactly number0 cup of oil and number1 cups of water .",How many cups of liquid did Kenny use in all ?
"A worksheet had number0 problems on it . If a teacher had number1 worksheets to grade and had already graded number2 of them , how many more problems does she have to grade ?",7.0 17.0 8.0,* number0 - number1 number2,63.0,"[2, 3, 4, 11, 12, 13, 19, 20, 21, 30, 31, 32]","A worksheet had number0 problems on it . If a teacher had number1 worksheets to grade and had already graded number2 of them ,",how many more problems does she have to grade ?
"A pet shelter had number0 puppies when another number1 were brought in . If number2 puppies a day are adopted , how long would it take for all of them to be adopted ?",5.0 35.0 8.0,/ + number0 number1 number2,5.0,"[3, 4, 5, 7, 8, 9, 13, 14, 15, 30, 31, 32]","A pet shelter had number0 puppies when another number1 were brought in . If number2 puppies a day are adopted ,",how long would it take for all of them to be adopted ?
Fred had number0 dimes in his bank . His sister borrowed number1 of his dimes . How many dimes does Fred have now ?,7.0 3.0,- number0 number1,4.0,"[1, 2, 3, 10, 11, 12, 20, 21, 22]",Fred had number0 dimes in his bank . His sister borrowed number1 of his dimes .,How many dimes does Fred have now ?
Sally had number0 quarters in her bank . She spent number1 of her quarters . How many quarters does she have now ?,760.0 418.0,- number0 number1,342.0,"[1, 2, 3, 9, 10, 11, 19, 20, 21]",Sally had number0 quarters in her bank . She spent number1 of her quarters .,How many quarters does she have now ?
Lisa rented number0 DVDs for $ number1 . How much did each DVD cost to rent ?,4.0 4.8,/ number1 number0,1.2,"[1, 2, 3, 5, 6, 7, 13, 14, 15]",Lisa rented number0 DVDs for $ number1 .,How much did each DVD cost to rent ?
"While on vacation , Megan took number0 pictures at the zoo and number1 at the museum . If she later deleted number2 of the pictures , how many pictures from her vacation did she still have ?",15.0 18.0 31.0,- + number0 number1 number2,2.0,"[5, 6, 7, 11, 12, 13, 20, 21, 22, 33, 34, 35]","While on vacation , Megan took number0 pictures at the zoo and number1 at the museum . If she later deleted number2 of the pictures ,",how many pictures from her vacation did she still have ?
"For Halloween Sarah received number0 pieces of candy from neighbors and number1 pieces from her older sister . If she only ate number2 pieces a day , how long would the candy last her ?",66.0 15.0 9.0,/ + number0 number1 number2,9.0,"[3, 4, 5, 10, 11, 12, 21, 22, 23, 31, 32, 33]","For Halloween Sarah received number0 pieces of candy from neighbors and number1 pieces from her older sister . If she only ate number2 pieces a day ,",how long would the candy last her ?
A DVD book holds number0 DVDs . There are number1 DVDs already in the book . How many more DVDs can be put in the book ?,126.0 81.0,- number0 number1,45.0,"[3, 4, 5, 8, 9, 10, 23, 24, 25]",A DVD book holds number0 DVDs . There are number1 DVDs already in the book .,How many more DVDs can be put in the book ?
"If Benjamin skated number0 kilometers at number1 kilometers per hour , how long was Benjamin skating ?",80.0 10.0,/ number0 number1,8.0,"[2, 3, 4, 5, 6, 7, 13, 14, 15]","If Benjamin skated number0 kilometers at number1 kilometers per hour ,",how long was Benjamin skating ?
"The selling price of a pair of pants is number0 dollars . If the store paid number1 dollars less for the pants , find the price that the store paid , in dollars .",34.0 8.0,- number0 number1,26.0,"[8, 9, 10, 15, 16, 17, 30, 31, 32]","The selling price of a pair of pants is number0 dollars . If the store paid number1 dollars less for the pants ,","find the price that the store paid , in dollars ."
"Fred went to number0 basketball games this year , but missed number1 . He went to number2 games last year . How many basketball games did Fred go to in total ?",36.0 35.0 11.0,+ number0 number2,47,"[2, 3, 4, 10, 11, 12, 15, 16, 17, 28, 29, 30]","Fred went to number0 basketball games this year , but missed number1 . He went to number2 games last year .",How many basketball games did Fred go to in total ?
A dealer pays number0 dollars for a car . The dealer wants to make a profit that is number1 % of the selling price . For how much should the dealer sell the car ?,6000.0 25.0,* number0 + 1.0 * number1 0.01,7500.0,"[2, 3, 4, 17, 18, 19, 31, 32, 33]",A dealer pays number0 dollars for a car . The dealer wants to make a profit that is number1 % of the selling price . For,how much should the dealer sell the car ?
Mrs. Hilt has number0 markers . They are divided equally into number1 packages . Mrs. Hilt wants to know how many markers are in each package ?,40.0 7.0,/ number0 number1,5.0,"[2, 3, 4, 10, 11, 12, 23, 24, 25]",Mrs. Hilt has number0 markers . They are divided equally into number1 packages . Mrs. Hilt wants to know,how many markers are in each package ?
Mrs. Hilt read number0 books . Each book had number1 chapters in it . How many chapters did Mrs. Hilt read ?,4.0 17.0,* number0 number1,68.0,"[2, 3, 4, 8, 9, 10, 18, 19, 20]",Mrs. Hilt read number0 books . Each book had number1 chapters in it .,How many chapters did Mrs. Hilt read ?
Wendy uploaded number0 pictures to Facebook . She put number1 pics into one album and put the rest into number2 different albums . How many pictures were in each album ?,79.0 44.0 5.0,/ - number0 number1 number2,7.0,"[1, 2, 3, 8, 9, 10, 18, 19, 20, 27, 28, 29]",Wendy uploaded number0 pictures to Facebook . She put number1 pics into one album and put the rest into number2 different albums .,How many pictures were in each album ?
You have number0 cookies and want to share them equally with number1 people . How many cookies would each person get ?,24.0 6.0,/ number0 number1,4.0,"[1, 2, 3, 10, 11, 12, 18, 19, 20]",You have number0 cookies and want to share them equally with number1 people .,How many cookies would each person get ?
"A trivia team had number0 members total , but during a game number1 members did n't show up . If each member that did show up scored number2 points , how many points were scored total ?",9.0 3.0 2.0,* number2 - number0 number1,12.0,"[3, 4, 5, 11, 12, 13, 26, 27, 28, 33, 34, 35]","A trivia team had number0 members total , but during a game number1 members did n't show up . If each member that did show up scored number2 points ,",how many points were scored total ?
Jose has number0 peanuts . Kenya has number1 more than Jose . How many peanuts does Kenya have ?,85.0 48.0,+ number0 number1,133.0,"[1, 2, 3, 6, 7, 8, 15, 16, 17]",Jose has number0 peanuts . Kenya has number1 more than Jose .,How many peanuts does Kenya have ?
At a company picnic number0 managers and number1 employees decided to start a game of volleyball . If they split into number2 teams how many people would be on each team ?,23.0 7.0 6.0,/ + number0 number1 number2,5.0,"[3, 4, 5, 6, 7, 8, 20, 21, 22, 28, 29, 30]",At a company picnic number0 managers and number1 employees decided to start a game of volleyball . If they split into number2 teams,how many people would be on each team ?
"Will was organizing his baseball cards in a binder with number0 on each page . If he had number1 new cards and number2 old cards to put in the binder , how many pages would he use ?",3.0 8.0 10.0,/ + number1 number2 number0,6.0,"[9, 10, 11, 17, 18, 19, 21, 22, 23, 34, 35, 36]","Will was organizing his baseball cards in a binder with number0 on each page . If he had number1 new cards and number2 old cards to put in the binder ,",how many pages would he use ?
"A trivia team had number0 members total , but during a game number1 members did n't show up . If each member that did show up scored number2 points , how many points were scored total ?",15.0 6.0 3.0,* number2 - number0 number1,27.0,"[3, 4, 5, 11, 12, 13, 26, 27, 28, 33, 34, 35]","A trivia team had number0 members total , but during a game number1 members did n't show up . If each member that did show up scored number2 points ,",how many points were scored total ?
How many yards of material from a number0 yard length of cloth remains after number1 pieces each number2 yards long and number3 pieces each number4 long are removed ?,24.0 3.0 3.5 5.0 2.25,- - number0 * number1 number2 * number3 number4,2.25,"[6, 7, 8, 13, 14, 15, 16, 17, 18, 20, 21, 22, 23, 24, 25, 25, 26, 27]",Empty,How many yards of material from a number0 yard length of cloth remains after number1 pieces each number2 yards long and number3 pieces each number4 long are removed ?
Sarah has number0 boxes of apples . Each box holds number1 apples . How many apples does Sarah have ?,7.0 7.0,* number0 number0,49.0,"[1, 2, 3, 9, 10, 11, 16, 17, 18]",Sarah has number0 boxes of apples . Each box holds number1 apples .,How many apples does Sarah have ?
"Isabel was selling her necklaces at a garage sale . She sold number0 bead necklaces and number1 gem stone necklaces . If each necklace cost number2 dollars , how much money did she earn ?",3.0 3.0 6.0,* number2 + number0 number0,36.0,"[11, 12, 13, 15, 16, 17, 24, 25, 26, 31, 32, 33]","Isabel was selling her necklaces at a garage sale . She sold number0 bead necklaces and number1 gem stone necklaces . If each necklace cost number2 dollars ,",how much money did she earn ?
There are number0 calories in a candy bar . How many calories are there in number1 candy bars ?,31.0 11.0,* number0 number1,341.0,"[1, 2, 3, 14, 15, 16, 15, 16, 17]",There are number0 calories in a candy bar .,How many calories are there in number1 candy bars ?
"A florist had number0 roses . If she sold number1 of them and then later picked number2 more , how many roses would she have ?",6.0 5.0 12.0,- + number0 number2 number1,13.0,"[2, 3, 4, 8, 9, 10, 15, 16, 17, 22, 23, 24]","A florist had number0 roses . If she sold number1 of them and then later picked number2 more ,",how many roses would she have ?
"Tim got number0 nickels and number1 dimes for shining shoes , and in his tip jar found number2 dimes and number3 half - dollars . How much money did Tim get ?",3.0 13.0 7.0 9.0,+ + + * number0 0.05 * number1 0.1 * number2 0.1 * number3 0.5,6.65,"[1, 2, 3, 4, 5, 6, 16, 17, 18, 19, 20, 21, 28, 29, 30]","Tim got number0 nickels and number1 dimes for shining shoes , and in his tip jar found number2 dimes and number3 half - dollars .",How much money did Tim get ?
Adam has $ number0 to buy an airplane that costs $ number1 . How much change will Adam get ?,5.0 4.28,- number0 number1,0.72,"[2, 3, 4, 10, 11, 12, 16, 17, 18]",Adam has $ number0 to buy an airplane that costs $ number1 .,How much change will Adam get ?
"There are number0 students trying out for the school 's trivia teams . If number1 of them did n't get picked for the team and the rest were put into number2 groups , how many students would be in each group ?",36.0 9.0 3.0,/ - number0 number1 number2,9.0,"[1, 2, 3, 13, 14, 15, 29, 30, 31, 38, 39, 40]","There are number0 students trying out for the school 's trivia teams . If number1 of them did n't get picked for the team and the rest were put into number2 groups ,",how many students would be in each group ?
"A waiter at ' The Greasy Spoon ' restaurant had number0 customers to wait on . During the lunch rush he added another number1 customers . If number2 of the customers did n't leave him a tip , how many customers did leave a tip ?",39.0 12.0 49.0,- + number0 number1 number2,2.0,"[9, 10, 11, 22, 23, 24, 26, 27, 28, 42, 43, 44]","A waiter at ' The Greasy Spoon ' restaurant had number0 customers to wait on . During the lunch rush he added another number1 customers . If number2 of the customers did n't leave him a tip ,",how many customers did leave a tip ?
"Sam had number0 socks . If he threw away number1 old ones that did n't fit and bought number2 new ones , how many socks would he have ?",10.0 3.0 36.0,- + number0 number2 number1,43.0,"[1, 2, 3, 8, 9, 10, 17, 18, 19, 25, 26, 27]","Sam had number0 socks . If he threw away number1 old ones that did n't fit and bought number2 new ones ,",how many socks would he have ?
Kelly has number0 Nintendo games . How many does Kelly need to give away so that Kelly will have number1 games left ?,121.0 22.0,- number0 number1,99.0,"[1, 2, 3, 18, 19, 20, 19, 20, 21]",Kelly has number0 Nintendo games .,How many does Kelly need to give away so that Kelly will have number1 games left ?
There are number0 eggs in a box . Harry takes number1 eggs . How many are left ?,47.0 5.0,- number0 number1,42.0,"[1, 2, 3, 9, 10, 11, 14, 15, 16]",There are number0 eggs in a box . Harry takes number1 eggs .,How many are left ?
"Fred found number0 seashells on the beach , he gave Jessica number1 of the seashells . How many seashells does he now have ?",47.0 25.0,- number0 number1,22,"[1, 2, 3, 10, 11, 12, 20, 21, 22]","Fred found number0 seashells on the beach , he gave Jessica number1 of the seashells .",How many seashells does he now have ?
Jason has number0 Pokemon cards . Benny bought number1 of Jason 's Pokemon cards . How many Pokemon cards does Jason have now ?,3.0 2.0,- number0 number1,1.0,"[1, 2, 3, 7, 8, 9, 22, 23, 24]",Jason has number0 Pokemon cards . Benny bought number1 of Jason 's Pokemon cards .,How many Pokemon cards does Jason have now ?
Jason has number0 Pokemon cards . Benny bought number1 of Jason 's Pokemon cards . How many Pokemon cards does Jason have now ?,3.0 2.0,- number0 number1,1,"[1, 2, 3, 7, 8, 9, 20, 21, 22]",Jason has number0 Pokemon cards . Benny bought number1 of Jason 's Pokemon cards .,How many Pokemon cards does Jason have now ?
Martin strolled to Lawrence 's house . It is number0 miles from Martin 's house to Lawrence 's house . It took Martin number1 hours to get there . How fast did Martin go ?,12.0 6.0,/ number0 number1,2.0,"[8, 9, 10, 22, 23, 24, 31, 32, 33]",Martin strolled to Lawrence 's house . It is number0 miles from Martin 's house to Lawrence 's house . It took Martin number1 hours to get there .,How fast did Martin go ?
"Alyssa loves eating fruits . Alyssa paid $ number0 for grapes , and $ number1 for cherries . In total , how much money did Alyssa spend ?",12.08 9.85,+ number0 number1,21.93,"[7, 8, 9, 13, 14, 15, 24, 25, 26]","Alyssa loves eating fruits . Alyssa paid $ number0 for grapes , and $ number1 for cherries . In total ,",how much money did Alyssa spend ?
Luke was selling his old games . He started out with number0 but sold number1 of them . He packed the rest up putting number2 games into each box . How many boxes did he have to use ?,39.0 19.0 4.0,/ - number0 number1 number2,5.0,"[10, 11, 12, 13, 14, 15, 23, 24, 25, 35, 36, 37]",Luke was selling his old games . He started out with number0 but sold number1 of them . He packed the rest up putting number2 games into each box .,How many boxes did he have to use ?
"Ashley sold number0 boxes of Samoas . How many cases of number1 boxes , plus extra boxes does Ashley need ?",12.0 12.0,/ number0 number0,1.0,"[1, 2, 3, 10, 11, 12, 17, 18, 19]",Ashley sold number0 boxes of Samoas .,"How many cases of number1 boxes , plus extra boxes does Ashley need ?"
A store had number0 oranges in a bin . If they threw away number1 of the old ones and put number2 new ones in the bin how many would be in the bin ?,50.0 40.0 24.0,- + number0 number2 number1,34.0,"[2, 3, 4, 12, 13, 14, 19, 20, 21, 30, 31, 32]",A store had number0 oranges in a bin . If they threw away number1 of the old ones and put number2 new ones in the bin,how many would be in the bin ?
"A new building needed number0 windows . The builder had already installed number1 of them . If it takes number2 hours to install each window , how long will it take him to install the rest ?",14.0 5.0 4.0,* number2 - number0 number1,36.0,"[3, 4, 5, 11, 12, 13, 18, 19, 20, 33, 34, 35]","A new building needed number0 windows . The builder had already installed number1 of them . If it takes number2 hours to install each window ,",how long will it take him to install the rest ?
"A painter needed to paint number0 rooms in a building . Each room takes number1 hours to paint . If he already painted number2 rooms , how much longer will he take to paint the rest ?",12.0 3.0 4.0,* number1 - number0 number2,24.0,"[4, 5, 6, 13, 14, 15, 22, 23, 24, 33, 34, 35]","A painter needed to paint number0 rooms in a building . Each room takes number1 hours to paint . If he already painted number2 rooms ,",how much longer will he take to paint the rest ?
Debra removes number0 apples from a jar . There were originally number1 apples in the jar . How many apples are left in the jar ?,22.0 57.0,- number1 number0,35.0,"[1, 2, 3, 10, 11, 12, 22, 23, 24]",Debra removes number0 apples from a jar . There were originally number1 apples in the jar .,How many apples are left in the jar ?
A restaurant served number0 cakes during lunch and number1 during dinner today . How many cakes were served today ?,6.0 9.0,+ number0 number1,15.0,"[2, 3, 4, 7, 8, 9, 16, 17, 18]",A restaurant served number0 cakes during lunch and number1 during dinner today .,How many cakes were served today ?
Mrs. Hilt needs to share $ number0 equally among number1 total people . How much money will each person get ?,3.75 3.0,/ number0 number1,1.25,"[5, 6, 7, 8, 9, 10, 17, 18, 19]",Mrs. Hilt needs to share $ number0 equally among number1 total people .,How much money will each person get ?
Joan has number0 blue balloons but lost number1 of them . How many blue balloons does Joan have now ?,9.0 2.0,- number0 number1,7,"[1, 2, 3, 6, 7, 8, 16, 17, 18]",Joan has number0 blue balloons but lost number1 of them .,How many blue balloons does Joan have now ?
Sean has number0 whistles . He has number1 more whistles that Charles . How many whistles does Charles have ?,45.0 32.0,- number0 number1,13.0,"[1, 2, 3, 6, 7, 8, 16, 17, 18]",Sean has number0 whistles . He has number1 more whistles that Charles .,How many whistles does Charles have ?
"If there are number0 erasers in a box and Patrick puts number1 more erasers inside , how many erasers are in the box ?",76.0 9.0,+ number0 number1,85.0,"[2, 3, 4, 10, 11, 12, 20, 21, 22]","If there are number0 erasers in a box and Patrick puts number1 more erasers inside ,",how many erasers are in the box ?
There are number0 flowers and number1 bees . How many fewer bees are there than flowers ?,5.0 3.0,- number0 number1,2.0,"[1, 2, 3, 4, 5, 6, 13, 14, 15]",There are number0 flowers and number1 bees .,How many fewer bees are there than flowers ?
Dan has $ number0 . He bought a candy bar for $ number1 . How much money is left ?,3.0 1.0,- number0 number1,2.0,"[2, 3, 4, 11, 12, 13, 16, 17, 18]",Dan has $ number0 . He bought a candy bar for $ number1 .,How much money is left ?
"The mini library also has a section for the classics . If Jack has a collection of number0 classic authors , with each author having number1 books , how many books does he have in the classics section ?",6.0 33.0,* number0 number1,198.0,"[16, 17, 18, 24, 25, 26, 35, 36, 37]","The mini library also has a section for the classics . If Jack has a collection of number0 classic authors , with each author having number1 books ,",how many books does he have in the classics section ?
"Amy had number0 music files and number1 video files on her flash drive . If she deleted number2 of the files , how many files were still on her flash drive ?",26.0 36.0 48.0,- + number0 number1 number2,14.0,"[1, 2, 3, 5, 6, 7, 16, 17, 18, 28, 29, 30]","Amy had number0 music files and number1 video files on her flash drive . If she deleted number2 of the files ,",how many files were still on her flash drive ?
Ernest starts with number0 crayons . Jennifer takes number1 away . How many crayons does Ernest end with ?,17.0 6.0,- number0 number1,11.0,"[2, 3, 4, 7, 8, 9, 15, 16, 17]",Ernest starts with number0 crayons . Jennifer takes number1 away .,How many crayons does Ernest end with ?
"Jenny sold number0 boxes of Trefoils . How many cases of number1 boxes , plus extra boxes does Jenny need to deliver ?",24.0 8.0,/ number0 number1,3.0,"[1, 2, 3, 10, 11, 12, 19, 20, 21]",Jenny sold number0 boxes of Trefoils .,"How many cases of number1 boxes , plus extra boxes does Jenny need to deliver ?"
"Carson ’ s teacher gives out gold stars for great math work . Yesterday , Carson earned number0 gold stars . Today , he earned number1 more . How many gold stars did Carson earn in all ?",6.0 9.0,+ number0 number1,15.0,"[15, 16, 17, 23, 24, 25, 35, 36, 37]","Carson ’ s teacher gives out gold stars for great math work . Yesterday , Carson earned number0 gold stars . Today , he earned number1 more .",How many gold stars did Carson earn in all ?
"Joan 's high school played number0 baseball games this year , number1 of the games were played at night . She attended number2 games . How many baseball games did Joan miss ?",864.0 128.0 395.0,- number0 number2,469,"[4, 5, 6, 10, 11, 12, 21, 22, 23, 29, 30, 31]","Joan 's high school played number0 baseball games this year , number1 of the games were played at night . She attended number2 games .",How many baseball games did Joan miss ?
A group of number0 friends went into a restaurant . The chef already had number1 chicken wings cooked but cooked number2 more for the group . If they each got the same amount how many would each person get ?,3.0 6.0 3.0,/ + number0 number1 number0,3.0,"[2, 3, 4, 13, 14, 15, 19, 20, 21, 36, 37, 38]",A group of number0 friends went into a restaurant . The chef already had number1 chicken wings cooked but cooked number2 more for the group . If they each got the same amount,how many would each person get ?
"A company invited number0 people to a luncheon , but number1 of them did n't show up . If the tables they had held number2 people each , how many tables do they need ?",24.0 10.0 7.0,/ - number0 number1 number2,2.0,"[2, 3, 4, 9, 10, 11, 23, 24, 25, 31, 32, 33]","A company invited number0 people to a luncheon , but number1 of them did n't show up . If the tables they had held number2 people each ,",how many tables do they need ?
"Last Saturday , Marie sold number0 magazines and number1 newspapers . What is the total number of reading materials she sold ?",425.0 275.0,+ number0 number1,700.0,"[4, 5, 6, 7, 8, 9, 18, 19, 20]","Last Saturday , Marie sold number0 magazines and number1 newspapers .",What is the total number of reading materials she sold ?
Joshua has number0 bottle caps . He buys number1 more . How many bottle caps does Joshua have in all ?,40.0 7.0,+ number0 number1,47.0,"[1, 2, 3, 7, 8, 9, 17, 18, 19]",Joshua has number0 bottle caps . He buys number1 more .,How many bottle caps does Joshua have in all ?
Nancy uploaded number0 pictures to Facebook . She put number1 pics into one album and put the rest into number2 different albums . How many pictures were in each album ?,41.0 37.0 2.0,/ - number0 number1 number2,2.0,"[1, 2, 3, 8, 9, 10, 18, 19, 20, 27, 28, 29]",Nancy uploaded number0 pictures to Facebook . She put number1 pics into one album and put the rest into number2 different albums .,How many pictures were in each album ?
Melanie picked number0 plums and number1 oranges from the orchard . She gave number2 plums to Sam . How many plums does she have now ?,7.0 4.0 3.0,- number0 number2,4,"[1, 2, 3, 4, 5, 6, 12, 13, 14, 22, 23, 24]",Melanie picked number0 plums and number1 oranges from the orchard . She gave number2 plums to Sam .,How many plums does she have now ?
A restaurant served number0 pizzas during lunch and number1 during dinner today . How many pizzas were served today ?,9.0 6.0,+ number0 number1,15.0,"[2, 3, 4, 7, 8, 9, 16, 17, 18]",A restaurant served number0 pizzas during lunch and number1 during dinner today .,How many pizzas were served today ?
Mariela was in the hospital and she got number0 get well cards from around the country . When she got home she got number1 more cards from friends and family . How many get well cards did Mariela get ?,403.0 287.0,+ number0 number1,690.0,"[7, 8, 9, 22, 23, 24, 38, 39, 40]",Mariela was in the hospital and she got number0 get well cards from around the country . When she got home she got number1 more cards from friends and family .,How many get well cards did Mariela get ?
There are number0 short trees and number1 tall trees currently in the park . Park workers will plant number2 short trees today . How many short trees will the park have when the workers are finished ?,112.0 119.0 105.0,+ number0 number2,217,"[1, 2, 3, 5, 6, 7, 17, 18, 19, 33, 34, 35]",There are number0 short trees and number1 tall trees currently in the park . Park workers will plant number2 short trees today .,How many short trees will the park have when the workers are finished ?
"Last year , number0 people were born in a country , and number1 people immigrated to it . How many new people began living in the country last year ?",90171.0 16320.0,+ number0 number1,106491.0,"[2, 3, 4, 11, 12, 13, 26, 27, 28]","Last year , number0 people were born in a country , and number1 people immigrated to it .",How many new people began living in the country last year ?
"At the town carnival Oliver rode the ferris wheel number0 times and the bumper cars number1 times . If each ride cost number2 tickets , how many tickets did he use ?",5.0 4.0 7.0,* number2 + number0 number1,63.0,"[8, 9, 10, 14, 15, 16, 21, 22, 23, 28, 29, 30]","At the town carnival Oliver rode the ferris wheel number0 times and the bumper cars number1 times . If each ride cost number2 tickets ,",how many tickets did he use ?
"For the school bake sale Bianca made number0 cupcakes . If she sold number1 of them and then made number2 more , how many cupcakes would she have ?",14.0 6.0 17.0,- + number0 number2 number1,25.0,"[6, 7, 8, 12, 13, 14, 18, 19, 20, 25, 26, 27]","For the school bake sale Bianca made number0 cupcakes . If she sold number1 of them and then made number2 more ,",how many cupcakes would she have ?
"The value of a sport utility vehicle this year is number0 dollars , which is number1 of what its value was last year . How much is the value of the vehicle last year ?",16000.0 0.8,/ number0 number1,20000.0,"[9, 10, 11, 14, 15, 16, 31, 32, 33]","The value of a sport utility vehicle this year is number0 dollars , which is number1 of what its value was last year .",How much is the value of the vehicle last year ?
There were number0 girls and number1 boys on the playground at recess . How many children were there in all ?,28.0 35.0,+ number0 number1,63.0,"[1, 2, 3, 4, 5, 6, 17, 18, 19]",There were number0 girls and number1 boys on the playground at recess .,How many children were there in all ?
"Find the product of number0 , number1 , number2 and number3 .",-2.0 -15.0 4.0 -1.0,* * * number0 number1 number2 number3,-120.0,"[3, 4, 5, 5, 6, 7, 7, 8, 9, 9, 10, 11, 8, 9, 10]",Empty,"Find the product of number0 , number1 , number2 and number3 ."
"Luke was organizing his baseball cards in a binder with number0 on each page . If he had number1 new cards and number2 old cards to put in the binder , how many pages would he use ?",3.0 3.0 9.0,/ + number0 number2 number0,4.0,"[9, 10, 11, 17, 18, 19, 21, 22, 23, 34, 35, 36]","Luke was organizing his baseball cards in a binder with number0 on each page . If he had number1 new cards and number2 old cards to put in the binder ,",how many pages would he use ?
Carol starts with number0 blocks . She loses number1 . How many blocks does Carol end with ?,42.0 25.0,- number0 number1,17.0,"[2, 3, 4, 7, 8, 9, 14, 15, 16]",Carol starts with number0 blocks . She loses number1 .,How many blocks does Carol end with ?
"At a restaurant each adult meal costs $ number0 and kids eat free . If a group of number1 people came in and number2 were kids , how much would it cost for the group to eat ?",7.0 13.0 9.0,* number0 - number1 number2,28.0,"[7, 8, 9, 17, 18, 19, 22, 23, 24, 34, 35, 36]","At a restaurant each adult meal costs $ number0 and kids eat free . If a group of number1 people came in and number2 were kids ,",how much would it cost for the group to eat ?
Joan decided to sell all of her old books . She gathered up number0 books to sell . She sold number1 books in a yard sale . How many books does Joan now have ?,33.0 26.0,- number0 number1,7,"[12, 13, 14, 19, 20, 21, 31, 32, 33]",Joan decided to sell all of her old books . She gathered up number0 books to sell . She sold number1 books in a yard sale .,How many books does Joan now have ?
"John had number0 action figures , but needed number1 total for a complete collection . If each one costs $ number2 , how much money would he need to finish his collection ?",5.0 7.0 5.0,* number0 - number1 number0,10.0,"[1, 2, 3, 7, 8, 9, 19, 20, 21, 29, 30, 31]","John had number0 action figures , but needed number1 total for a complete collection . If each one costs $ number2 ,",how much money would he need to finish his collection ?
The town of Milburg has number0 grown - ups and number1 children . How many people live in Milburg ?,5256.0 2987.0,+ number0 number1,8243.0,"[4, 5, 6, 9, 10, 11, 16, 17, 18]",The town of Milburg has number0 grown - ups and number1 children .,How many people live in Milburg ?
"A waiter had number0 tables he was waiting on , with number1 women and number2 men at each table . How many customers total did the waiter have ?",5.0 5.0 3.0,* number0 + number0 number2,40.0,"[2, 3, 4, 10, 11, 12, 13, 14, 15, 25, 26, 27]","A waiter had number0 tables he was waiting on , with number1 women and number2 men at each table .",How many customers total did the waiter have ?
"Dave was helping the cafeteria workers pick up lunch trays , but he could only carry number0 trays at a time . If he had to pick up number1 trays from one table and number2 trays from another , how many trips will he make ?",9.0 17.0 55.0,/ + number1 number2 number0,8.0,"[15, 16, 17, 27, 28, 29, 33, 34, 35, 42, 43, 44]","Dave was helping the cafeteria workers pick up lunch trays , but he could only carry number0 trays at a time . If he had to pick up number1 trays from one table and number2 trays from another ,",how many trips will he make ?
There are number0 butterflies . Each butterfly has number1 black dots and number2 yellow dots . How many black dots are there in all ?,397.0 12.0 17.0,* number0 number1,4764.0,"[1, 2, 3, 7, 8, 9, 11, 12, 13, 21, 22, 23]",There are number0 butterflies . Each butterfly has number1 black dots and number2 yellow dots .,How many black dots are there in all ?
Jesse starts with number0 pencils . He gives number1 to Joshua . How many pencils does Jesse end with ?,78.0 44.0,- number0 number1,34.0,"[2, 3, 4, 7, 8, 9, 16, 17, 18]",Jesse starts with number0 pencils . He gives number1 to Joshua .,How many pencils does Jesse end with ?
For Halloween Faye scored number0 pieces of candy . She ate number1 pieces the first night and then her sister gave her number2 more pieces . How many pieces of candy does Faye have now ?,47.0 25.0 40.0,- + number0 number2 number1,62.0,"[3, 4, 5, 10, 11, 12, 21, 22, 23, 32, 33, 34]",For Halloween Faye scored number0 pieces of candy . She ate number1 pieces the first night and then her sister gave her number2 more pieces .,How many pieces of candy does Faye have now ?
"Ella owns number0 dogs . Each day , number1 dog eats number2 scoop of dog food and the other dog eats number3 scoop . Together , how much dog food do the number4 dogs eat each day ?",2.0 1.0 0.125 0.125 2.0,+ number2 number2,0.25,"[1, 2, 3, 7, 8, 9, 10, 11, 12, 20, 21, 22, 31, 32, 33, 34, 35, 36]","Ella owns number0 dogs . Each day , number1 dog eats number2 scoop of dog food and the other dog eats number3 scoop . Together ,",how much dog food do the number4 dogs eat each day ?
"Keith loves trading cards . She bought number0 packs of Digimon cards for $ number1 each , and a deck of baseball cards for $ number2 . How much did Keith spend on cards ?",4.0 4.45 6.06,+ * number0 number1 number2,23.86,"[6, 7, 8, 13, 14, 15, 24, 25, 26, 31, 32, 33]","Keith loves trading cards . She bought number0 packs of Digimon cards for $ number1 each , and a deck of baseball cards for $ number2 .",How much did Keith spend on cards ?
There are number0 orchid bushes currently in the park . Park workers will plant number1 orchid bushes today and number2 orchid bushes tomorrow . It took number3 workers to finish the work . How many orchid bushes will the park have when the workers are finished ?,47.0 37.0 25.0 35.0,+ + number0 number1 number2,109,"[1, 2, 3, 13, 14, 15, 18, 19, 20, 25, 26, 27, 43, 44, 45]",There are number0 orchid bushes currently in the park . Park workers will plant number1 orchid bushes today and number2 orchid bushes tomorrow . It took number3 workers to finish the work .,How many orchid bushes will the park have when the workers are finished ?
It took Amanda number0 hours to stroll to Kimberly 's house at number1 miles per hour . How far is it between Amanda 's house and Kimberly 's house ?,2.0 4.0,* number0 number1,8.0,"[2, 3, 4, 11, 12, 13, 26, 27, 28]",It took Amanda number0 hours to stroll to Kimberly 's house at number1 miles per hour .,How far is it between Amanda 's house and Kimberly 's house ?
"Will made number0 dollars mowing lawns over the summer . If he spent number1 dollars buying new mower blades , how many number2 dollar games could he buy with the money he had left ?",104.0 41.0 9.0,/ - number0 number1 number2,7.0,"[1, 2, 3, 12, 13, 14, 21, 22, 23, 31, 32, 33]","Will made number0 dollars mowing lawns over the summer . If he spent number1 dollars buying new mower blades ,",how many number2 dollar games could he buy with the money he had left ?
"At Billy 's Restaurant a group with number0 adults and number1 children came in to eat . If each meal cost number2 dollars , how much was the bill ?",2.0 5.0 3.0,* number2 + number0 number1,21.0,"[6, 7, 8, 9, 10, 11, 20, 21, 22, 26, 27, 28]","At Billy 's Restaurant a group with number0 adults and number1 children came in to eat . If each meal cost number2 dollars ,",how much was the bill ?
"Oliver was organizing his baseball cards in a binder with number0 on each page . If he had number1 new cards and number2 old cards to put in the binder , how many pages would he use ?",3.0 2.0 10.0,/ + number1 number2 number0,4.0,"[9, 10, 11, 17, 18, 19, 21, 22, 23, 34, 35, 36]","Oliver was organizing his baseball cards in a binder with number0 on each page . If he had number1 new cards and number2 old cards to put in the binder ,",how many pages would he use ?
Peter starts with number0 erasers . Bridget gives Peter number1 more . How many erasers does Peter end with ?,8.0 3.0,+ number0 number1,11.0,"[2, 3, 4, 8, 9, 10, 16, 17, 18]",Peter starts with number0 erasers . Bridget gives Peter number1 more .,How many erasers does Peter end with ?
There are number0 walnut trees currently in the park . Park workers will plant number1 more walnut trees today . How many walnut trees will the park have when the workers are finished ?,4.0 6.0,+ number0 number1,10.0,"[1, 2, 3, 13, 14, 15, 30, 31, 32]",There are number0 walnut trees currently in the park . Park workers will plant number1 more walnut trees today .,How many walnut trees will the park have when the workers are finished ?
"Each chocolate bar in a box cost $ number0 . If a box had number1 bars total and Emily sold all but number2 bars , how much money would she have made ?",4.0 8.0 3.0,* number0 - number1 number2,20.0,"[7, 8, 9, 13, 14, 15, 21, 22, 23, 29, 30, 31]","Each chocolate bar in a box cost $ number0 . If a box had number1 bars total and Emily sold all but number2 bars ,",how much money would she have made ?
Bruce has number0 eggs . Kimberly has number1 eggs . He loses number2 . How many eggs will Bruce have ?,75.0 17.0 70.0,- number0 number2,5.0,"[1, 2, 3, 6, 7, 8, 11, 12, 13, 17, 18, 19]",Bruce has number0 eggs . Kimberly has number1 eggs . He loses number2 .,How many eggs will Bruce have ?
Keith has number0 books . Jason has number1 books . How many books do they have together ?,20.0 21.0,+ number0 number1,41,"[1, 2, 3, 6, 7, 8, 14, 15, 16]",Keith has number0 books . Jason has number1 books .,How many books do they have together ?
"There school 's baseball team had number0 new players and number1 returning players . If the coach put them into groups with number2 players in each group , how many groups would there be ?",31.0 4.0 7.0,/ + number0 number1 number2,5.0,"[5, 6, 7, 9, 10, 11, 21, 22, 23, 31, 32, 33]","There school 's baseball team had number0 new players and number1 returning players . If the coach put them into groups with number2 players in each group ,",how many groups would there be ?
Rachel was unboxing some of her old winter clothes . She found number0 boxes of clothing and inside each box there were number1 scarves and number2 mittens . How many pieces of winter clothing did Rachel have total ?,7.0 3.0 4.0,* number0 + number1 number2,49.0,"[11, 12, 13, 21, 22, 23, 24, 25, 26, 35, 36, 37]",Rachel was unboxing some of her old winter clothes . She found number0 boxes of clothing and inside each box there were number1 scarves and number2 mittens .,How many pieces of winter clothing did Rachel have total ?
Joan has number0 books . Tom has number1 books . How many books do they have together ?,10.0 38.0,+ number0 number1,48,"[1, 2, 3, 6, 7, 8, 14, 15, 16]",Joan has number0 books . Tom has number1 books .,How many books do they have together ?
"A farmer estimates that he will harvest number0 bushels of wheat . The weather is perfect during the growing season , so he harvests number1 bushels of wheat than expected . How many bushels of wheat does the farmer harvest ?",48097.0 684.0,+ number0 number1,48781.0,"[6, 7, 8, 23, 24, 25, 37, 38, 39]","A farmer estimates that he will harvest number0 bushels of wheat . The weather is perfect during the growing season , so he harvests number1 bushels of wheat than expected .",How many bushels of wheat does the farmer harvest ?
Kimberly went to the store number0 times last month . She buys number1 peanuts each time she goes to the store . How many peanuts did Kimberly buy last month ?,3.0 7.0,* number0 number1,21.0,"[4, 5, 6, 11, 12, 13, 27, 28, 29]",Kimberly went to the store number0 times last month . She buys number1 peanuts each time she goes to the store .,How many peanuts did Kimberly buy last month ?
"Kaleb had number0 video games but number1 of them were n't working . If he wanted to sell the working games for $ number2 each , how much money could he earn ?",10.0 8.0 6.0,* number2 - number0 number1,12.0,"[1, 2, 3, 5, 6, 7, 22, 23, 24, 29, 30, 31]","Kaleb had number0 video games but number1 of them were n't working . If he wanted to sell the working games for $ number2 each ,",how much money could he earn ?
"There school 's baseball team had number0 new players and number1 returning players . If the coach put them into groups with number2 players in each group , how many groups would there be ?",12.0 44.0 8.0,/ + number0 number1 number2,7.0,"[5, 6, 7, 9, 10, 11, 21, 22, 23, 31, 32, 33]","There school 's baseball team had number0 new players and number1 returning players . If the coach put them into groups with number2 players in each group ,",how many groups would there be ?
There are number0 dogwood trees currently in the park . Park workers will plant number1 dogwood trees today and number2 dogwood trees tomorrow . It took number3 workers to finish the work . How many dogwood trees will the park have when the workers are finished ?,7.0 5.0 4.0 8.0,+ + number0 number1 number2,16,"[1, 2, 3, 13, 14, 15, 18, 19, 20, 25, 26, 27, 43, 44, 45]",There are number0 dogwood trees currently in the park . Park workers will plant number1 dogwood trees today and number2 dogwood trees tomorrow . It took number3 workers to finish the work .,How many dogwood trees will the park have when the workers are finished ?
"Before the recent housing boom , there were number0 houses in Lawrence County . Now , there are number1 houses . How many houses did developers build during the housing boom ?",1426.0 2000.0,- number1 number0,574.0,"[7, 8, 9, 17, 18, 19, 28, 29, 30]","Before the recent housing boom , there were number0 houses in Lawrence County . Now , there are number1 houses .",How many houses did developers build during the housing boom ?
"April 's discount flowers was having a sale where each flower was number0 dollars . If Vanessa bought number1 roses and number2 daisies , how much did she spend ?",8.0 3.0 3.0,* number0 + number1 number1,48.0,"[11, 12, 13, 17, 18, 19, 20, 21, 22, 26, 27, 28]","April 's discount flowers was having a sale where each flower was number0 dollars . If Vanessa bought number1 roses and number2 daisies ,",how much did she spend ?
There are number0 pencils and number1 crayons in the drawer . Dan took number2 pencils from the drawer . How many pencils are now in the drawer ?,34.0 49.0 22.0,- number0 number2,12,"[1, 2, 3, 4, 5, 6, 12, 13, 14, 24, 25, 26]",There are number0 pencils and number1 crayons in the drawer . Dan took number2 pencils from the drawer .,How many pencils are now in the drawer ?
There are number0 pencils in the drawer . Sara placed number1 more pencils in the drawer . How many pencils are now there in all ?,115.0 100.0,+ number0 number1,215.0,"[1, 2, 3, 9, 10, 11, 24, 25, 26]",There are number0 pencils in the drawer . Sara placed number1 more pencils in the drawer .,How many pencils are now there in all ?
"During a school play , Jonah staffed the snack bar . He served number0 pitcher of lemonade during the first intermission , number1 pitcher during the second , and number2 pitcher during the third . How many pitchers of lemonade did Jonah pour in all ?",0.25 0.4166666666666667 0.25,+ + number0 number0 number1,0.9166666666666666,"[12, 13, 14, 21, 22, 23, 28, 29, 30, 42, 43, 44]","During a school play , Jonah staffed the snack bar . He served number0 pitcher of lemonade during the first intermission , number1 pitcher during the second , and number2 pitcher during the third .",How many pitchers of lemonade did Jonah pour in all ?
I have a pet golden retriever . Each year he gains number0 pounds . He is number1 years old . How many pounds does he weigh ?,11.0 8.0,* number0 number1,88.0,"[10, 11, 12, 15, 16, 17, 23, 24, 25]",I have a pet golden retriever . Each year he gains number0 pounds . He is number1 years old .,How many pounds does he weigh ?
"Kaleb had saved up number0 dollars . If he received another number1 dollars for his allowance , how many number2 dollar toys could he buy ?",21.0 15.0 6.0,/ + number0 number1 number2,6.0,"[3, 4, 5, 10, 11, 12, 18, 19, 20, 22, 23, 24]","Kaleb had saved up number0 dollars . If he received another number1 dollars for his allowance ,",how many number2 dollar toys could he buy ?
There were a total of number0 baseball games a month . The season is played for number1 months . How many baseball games are in a season ?,7.0 2.0,* number0 number1,14.0,"[4, 5, 6, 17, 18, 19, 26, 27, 28]",There were a total of number0 baseball games a month . The season is played for number1 months .,How many baseball games are in a season ?
"The next act involved several jugglers . If each juggler is juggling number0 balls at a time , how many balls are needed if there are number1 jugglers putting a show at the same time ?",6.0 378.0,* number0 number1,2268.0,"[11, 12, 13, 25, 26, 27, 32, 33, 34]","The next act involved several jugglers . If each juggler is juggling number0 balls at a time ,",how many balls are needed if there are number1 jugglers putting a show at the same time ?
"Mrs. Hilt baked pies last weekend for a holiday dinner . She baked number0 pecan pies and number1 apples pies . If she wants to arrange all of the pies in rows of number2 pies each , how many rows will she have ?",16.0 14.0 5.0,/ + number0 number1 number2,6.0,"[12, 13, 14, 16, 17, 18, 32, 33, 34, 40, 41, 42]","Mrs. Hilt baked pies last weekend for a holiday dinner . She baked number0 pecan pies and number1 apples pies . If she wants to arrange all of the pies in rows of number2 pies each ,",how many rows will she have ?
"Your class had a pizza party . number0 of a pizza was left over , and number1 of another pizza was left over . You put them both into one box . How much pizza do you have altogether ?",0.375 0.5,+ number0 number1,0.875,"[6, 7, 8, 15, 16, 17, 38, 39, 40]","Your class had a pizza party . number0 of a pizza was left over , and number1 of another pizza was left over . You put them both into one box .",How much pizza do you have altogether ?
Emily collected eggs from the hen and put them into number0 baskets . She put number1 eggs into each basket . How many eggs did Emily collect ?,303.0 28.0,* number0 number1,8484.0,"[9, 10, 11, 14, 15, 16, 24, 25, 26]",Emily collected eggs from the hen and put them into number0 baskets . She put number1 eggs into each basket .,How many eggs did Emily collect ?
Sandy grew number0 carrots and number1 turnips . Mary grew number2 carrots . How many carrots did they grow in all ?,8.0 7.0 6.0,+ number0 number2,14,"[1, 2, 3, 4, 5, 6, 9, 10, 11, 18, 19, 20]",Sandy grew number0 carrots and number1 turnips . Mary grew number2 carrots .,How many carrots did they grow in all ?
Emily sprinted to Timothy 's house . It is number0 miles from Emily 's house to Timothy 's house . It took Emily number1 hours to get there . How fast did Emily go ?,10.0 2.0,/ number0 number1,5.0,"[8, 9, 10, 22, 23, 24, 31, 32, 33]",Emily sprinted to Timothy 's house . It is number0 miles from Emily 's house to Timothy 's house . It took Emily number1 hours to get there .,How fast did Emily go ?
"Tiffany baked number0 brownies , but needed number1 total for her party . If she used number2 cups of flour on each one , how much cups of flour does she still need ?",8.0 17.0 8.0,* number0 - number1 number0,72.0,"[1, 2, 3, 6, 7, 8, 15, 16, 17, 30, 31, 32]","Tiffany baked number0 brownies , but needed number1 total for her party . If she used number2 cups of flour on each one ,",how much cups of flour does she still need ?
Lana 's favorite band was holding a concert where tickets were number0 dollars each . Lana bought number1 tickets for herself and her friends and number2 extra tickets in case anyone else wanted to go . How much did she spend ?,6.0 8.0 2.0,* number0 + number1 number2,60.0,"[10, 11, 12, 16, 17, 18, 24, 25, 26, 38, 39, 40]",Lana 's favorite band was holding a concert where tickets were number0 dollars each . Lana bought number1 tickets for herself and her friends and number2 extra tickets in case anyone else wanted to go .,How much did she spend ?
Rachel bought two coloring books . One had number0 pictures and the other had number1 . After one week she had already colored number2 of the pictures . How many pictures does she still have to color ?,23.0 32.0 44.0,- + number0 number1 number2,11.0,"[7, 8, 9, 13, 14, 15, 22, 23, 24, 34, 35, 36]",Rachel bought two coloring books . One had number0 pictures and the other had number1 . After one week she had already colored number2 of the pictures .,How many pictures does she still have to color ?
In March it rained number0 inches . It rained number1 inches less in April than in March . How much did it rain in April ?,0.81 0.35,- number0 number1,0.46,"[3, 4, 5, 8, 9, 10, 22, 23, 24]",In March it rained number0 inches . It rained number1 inches less in April than in March .,How much did it rain in April ?
Benny goes out to lunch with Sara and Tom . Each person orders the $ number0 lunch special . Benny agrees to pay the bill . How much will he have to pay ?,8.0,* 3.0 number0,24.0,"[14, 15, 16, 30, 31, 32]",Benny goes out to lunch with Sara and Tom . Each person orders the $ number0 lunch special . Benny agrees to pay the bill .,How much will he have to pay ?
"Oliver is at the library helping put away books . There are number0 book to put away total but a librarian takes number1 of them and leaves Oliver with the rest . If he can fit number2 books on a shelf , how many shelves will he need ?",46.0 10.0 4.0,/ - number0 number1 number2,9.0,"[11, 12, 13, 21, 22, 23, 35, 36, 37, 45, 46, 47]","Oliver is at the library helping put away books . There are number0 book to put away total but a librarian takes number1 of them and leaves Oliver with the rest . If he can fit number2 books on a shelf ,",how many shelves will he need ?
Sean has number0 whistles . He has number1 more whistles that Charles . How many whistles does Charles have ?,223.0 95.0,- number0 number1,128.0,"[1, 2, 3, 6, 7, 8, 16, 17, 18]",Sean has number0 whistles . He has number1 more whistles that Charles .,How many whistles does Charles have ?
Larry has number0 cards . Dennis takes number1 away . How many cards will Larry have ?,67.0 9.0,- number0 number1,58.0,"[1, 2, 3, 6, 7, 8, 13, 14, 15]",Larry has number0 cards . Dennis takes number1 away .,How many cards will Larry have ?
There are number0 erasers in a box . Jane has number1 erasers in a bag . Doris takes number2 erasers out of the box . How many erasers are left in the box ?,69.0 15.0 54.0,- number0 number2,15.0,"[1, 2, 3, 9, 10, 11, 17, 18, 19, 30, 31, 32]",There are number0 erasers in a box . Jane has number1 erasers in a bag . Doris takes number2 erasers out of the box .,How many erasers are left in the box ?
A candy store has number0 boxes of chocolates . Each box has number1 pieces . How many pieces are there altogether in the boxes ?,6.0 500.0,* number0 number1,3000.0,"[3, 4, 5, 11, 12, 13, 21, 22, 23]",A candy store has number0 boxes of chocolates . Each box has number1 pieces .,How many pieces are there altogether in the boxes ?
There are number0 students making number1 stars each for the school wall . How many stars will they make all together ?,124.0 3.0,* number0 number1,372.0,"[1, 2, 3, 4, 5, 6, 18, 19, 20]",There are number0 students making number1 stars each for the school wall .,How many stars will they make all together ?
"Mrs. Hilt baked pies last weekend for a holiday dinner . She baked number0 pecan pies and number1 apples pies . If she wants to arrange all of the pies in rows of number2 pies each , how many rows will she have ?",16.0 14.0 5.0,+ number0 number1,30.0,"[12, 13, 14, 16, 17, 18, 34, 35, 36, 42, 43, 44]","Mrs. Hilt baked pies last weekend for a holiday dinner . She baked number0 pecan pies and number1 apples pies . If she wants to arrange all of the pies in rows of number2 pies each ,",how many rows will she have ?
There are number0 walnut trees currently in the park . Park workers will plant number1 walnut trees today . How many walnut trees will the park have when the workers are finished ?,33.0 44.0,+ number0 number1,77,"[1, 2, 3, 13, 14, 15, 29, 30, 31]",There are number0 walnut trees currently in the park . Park workers will plant number1 walnut trees today .,How many walnut trees will the park have when the workers are finished ?
number0 people are going to the zoo . There are number1 cars to take people to the zoo . How many will go in each car if the same number go in each car ?,63.0 3.0,/ number0 number1,21.0,"[0, 1, 9, 10, 11, 31, 32, 33]",number0 people are going to the zoo . There are number1 cars to take people to the zoo .,How many will go in each car if the same number go in each car ?
A toy store had number0 giant stuffed bears in stock when they got another shipment with number1 bears in it . The put the bears onto shelves with number2 on each shelf . How many shelves did they use ?,17.0 10.0 9.0,/ + number0 number1 number2,3.0,"[3, 4, 5, 15, 16, 17, 27, 28, 29, 36, 37, 38]",A toy store had number0 giant stuffed bears in stock when they got another shipment with number1 bears in it . The put the bears onto shelves with number2 on each shelf .,How many shelves did they use ?
"Rachel was playing a video game where she scores number0 points for each treasure she finds . If she found number1 treasures on the first level and number2 on the second , what would her score be ?",9.0 5.0 2.0,* number0 + number1 number2,63.0,"[8, 9, 10, 19, 20, 21, 26, 27, 28, 34, 35, 36]","Rachel was playing a video game where she scores number0 points for each treasure she finds . If she found number1 treasures on the first level and number2 on the second ,",what would her score be ?
Denise removes number0 bananas from a jar . There were originally number1 bananas in the jar . How many bananas are left in the jar ?,5.0 46.0,- number1 number0,41.0,"[1, 2, 3, 10, 11, 12, 22, 23, 24]",Denise removes number0 bananas from a jar . There were originally number1 bananas in the jar .,How many bananas are left in the jar ?
Mrs. Hilt wants to make a border around her garden . She needs number0 rocks to complete the border . She has number1 rocks . How many more rocks does she need to complete the border ?,125.0 64.0,- number0 number1,61.0,"[12, 13, 14, 21, 22, 23, 35, 36, 37]",Mrs. Hilt wants to make a border around her garden . She needs number0 rocks to complete the border . She has number1 rocks .,How many more rocks does she need to complete the border ?
"Wendy picked number0 flowers for her friend ’ s wedding . She was making bouquets with number1 flowers in each one . If number2 of the flowers wilted before the wedding , how many bouquets could she still make ?",45.0 5.0 35.0,/ - number0 number2 number1,2.0,"[1, 2, 3, 14, 15, 16, 21, 22, 23, 35, 36, 37]","Wendy picked number0 flowers for her friend ’ s wedding . She was making bouquets with number1 flowers in each one . If number2 of the flowers wilted before the wedding ,",how many bouquets could she still make ?
"A company invited number0 people to a luncheon , but number1 of them did n't show up . If the tables they had held number2 people each , how many tables do they need ?",45.0 35.0 2.0,/ - number0 number1 number2,5.0,"[2, 3, 4, 9, 10, 11, 23, 24, 25, 31, 32, 33]","A company invited number0 people to a luncheon , but number1 of them did n't show up . If the tables they had held number2 people each ,",how many tables do they need ?
"For a birthday party George bought number0 regular sodas and number1 diet sodas . If his fridge would only hold number2 on each shelf , how many shelves would he fill up ?",10.0 22.0 4.0,/ + number0 number1 number2,8.0,"[5, 6, 7, 9, 10, 11, 19, 20, 21, 29, 30, 31]","For a birthday party George bought number0 regular sodas and number1 diet sodas . If his fridge would only hold number2 on each shelf ,",how many shelves would he fill up ?
Carol collects number0 peanuts . Carol 's father gives Carol number1 more . How many peanuts does Carol have ?,2.0 5.0,+ number0 number1,7.0,"[1, 2, 3, 9, 10, 11, 16, 17, 18]",Carol collects number0 peanuts . Carol 's father gives Carol number1 more .,How many peanuts does Carol have ?
"For Halloween Debby and her sister combined the candy they received . Debby had number0 pieces of candy while her sister had number1 . If they ate number2 pieces the first night , how many pieces do they have left ?",32.0 42.0 35.0,- + number0 number1 number2,39.0,"[13, 14, 15, 21, 22, 23, 26, 27, 28, 37, 38, 39]","For Halloween Debby and her sister combined the candy they received . Debby had number0 pieces of candy while her sister had number1 . If they ate number2 pieces the first night ,",how many pieces do they have left ?
Ruth starts with number0 apples . She shares number1 with Peter . How many apples does Ruth end with ?,89.0 5.0,- number0 number1,84.0,"[2, 3, 4, 7, 8, 9, 16, 17, 18]",Ruth starts with number0 apples . She shares number1 with Peter .,How many apples does Ruth end with ?
Benny found number0 seashells and number1 starfish on the beach . He gave number2 of the seashells to Jason . How many seashells does Benny now have ?,66.0 49.0 52.0,- number0 number2,14,"[1, 2, 3, 4, 5, 6, 12, 13, 14, 24, 25, 26]",Benny found number0 seashells and number1 starfish on the beach . He gave number2 of the seashells to Jason .,How many seashells does Benny now have ?
Jorge scored number0 goals playing soccer last season . This season he scored number1 goals . What is the total number of goals Jorge scored ?,156.0 187.0,+ number0 number1,343.0,"[1, 2, 3, 12, 13, 14, 22, 23, 24]",Jorge scored number0 goals playing soccer last season . This season he scored number1 goals .,What is the total number of goals Jorge scored ?
Anne weighs number0 pounds . Douglas weighs number1 pounds . How much heavier is Anne than Douglas ?,67.0 52.0,- number0 number1,15.0,"[1, 2, 3, 6, 7, 8, 14, 15, 16]",Anne weighs number0 pounds . Douglas weighs number1 pounds .,How much heavier is Anne than Douglas ?
"At the arcade Cody won number0 tickets . If he spent number1 tickets on a beanie and later won number2 more tickets , how many would he have ?",49.0 25.0 6.0,- + number0 number2 number1,30.0,"[4, 5, 6, 10, 11, 12, 18, 19, 20, 25, 26, 27]","At the arcade Cody won number0 tickets . If he spent number1 tickets on a beanie and later won number2 more tickets ,",how many would he have ?
Benny worked number0 hours for number1 days . How many hours did he work in total ?,3.0 6.0,* number0 number1,18.0,"[1, 2, 3, 4, 5, 6, 13, 14, 15]",Benny worked number0 hours for number1 days .,How many hours did he work in total ?
"There were number0 friends playing a video game online when number1 players quit . If each player left had number2 lives , how many lives did they have total ?",13.0 8.0 6.0,* number2 - number0 number1,30.0,"[1, 2, 3, 9, 10, 11, 18, 19, 20, 26, 27, 28]","There were number0 friends playing a video game online when number1 players quit . If each player left had number2 lives ,",how many lives did they have total ?
"Sarah had some trucks . She gave number0 to Jeff , and now she has number1 trucks left . How many trucks did Sarah have to start with ?",13.0 38.0,+ number0 number1,51.0,"[6, 7, 8, 14, 15, 16, 25, 26, 27]","Sarah had some trucks . She gave number0 to Jeff , and now she has number1 trucks left .",How many trucks did Sarah have to start with ?
"Adam had number0 books . If he sold number1 of them and used the money he earned to buy number2 new books , how many books would Adam have ?",33.0 11.0 23.0,- + number0 number2 number1,45.0,"[1, 2, 3, 7, 8, 9, 18, 19, 20, 26, 27, 28]","Adam had number0 books . If he sold number1 of them and used the money he earned to buy number2 new books ,",how many books would Adam have ?
"Ron weighed number0 colored metal balls during a science class . The blue ball weighed number1 pounds and the brown ball weighed number2 pounds . If Ron places both balls on the scale at the same time , what will the scale read ?",2.0 6.0 3.12,+ number1 number2,9.12,"[1, 2, 3, 14, 15, 16, 21, 22, 23, 40, 41, 42]","Ron weighed number0 colored metal balls during a science class . The blue ball weighed number1 pounds and the brown ball weighed number2 pounds . If Ron places both balls on the scale at the same time ,",what will the scale read ?
"Lexie ’ s younger brother helped pick up all the paper clips in Lexie ’ s room . He was able to collect number0 paper clips . If he wants to distribute the paper clips in number1 boxes , how many paper clips will each box contain ?",81.0 9.0,/ number0 number1,9.0,"[20, 21, 22, 33, 34, 35, 42, 43, 44]","Lexie ’ s younger brother helped pick up all the paper clips in Lexie ’ s room . He was able to collect number0 paper clips . If he wants to distribute the paper clips in number1 boxes ,",how many paper clips will each box contain ?
"Paco 's Countertop Company purchased pieces of marble from a quarry . The weights of the pieces they purchased were number0 ton , number1 ton , and number2 ton . How many tons of marble did Paco 's Countertop Company purchase in all ?",0.3333333333333333 0.3333333333333333 0.08333333333333333,+ + number0 number0 number2,0.75,"[19, 20, 21, 22, 23, 24, 26, 27, 28, 40, 41, 42]","Paco 's Countertop Company purchased pieces of marble from a quarry . The weights of the pieces they purchased were number0 ton , number1 ton , and number2 ton .",How many tons of marble did Paco 's Countertop Company purchase in all ?
"Pamela bought number0 ounces of sugar , and she spilled number1 ounces of it on the floor . How much is ?",9.8 5.2,- number0 number1,4.6,"[1, 2, 3, 9, 10, 11, 18, 19, 20]","Pamela bought number0 ounces of sugar , and she spilled number1 ounces of it on the floor .",How much is ?
"Dan has number0 violet marbles , he gave Mary number1 of the marbles . How many violet marbles does he now have ?",64.0 14.0,- number0 number1,50,"[1, 2, 3, 8, 9, 10, 19, 20, 21]","Dan has number0 violet marbles , he gave Mary number1 of the marbles .",How many violet marbles does he now have ?
number0 boys went down the slide . number1 more boys went down the slide . How many boys went down the slide ?,22.0 13.0,+ number0 number1,35.0,"[0, 1, 6, 7, 8, 19, 20, 21]",number0 boys went down the slide . number1 more boys went down the slide .,How many boys went down the slide ?
Brennan had number0 grams of pepper . Then he used number1 grams of the pepper to make some scrambled eggs . How much pepper does Brennan have ?,0.25 0.16,- number0 number1,0.09,"[1, 2, 3, 9, 10, 11, 24, 25, 26]",Brennan had number0 grams of pepper . Then he used number1 grams of the pepper to make some scrambled eggs .,How much pepper does Brennan have ?
"Robin was making baggies of cookies with number0 cookies in each bag . If she had number1 chocolate chip cookies and number2 oatmeal cookies , how many baggies could she make ?",6.0 23.0 25.0,/ + number1 number2 number0,8.0,"[6, 7, 8, 15, 16, 17, 20, 21, 22, 28, 29, 30]","Robin was making baggies of cookies with number0 cookies in each bag . If she had number1 chocolate chip cookies and number2 oatmeal cookies ,",how many baggies could she make ?
"While playing a video game , Paul scored number0 points . He and his cousin together have a total of number1 points . How many points does Paul 's cousin have ?",3103.0 5816.0,- number1 number0,2713.0,"[7, 8, 9, 19, 20, 21, 28, 29, 30]","While playing a video game , Paul scored number0 points . He and his cousin together have a total of number1 points .",How many points does Paul 's cousin have ?
"There are number0 books in Oak Grove 's public library . In addition , there are number1 books in its school libraries . How many books do the libraries in Oak Grove have overall ?",1986.0 5106.0,+ number0 number1,7092.0,"[1, 2, 3, 15, 16, 17, 31, 32, 33]","There are number0 books in Oak Grove 's public library . In addition , there are number1 books in its school libraries .",How many books do the libraries in Oak Grove have overall ?
"A waiter had number0 tables he was waiting on , with number1 women and number2 men at each table . How many customers total did the waiter have ?",7.0 7.0 2.0,* number0 + number0 number2,63.0,"[2, 3, 4, 10, 11, 12, 13, 14, 15, 25, 26, 27]","A waiter had number0 tables he was waiting on , with number1 women and number2 men at each table .",How many customers total did the waiter have ?
Jane buys an apple for $ number0 and pays with a $ number1 bill . How much change will she get ?,0.75 5.0,- number1 number0,4.25,"[5, 6, 7, 11, 12, 13, 18, 19, 20]",Jane buys an apple for $ number0 and pays with a $ number1 bill .,How much change will she get ?
number0 birds were sitting in a tree . number1 more birds flew up to the tree . How many birds were there altogether in the tree ?,179.0 38.0,+ number0 number1,217.0,"[0, 1, 7, 8, 9, 23, 24, 25]",number0 birds were sitting in a tree . number1 more birds flew up to the tree .,How many birds were there altogether in the tree ?
"For the school bake sale Katie made number0 cupcakes . If she sold number1 of them and then made number2 more , how many cupcakes would she have ?",26.0 20.0 20.0,- + number0 number1 number1,26.0,"[6, 7, 8, 12, 13, 14, 18, 19, 20, 25, 26, 27]","For the school bake sale Katie made number0 cupcakes . If she sold number1 of them and then made number2 more ,",how many cupcakes would she have ?
Kaleb was selling his old games . He started out with number0 but sold number1 of them . He packed the rest up putting number2 games into each box . How many boxes did he have to use ?,76.0 46.0 5.0,/ - number0 number1 number2,6.0,"[10, 11, 12, 13, 14, 15, 23, 24, 25, 35, 36, 37]",Kaleb was selling his old games . He started out with number0 but sold number1 of them . He packed the rest up putting number2 games into each box .,How many boxes did he have to use ?
Nancy has number0 five dollars bills . How much money does she have ?,9.0,* number0 5.0,45.0,"[1, 2, 3, 12, 13, 14]",Nancy has number0 five dollars bills .,How much money does she have ?
"Sara grew number0 pumpkins , but the rabbits ate number1 pumpkins . How many pumpkins does Sara have ?",43.0 23.0,- number0 number1,20,"[1, 2, 3, 8, 9, 10, 15, 16, 17]","Sara grew number0 pumpkins , but the rabbits ate number1 pumpkins .",How many pumpkins does Sara have ?
Marcia spent number0 minutes working on her science project . How many hours did Marcia spend on her science project ?,300.0,/ number0 60.0,5.0,"[1, 2, 3, 17, 18, 19]",Marcia spent number0 minutes working on her science project .,How many hours did Marcia spend on her science project ?
There are number0 walnut trees currently in the park . Park workers will plant number1 more walnut trees today . How many walnut trees will the park have when the workers are finished ?,107.0 104.0,+ number0 number1,211.0,"[1, 2, 3, 15, 16, 17, 32, 33, 34]",There are number0 walnut trees currently in the park . Park workers will plant number1 more walnut trees today .,How many walnut trees will the park have when the workers are finished ?
Melanie had number0 dimes in her bank . Her dad gave her number1 dimes and her mother gave her number2 dimes . How many dimes does Melanie have now ?,19.0 39.0 25.0,+ + number0 number1 number2,83.0,"[1, 2, 3, 11, 12, 13, 18, 19, 20, 26, 27, 28]",Melanie had number0 dimes in her bank . Her dad gave her number1 dimes and her mother gave her number2 dimes .,How many dimes does Melanie have now ?
"I read number0 pages of my English book yesterday . Today , I read number1 pages . What is the total number of pages did I read ?",21.0 17.0,+ number0 number1,38.0,"[1, 2, 3, 13, 14, 15, 24, 25, 26]","I read number0 pages of my English book yesterday . Today , I read number1 pages .",What is the total number of pages did I read ?
Barbara has number0 candies . She buys number1 more . How many candies does Barbara have in all ?,9.0 18.0,+ number0 number1,27.0,"[1, 2, 3, 6, 7, 8, 15, 16, 17]",Barbara has number0 candies . She buys number1 more .,How many candies does Barbara have in all ?
"Jack has a section filled with short story booklets . If each booklet has number0 pages and there are number1 booklets in the short story section , how many pages will Jack need to go through if he plans to read them all ?",9.0 49.0,* number0 number1,441.0,"[13, 14, 15, 18, 19, 20, 40, 41, 42]","Jack has a section filled with short story booklets . If each booklet has number0 pages and there are number1 booklets in the short story section ,",how many pages will Jack need to go through if he plans to read them all ?
"Tom bought number0 tickets at the state fair . He spent number1 tickets at the ' dunk a clown ' booth and decided to use the rest on rides . If each ride cost number2 tickets , how many rides could he go on ?",40.0 28.0 4.0,/ - number0 number1 number2,3.0,"[1, 2, 3, 10, 11, 12, 33, 34, 35, 41, 42, 43]","Tom bought number0 tickets at the state fair . He spent number1 tickets at the ' dunk a clown ' booth and decided to use the rest on rides . If each ride cost number2 tickets ,",how many rides could he go on ?
Brian has number0 cards . Wayne takes number1 away . How many cards will Brian have ?,76.0 59.0,- number0 number1,17.0,"[1, 2, 3, 6, 7, 8, 13, 14, 15]",Brian has number0 cards . Wayne takes number1 away .,How many cards will Brian have ?
Willie has number0 bananas . Charles has number1 bananas . He loses number2 . How many bananas will Willie have ?,48.0 14.0 35.0,- number0 number2,13.0,"[1, 2, 3, 6, 7, 8, 11, 12, 13, 17, 18, 19]",Willie has number0 bananas . Charles has number1 bananas . He loses number2 .,How many bananas will Willie have ?
"Evelyn has number0 marbles . She gets number1 more from Henry . Later , Evelyn buys number2 cards at the store . How many marbles does Evelyn have in all ?",95.0 9.0 6.0,+ number0 number1,104.0,"[1, 2, 3, 6, 7, 8, 15, 16, 17, 27, 28, 29]","Evelyn has number0 marbles . She gets number1 more from Henry . Later , Evelyn buys number2 cards at the store .",How many marbles does Evelyn have in all ?
"The number of inquiries the first week was number0 . The number of inquiries in the fourth week was number1 . Find the average rate of change in number of inquiries from the first week to the fourth week , in inquiries per week .",15.0 79.0,/ - number1 number0 - 4.0 1.0,21.3333,"[7, 8, 9, 18, 19, 20, 41, 42, 43]",The number of inquiries the first week was number0 . The number of inquiries in the fourth week was number1 .,"Find the average rate of change in number of inquiries from the first week to the fourth week , in inquiries per week ."
"Sally had number0 baseball cards , and number1 were torn . Sara bought number2 of Sally 's baseball cards . How many baseball cards does Sally have now ?",39.0 9.0 24.0,- number0 number2,15,"[1, 2, 3, 6, 7, 8, 12, 13, 14, 25, 26, 27]","Sally had number0 baseball cards , and number1 were torn . Sara bought number2 of Sally 's baseball cards .",How many baseball cards does Sally have now ?
Gwen bought two coloring books . One had number0 pictures and the other had number1 . After one week she had already colored number2 of the pictures . How many pictures does she still have to color ?,10.0 39.0 13.0,- + number0 number1 number2,36.0,"[7, 8, 9, 13, 14, 15, 22, 23, 24, 34, 35, 36]",Gwen bought two coloring books . One had number0 pictures and the other had number1 . After one week she had already colored number2 of the pictures .,How many pictures does she still have to color ?
Diana starts with number0 bottle caps . number1 are eaten by a hippopotamus . How many bottle caps does Diana end with ?,65.0 4.0,- number0 number1,61.0,"[2, 3, 4, 6, 7, 8, 19, 20, 21]",Diana starts with number0 bottle caps . number1 are eaten by a hippopotamus .,How many bottle caps does Diana end with ?
There are number0 dogwood trees currently in the park . Park workers will plant number1 more dogwood trees today and number2 more dogwood trees tomorrow . How many dogwood trees will the park have when the workers are finished ?,7.0 3.0 2.0,+ + number0 number1 number2,12.0,"[1, 2, 3, 13, 14, 15, 19, 20, 21, 36, 37, 38]",There are number0 dogwood trees currently in the park . Park workers will plant number1 more dogwood trees today and number2 more dogwood trees tomorrow .,How many dogwood trees will the park have when the workers are finished ?
Luke was selling his old games . He started out with number0 but sold number1 of them . He packed the rest up putting number2 games into each box . How many boxes did he have to use ?,57.0 39.0 2.0,/ - number0 number1 number2,9.0,"[10, 11, 12, 13, 14, 15, 23, 24, 25, 35, 36, 37]",Luke was selling his old games . He started out with number0 but sold number1 of them . He packed the rest up putting number2 games into each box .,How many boxes did he have to use ?
"Edward bought number0 tickets at the state fair . He spent number1 tickets at the ' dunk a clown ' booth and decided to use the rest on rides . If each ride cost number2 tickets , how many rides could he go on ?",79.0 23.0 7.0,/ - number0 number1 number2,8.0,"[1, 2, 3, 10, 11, 12, 33, 34, 35, 41, 42, 43]","Edward bought number0 tickets at the state fair . He spent number1 tickets at the ' dunk a clown ' booth and decided to use the rest on rides . If each ride cost number2 tickets ,",how many rides could he go on ?
"The Montoya family spends number0 their budget on groceries and another number1 going out to eat . Altogether , what fraction of their budget does the Montoya family spend on food ?",0.6 0.2,+ number0 number1,0.8,"[3, 4, 5, 10, 11, 12, 28, 29, 30]","The Montoya family spends number0 their budget on groceries and another number1 going out to eat . Altogether ,",what fraction of their budget does the Montoya family spend on food ?
A pet store had number0 siamese cats and number1 house cats . During a sale they sold number2 cats . How many cats do they have left ?,38.0 25.0 45.0,- + number0 number1 number2,18.0,"[3, 4, 5, 7, 8, 9, 16, 17, 18, 24, 25, 26]",A pet store had number0 siamese cats and number1 house cats . During a sale they sold number2 cats .,How many cats do they have left ?
"A bucket contains number0 gallons of water . If Derek adds number1 gallons more , how many gallons will there be in all ?",3.0 6.8,+ number0 number1,9.8,"[2, 3, 4, 10, 11, 12, 20, 21, 22]","A bucket contains number0 gallons of water . If Derek adds number1 gallons more ,",how many gallons will there be in all ?
"Vanessa and her friends were recycling paper for their class . For every number0 pounds they recycled they earned one point . If Vanessa recycled number1 pounds and her friends recycled number2 pounds , how many points did they earn ?",9.0 20.0 16.0,/ + number1 number2 number0,4.0,"[12, 13, 14, 24, 25, 26, 30, 31, 32, 37, 38, 39]","Vanessa and her friends were recycling paper for their class . For every number0 pounds they recycled they earned one point . If Vanessa recycled number1 pounds and her friends recycled number2 pounds ,",how many points did they earn ?
"While on vacation , Rachel took number0 pictures at the zoo and number1 at the museum . If she later deleted number2 of the pictures , how many pictures from her vacation did she still have ?",6.0 9.0 11.0,- + number0 number1 number2,4.0,"[5, 6, 7, 11, 12, 13, 20, 21, 22, 33, 34, 35]","While on vacation , Rachel took number0 pictures at the zoo and number1 at the museum . If she later deleted number2 of the pictures ,",how many pictures from her vacation did she still have ?
Lucy has an aquarium with number0 fish . She wants to buy number1 more fish . How many fish would Lucy have then ?,212.0 68.0,+ number0 number1,280.0,"[4, 5, 6, 11, 12, 13, 20, 21, 22]",Lucy has an aquarium with number0 fish . She wants to buy number1 more fish .,How many fish would Lucy have then ?
"If Charles strolled number0 miles at number1 miles per hour , how long was Charles travelling ?",6.0 3.0,/ number0 number1,2.0,"[2, 3, 4, 5, 6, 7, 13, 14, 15]","If Charles strolled number0 miles at number1 miles per hour ,",how long was Charles travelling ?
A pet store had number0 siamese cats and number1 house cats . During a sale they sold number2 cats . How many cats do they have left ?,41.0 28.0 15.0,- + number0 number1 number2,54.0,"[3, 4, 5, 7, 8, 9, 16, 17, 18, 24, 25, 26]",A pet store had number0 siamese cats and number1 house cats . During a sale they sold number2 cats .,How many cats do they have left ?
Sam went to number0 football games this year . He went to number1 games last year . How many football games did Sam go to in all ?,14.0 29.0,+ number0 number1,43.0,"[2, 3, 4, 11, 12, 13, 26, 27, 28]",Sam went to number0 football games this year . He went to number1 games last year .,How many football games did Sam go to in all ?
"A dust storm sweeps across the prairie . It covers number0 acres of the prairie in dust , but leaves number1 acres untouched . How many acres does the prairie cover ?",64535.0 522.0,+ number0 number1,65057.0,"[9, 10, 11, 19, 20, 21, 28, 29, 30]","A dust storm sweeps across the prairie . It covers number0 acres of the prairie in dust , but leaves number1 acres untouched .",How many acres does the prairie cover ?
"A company invited number0 people to a luncheon , but number1 of them did n't show up . If the tables they had held number2 people each , how many tables do they need ?",47.0 7.0 5.0,/ - number0 number1 number2,8.0,"[2, 3, 4, 9, 10, 11, 23, 24, 25, 31, 32, 33]","A company invited number0 people to a luncheon , but number1 of them did n't show up . If the tables they had held number2 people each ,",how many tables do they need ?
Craig has number0 apples . Judy has number1 apples . He shares number2 with Eugene . How many apples will Craig have ?,20.0 11.0 7.0,- number0 number2,13.0,"[1, 2, 3, 6, 7, 8, 11, 12, 13, 19, 20, 21]",Craig has number0 apples . Judy has number1 apples . He shares number2 with Eugene .,How many apples will Craig have ?
Jill invited number0 people to her birthday party . They each ate number1 pieces of pizza . How many pieces of pizza did they eat ?,37.0 8.0,* number0 number1,296.0,"[1, 2, 3, 11, 12, 13, 22, 23, 24]",Jill invited number0 people to her birthday party . They each ate number1 pieces of pizza .,How many pieces of pizza did they eat ?
"Each year , salmon travel upstream , going from the ocean to the rivers where they were born . This year , number0 male and number1 female salmon returned to their rivers . How many salmon made the trip ?",712261.0 259378.0,+ number0 number1,971639.0,"[21, 22, 23, 24, 25, 26, 36, 37, 38]","Each year , salmon travel upstream , going from the ocean to the rivers where they were born . This year , number0 male and number1 female salmon returned to their rivers .",How many salmon made the trip ?
"Bianca was organizing her book case making sure each of the shelves had exactly number0 books on it . If she had number1 shelves of mystery books and number2 shelves of picture books , how many books did she have total ?",8.0 5.0 4.0,* number0 + number1 number2,72.0,"[13, 14, 15, 21, 22, 23, 27, 28, 29, 38, 39, 40]","Bianca was organizing her book case making sure each of the shelves had exactly number0 books on it . If she had number1 shelves of mystery books and number2 shelves of picture books ,",how many books did she have total ?
"When Jake had number0 cat , he needed to serve number1 can of cat food each day . Now that Jake has adopted a second cat , he needs to serve a total of number2 can each day . How much extra food is needed to feed the second cat ?",1.0 0.5 0.9,- number2 number1,0.4,"[2, 3, 4, 9, 10, 11, 33, 34, 35, 47, 48, 49]","When Jake had number0 cat , he needed to serve number1 can of cat food each day . Now that Jake has adopted a second cat , he needs to serve a total of number2 can each day .",How much extra food is needed to feed the second cat ?
There are number0 apples in a pile on the desk . Each apple comes in a package of number1 . number2 apples are added to the pile . How many apples are there in the pile ?,8.0 11.0 5.0,+ number0 number2,13.0,"[1, 2, 3, 17, 18, 19, 19, 20, 21, 33, 34, 35]",There are number0 apples in a pile on the desk . Each apple comes in a package of number1 . number2 apples are added to the pile .,How many apples are there in the pile ?
There are number0 bicycles and number1 tricycles in the storage area at Danny 's apartment building . Each bicycle has number2 wheels and each tricycle has number3 wheels . How many wheels are there in all ?,24.0 14.0 2.0 3.0,+ * number0 number2 * number1 number3,90.0,"[1, 2, 3, 4, 5, 6, 19, 20, 21, 25, 26, 27, 33, 34, 35]",There are number0 bicycles and number1 tricycles in the storage area at Danny 's apartment building . Each bicycle has number2 wheels and each tricycle has number3 wheels .,How many wheels are there in all ?
The school is planning a field trip . There are number0 students and number1 seats on each school bus . How many buses are needed to take the trip ?,180.0 60.0,/ number0 number1,3.0,"[9, 10, 11, 12, 13, 14, 26, 27, 28]",The school is planning a field trip . There are number0 students and number1 seats on each school bus .,How many buses are needed to take the trip ?
"Rachel was playing a video game and had number0 lives . In a hard part of the game she lost number1 lives . If she got number2 more lives in the next level , how many lives would she have ?",10.0 4.0 26.0,- + number0 number2 number1,32.0,"[7, 8, 9, 19, 20, 21, 25, 26, 27, 37, 38, 39]","Rachel was playing a video game and had number0 lives . In a hard part of the game she lost number1 lives . If she got number2 more lives in the next level ,",how many lives would she have ?
Heather has number0 oranges . Russell takes number1 away . How many oranges will Heather have ?,60.0 35.0,- number0 number1,25.0,"[1, 2, 3, 6, 7, 8, 13, 14, 15]",Heather has number0 oranges . Russell takes number1 away .,How many oranges will Heather have ?
"Vanessa had number0 music files and number1 video files on her flash drive . If she deleted number2 of the files , how many files were still on her flash drive ?",16.0 48.0 30.0,- + number0 number1 number2,34.0,"[1, 2, 3, 5, 6, 7, 16, 17, 18, 28, 29, 30]","Vanessa had number0 music files and number1 video files on her flash drive . If she deleted number2 of the files ,",how many files were still on her flash drive ?
Keith grew number0 turnips . Alyssa grew number1 turnips . How many turnips did they grow in all ?,6.0 9.0,+ number0 number1,15,"[1, 2, 3, 6, 7, 8, 15, 16, 17]",Keith grew number0 turnips . Alyssa grew number1 turnips .,How many turnips did they grow in all ?
"There are number0 students in the class and number1 pencils . If the pencils are divided equally among the students , how many does each student get ?",2.0 18.0,/ number1 number0,9.0,"[1, 2, 3, 7, 8, 9, 24, 25, 26]","There are number0 students in the class and number1 pencils . If the pencils are divided equally among the students ,",how many does each student get ?
"Zoe baked number0 brownies , but needed number1 total for her party . If she used number2 cups of flour on each one , how much cups of flour does she still need ?",5.0 11.0 7.0,* number2 - number1 number0,42.0,"[1, 2, 3, 6, 7, 8, 15, 16, 17, 30, 31, 32]","Zoe baked number0 brownies , but needed number1 total for her party . If she used number2 cups of flour on each one ,",how much cups of flour does she still need ?
"Tom went to number0 hockey games this year , but missed number1 . He went to number2 games last year . How many hockey games did Tom go to in all ?",4.0 7.0 9.0,+ number0 number2,13,"[2, 3, 4, 10, 11, 12, 15, 16, 17, 28, 29, 30]","Tom went to number0 hockey games this year , but missed number1 . He went to number2 games last year .",How many hockey games did Tom go to in all ?
"Emily bought number0 new chairs and number1 new tables for her house . If she spent number2 minutes on each piece furniture putting it together , how many minutes did it take her to finish ?",4.0 2.0 8.0,* number2 + number0 number1,48.0,"[1, 2, 3, 5, 6, 7, 15, 16, 17, 32, 33, 34]","Emily bought number0 new chairs and number1 new tables for her house . If she spent number2 minutes on each piece furniture putting it together ,",how many minutes did it take her to finish ?
Sam has number0 books . Joan has number1 books . How many books do they have together ?,110.0 102.0,+ number0 number1,212,"[1, 2, 3, 6, 7, 8, 14, 15, 16]",Sam has number0 books . Joan has number1 books .,How many books do they have together ?
Sam found number0 seashells and Mary found number1 seashells on the beach . How many seashells did they find together ?,18.0 47.0,+ number0 number1,65.0,"[1, 2, 3, 6, 7, 8, 17, 18, 19]",Sam found number0 seashells and Mary found number1 seashells on the beach .,How many seashells did they find together ?
Sam had number0 dimes in his bank . His dad gave him number1 dimes . How many dimes does Sam have now ?,9.0 7.0,+ number0 number1,16,"[1, 2, 3, 11, 12, 13, 19, 20, 21]",Sam had number0 dimes in his bank . His dad gave him number1 dimes .,How many dimes does Sam have now ?
A number is number0 less than the sum of number1 and number2 . What is the number ?,14.0 30.0 29.0,- + number1 number2 number0,45.0,"[2, 3, 4, 8, 9, 10, 10, 11, 12, 14, 15, 16]",A number is number0 less than the sum of number1 and number2 .,What is the number ?
Sam went to number0 football games this year . He went to number1 games last year . How many football games did Sam go to in all ?,14.0 29.0,+ number0 number1,43,"[2, 3, 4, 11, 12, 13, 24, 25, 26]",Sam went to number0 football games this year . He went to number1 games last year .,How many football games did Sam go to in all ?
Nancy bought number0 crayons that came in packs of number1 . How many packs of crayons did Nancy buy ?,615.0 15.0,/ number0 number1,41.0,"[1, 2, 3, 8, 9, 10, 18, 19, 20]",Nancy bought number0 crayons that came in packs of number1 .,How many packs of crayons did Nancy buy ?
Scarlett made a fruit salad with number0 pound of melon and number1 pound of berries . How many pounds of fruit did Scarlett use in all ?,0.25 0.375,+ number0 number1,0.625,"[5, 6, 7, 10, 11, 12, 23, 24, 25]",Scarlett made a fruit salad with number0 pound of melon and number1 pound of berries .,How many pounds of fruit did Scarlett use in all ?
"At Oliver 's Restaurant a group with number0 adults and number1 children came in to eat . If each meal cost number2 dollars , how much was the bill ?",2.0 4.0 3.0,* number2 + number0 number1,18.0,"[6, 7, 8, 9, 10, 11, 20, 21, 22, 26, 27, 28]","At Oliver 's Restaurant a group with number0 adults and number1 children came in to eat . If each meal cost number2 dollars ,",how much was the bill ?
"A waiter had number0 customers to wait on . If number1 customers left and he got another number2 customers , how many customers would he have ?",19.0 14.0 36.0,- + number0 number2 number1,41.0,"[2, 3, 4, 9, 10, 11, 16, 17, 18, 23, 24, 25]","A waiter had number0 customers to wait on . If number1 customers left and he got another number2 customers ,",how many customers would he have ?
There are number0 marbles in each box . How many marbles are in number1 boxes ?,6.0 3.0,* number0 number1,18.0,"[1, 2, 3, 12, 13, 14, 12, 13, 14]",There are number0 marbles in each box .,How many marbles are in number1 boxes ?
"A farmer estimates that he will harvest number0 bushels of wheat . The weather is perfect during the growing season , so he harvests number1 more bushels of wheat than expected . How many bushels of wheat does the farmer harvest ?",48097.0 684.0,+ number0 number1,48781.0,"[6, 7, 8, 23, 24, 25, 38, 39, 40]","A farmer estimates that he will harvest number0 bushels of wheat . The weather is perfect during the growing season , so he harvests number1 more bushels of wheat than expected .",How many bushels of wheat does the farmer harvest ?
"Joan has number0 blue balloons , Sally has number1 blue balloons , and Jessica has number2 blue balloons . How many blue balloons do they have in total ?",9.0 5.0 2.0,+ + number0 number1 number2,16.0,"[1, 2, 3, 7, 8, 9, 14, 15, 16, 25, 26, 27]","Joan has number0 blue balloons , Sally has number1 blue balloons , and Jessica has number2 blue balloons .",How many blue balloons do they have in total ?
Jacqueline has number0 boxes of erasers . Each box holds number1 erasers and there are number2 boxes in a case . How many erasers does Jacqueline have ?,4.0 10.0 9.0,* number0 number1,40.0,"[1, 2, 3, 9, 10, 11, 14, 15, 16, 24, 25, 26]",Jacqueline has number0 boxes of erasers . Each box holds number1 erasers and there are number2 boxes in a case .,How many erasers does Jacqueline have ?
There are number0 fishbowls . Each fishbowl has number1 fish . How many fish are there ?,261.0 23.0,* number0 number1,6003.0,"[1, 2, 3, 7, 8, 9, 13, 14, 15]",There are number0 fishbowls . Each fishbowl has number1 fish .,How many fish are there ?
Benny bought number0 dozen eggs from the grocery store to bake some cakes . How many eggs did Benny buy ?,7.0,* number0 12.0,84.0,"[1, 2, 3, 19, 20, 21]",Benny bought number0 dozen eggs from the grocery store to bake some cakes .,How many eggs did Benny buy ?
"Vanessa and her mom were picking carrots from their garden . Vanessa picked number0 and her mother picked number1 . If only number2 of the carrots were good , how many bad carrots did they have ?",17.0 14.0 24.0,- + number0 number1 number2,7.0,"[12, 13, 14, 17, 18, 19, 21, 22, 23, 33, 34, 35]","Vanessa and her mom were picking carrots from their garden . Vanessa picked number0 and her mother picked number1 . If only number2 of the carrots were good ,",how many bad carrots did they have ?
Brenda starts with number0 Skittles . She buys number1 more . How many Skittles does Brenda end with ?,7.0 8.0,+ number0 number1,15.0,"[2, 3, 4, 7, 8, 9, 15, 16, 17]",Brenda starts with number0 Skittles . She buys number1 more .,How many Skittles does Brenda end with ?
There are number0 pots . Each pot has number1 flowers in it . How many flowers are there in all ?,544.0 32.0,* number0 number1,17408.0,"[1, 2, 3, 7, 8, 9, 17, 18, 19]",There are number0 pots . Each pot has number1 flowers in it .,How many flowers are there in all ?
Juan ran number0 miles at number1 miles per hour . How long did Juan run ?,80.0 10.0,/ number0 number1,8.0,"[1, 2, 3, 4, 5, 6, 12, 13, 14]",Juan ran number0 miles at number1 miles per hour .,How long did Juan run ?
"A painter needed to paint number0 rooms in a building . Each room takes number1 hours to paint . If he already painted number2 rooms , how much longer will he take to paint the rest ?",11.0 7.0 2.0,* number1 - number0 number2,63.0,"[4, 5, 6, 13, 14, 15, 22, 23, 24, 33, 34, 35]","A painter needed to paint number0 rooms in a building . Each room takes number1 hours to paint . If he already painted number2 rooms ,",how much longer will he take to paint the rest ?
"April 's discount flowers was having a sale where each rose was number0 dollars . If April started with number1 roses and had number2 roses left , how much money did she earn ?",9.0 11.0 8.0,* number0 - number1 number2,27.0,"[11, 12, 13, 18, 19, 20, 22, 23, 24, 30, 31, 32]","April 's discount flowers was having a sale where each rose was number0 dollars . If April started with number1 roses and had number2 roses left ,",how much money did she earn ?
Emily was planting vegetables in her garden . She started with number0 seeds and planted number1 of them in the big garden and in each of her small gardens put number2 seeds each . How many small gardens did Emily have ?,41.0 29.0 4.0,/ - number0 number1 number2,3.0,"[10, 11, 12, 14, 15, 16, 29, 30, 31, 38, 39, 40]",Emily was planting vegetables in her garden . She started with number0 seeds and planted number1 of them in the big garden and in each of her small gardens put number2 seeds each .,How many small gardens did Emily have ?
Albert has two snakes . The garden snake is number0 inches long . The boa constrictor is number1 times longer than the garden snake . How long is the boa constrictor ?,10.0 7.0,* number0 number1,70.0,"[8, 9, 10, 16, 17, 18, 30, 31, 32]",Albert has two snakes . The garden snake is number0 inches long . The boa constrictor is number1 times longer than the garden snake .,How long is the boa constrictor ?
Charles has number0 Skittles . Diana takes number1 away . How many Skittles will Charles have ?,25.0 7.0,- number0 number1,18.0,"[1, 2, 3, 6, 7, 8, 13, 14, 15]",Charles has number0 Skittles . Diana takes number1 away .,How many Skittles will Charles have ?
"Megan was selling her necklaces at a garage sale . She sold number0 bead necklaces and number1 gem stone necklaces . If each necklace cost number2 dollars , how much money did she earn ?",7.0 3.0 9.0,* number2 + number0 number1,90.0,"[11, 12, 13, 15, 16, 17, 24, 25, 26, 31, 32, 33]","Megan was selling her necklaces at a garage sale . She sold number0 bead necklaces and number1 gem stone necklaces . If each necklace cost number2 dollars ,",how much money did she earn ?
The school is planning a field trip . There are number0 students and number1 seats on each school bus . How many buses are needed to take the trip ?,9.0 3.0,/ number0 number1,3.0,"[9, 10, 11, 12, 13, 14, 26, 27, 28]",The school is planning a field trip . There are number0 students and number1 seats on each school bus .,How many buses are needed to take the trip ?
Melanie goes fishing with Tom . Melanie catches number0 trout . Tom catches number1 times as many trout as Melanie . How many trout did Tom catch ?,8.0 2.0,* number0 number1,16.0,"[7, 8, 9, 12, 13, 14, 24, 25, 26]",Melanie goes fishing with Tom . Melanie catches number0 trout . Tom catches number1 times as many trout as Melanie .,How many trout did Tom catch ?
Mrs. Franklin had number0 Valentines . Mrs. Franklin gave some to her students . Now she has number1 . How many Valentines did Mrs. Franklin give to her students ?,58.0 16.0,- number0 number1,42.0,"[2, 3, 4, 16, 17, 18, 28, 29, 30]",Mrs. Franklin had number0 Valentines . Mrs. Franklin gave some to her students . Now she has number1 .,How many Valentines did Mrs. Franklin give to her students ?
