Question,Numbers,Equation,Answer,group_nums,Body,Ques
a grocery store had number0 bottles of regular soda and number1 bottles of diet soda . how many more bottles of regular soda than diet soda did they have ?,67 9,- number0 number1,58.0,"[1, 2, 3, 4, 5, 9, 10, 11, 12, 26, 27, 28]",a grocery store had number0 bottles of regular soda and number1 bottles of diet soda .,how many more bottles of regular soda than diet soda did they have ?
a grocery store had number0 bottles of regular soda and number1 bottles of diet soda . how many more bottles of diet soda than regular soda did they have ?,22 61,- number1 number0,39.0,"[1, 2, 3, 4, 5, 9, 10, 11, 12, 26, 27, 28]",a grocery store had number0 bottles of regular soda and number1 bottles of diet soda .,how many more bottles of diet soda than regular soda did they have ?
a grocery store had number0 bottles of regular soda number1 bottles of diet soda and number2 apples . how many bottles did they have total ?,30 8 41,+ number0 number1,38.0,"[1, 3, 4, 5, 8, 9, 10, 14, 15, 16, 22, 23, 24]",a grocery store had number0 bottles of regular soda number1 bottles of diet soda and number2 apples .,how many bottles did they have total ?
a grocery store had number0 bottles of regular soda number1 bottles of diet soda and number2 apples . how many more bottles of regular soda than diet soda did they have ?,79 53 42,- number0 number1,26.0,"[1, 2, 3, 4, 5, 8, 9, 10, 12, 14, 15, 16, 28, 29, 30]",a grocery store had number0 bottles of regular soda number1 bottles of diet soda and number2 apples .,how many more bottles of regular soda than diet soda did they have ?
a grocery store had number0 bottles of diet soda number1 bottles of regular soda and number2 apples . how many more bottles of regular soda than diet soda did they have ?,54 83 12,- number1 number0,29.0,"[1, 2, 3, 4, 5, 8, 9, 10, 12, 14, 15, 16, 28, 29, 30]",a grocery store had number0 bottles of diet soda number1 bottles of regular soda and number2 apples .,how many more bottles of regular soda than diet soda did they have ?
a grocery store had a total of number0 bottles of which number1 were bottles of regular soda and the rest were bottles of diet soda . they also had number2 apple . how many bottles of diet soda did they have ?,17 9 29,- number0 number1,8.0,"[1, 2, 6, 7, 8, 38, 10, 11, 12, 39, 40, 28, 29, 30]",a grocery store had a total of number0 bottles of which number1 were bottles of regular soda and the rest were bottles of diet soda . they also had number2 apple .,how many bottles of diet soda did they have ?
a grocery store had number0 bottles of diet soda and number1 bottles of regular soda . how many more bottles of regular soda than diet soda did they have ?,19 60,- number1 number0,41.0,"[1, 2, 3, 4, 5, 9, 10, 11, 12, 26, 27, 28]",a grocery store had number0 bottles of diet soda and number1 bottles of regular soda .,how many more bottles of regular soda than diet soda did they have ?
a grocery store had number0 bottles of regular soda number1 bottles of diet soda and number2 apples . how many more bottles than apple did they have ?,72 32 78,- + number0 number1 number2,26.0,"[1, 2, 3, 4, 5, 8, 9, 10, 14, 15, 16, 24, 25, 26]",a grocery store had number0 bottles of regular soda number1 bottles of diet soda and number2 apples .,how many more bottles than apple did they have ?
a grocery store had number0 apples number1 bottles of regular soda and number2 bottles of diet soda . how many more bottles than apple did they have ?,36 80 54,- + number1 number2 number0,98.0,"[1, 2, 3, 4, 5, 6, 7, 8, 11, 12, 13, 24, 25, 26]",a grocery store had number0 apples number1 bottles of regular soda and number2 bottles of diet soda .,how many more bottles than apple did they have ?
a grocery store had a total of number0 bottles of which number1 were bottles of regular soda and the rest were bottles of diet soda . how many bottles of diet soda did they have ?,30 28,- number0 number1,2.0,"[32, 1, 33, 34, 6, 7, 8, 10, 11, 12]",a grocery store had a total of number0 bottles of which number1 were bottles of regular soda and the rest were bottles of diet soda .,how many bottles of diet soda did they have ?
a grocery store had number0 bottles of diet soda . if they had number1 more bottles of regular soda than diet soda how many bottles of regular soda did they have ?,4 79,+ number0 number1,83.0,"[2, 3, 4, 5, 12, 13, 14, 15, 20, 28, 29, 30]",a grocery store had number0 bottles of diet soda . if they had number1 more bottles of regular soda than diet soda,how many bottles of regular soda did they have ?
a grocery store had number0 bottles of regular soda number1 bottles of diet soda and number2 bottles of lite soda . how many bottles did they have total ?,57 26 27,+ + number0 number1 number2,110.0,"[1, 3, 4, 5, 8, 9, 10, 14, 15, 16, 25, 26, 27]",a grocery store had number0 bottles of regular soda number1 bottles of diet soda and number2 bottles of lite soda .,how many bottles did they have total ?
a grocery store had number0 bottles of regular soda number1 bottles of diet soda and number2 bottles of lite soda . how many more bottles of regular soda did they have than diet soda ?,81 60 60,- number0 number1,21.0,"[32, 1, 2, 3, 4, 5, 33, 8, 9, 10, 14, 15, 16, 31]",a grocery store had number0 bottles of regular soda number1 bottles of diet soda and number2 bottles of lite soda .,how many more bottles of regular soda did they have than diet soda ?
a grocery store had number0 bottles of regular soda number1 bottles of diet soda and number2 bottles of lite soda . how many bottles of regular soda and diet soda did they have altogether ?,49 40 6,+ number1 number0,89.0,"[32, 1, 33, 3, 4, 5, 8, 9, 10, 11, 14, 15, 16, 31]",a grocery store had number0 bottles of regular soda number1 bottles of diet soda and number2 bottles of lite soda .,how many bottles of regular soda and diet soda did they have altogether ?
every day ryan spends number0 hours on learning english and number1 hours on learning chinese . how many more hours does he spend on learning english than he does on learning chinese ?,6 2,- number0 number1,4.0,"[0, 1, 2, 3, 4, 5, 6, 7, 8, 9, 10, 11, 29, 30, 31]",every day ryan spends number0 hours on learning english and number1 hours on learning chinese .,how many more hours does he spend on learning english than he does on learning chinese ?
every day ryan spends number0 hours on learning english and number1 hours on learning chinese . how many more hours does he spend on learning chinese than he does on learning english ?,6 7,- number1 number0,1.0,"[0, 1, 2, 3, 4, 5, 6, 7, 8, 9, 10, 11, 29, 30, 31]",every day ryan spends number0 hours on learning english and number1 hours on learning chinese .,how many more hours does he spend on learning chinese than he does on learning english ?
every day ryan spends number0 hours on learning english and some more hours on learning chinese . if he spends a total of number1 hours on learning english and chinese everyday how many hours does he spend on learning chinese ?,3 4,- number1 number0,1.0,"[0, 3, 4, 5, 37, 38, 39, 11, 15, 19, 22, 23, 24]",every day ryan spends number0 hours on learning english and some more hours on learning chinese . if he spends a total of number1 hours on learning english and chinese everyday,how many hours does he spend on learning chinese ?
every day ryan spends number0 hours on learning english and some more hours on learning chinese . if he spends number1 hours more on learning english than on learning chinese how many hours does he spend on learning chinese ?,7 2,- number0 number1,5.0,"[0, 3, 4, 5, 36, 37, 38, 11, 14, 19, 20, 21]",every day ryan spends number0 hours on learning english and some more hours on learning chinese . if he spends number1 hours more on learning english than on learning chinese,how many hours does he spend on learning chinese ?
every day ryan spends number0 hours on learning chinese and some more hours on learning english . if he spends number1 hours more on learning english than on learning chinese how many hours does he spend on learning english ?,5 2,+ number0 number1,7.0,"[0, 3, 4, 5, 36, 7, 37, 38, 11, 14, 19, 20, 21]",every day ryan spends number0 hours on learning chinese and some more hours on learning english . if he spends number1 hours more on learning english than on learning chinese,how many hours does he spend on learning english ?
every day ryan spends number0 hours on learning english and number1 hours on learning chinese . if he learns for number2 days how many hours does he spend on learning english and chinese in all ?,6 7 5,* + number0 number1 number2,65.0,"[0, 32, 33, 3, 4, 5, 34, 7, 8, 9, 10, 11, 19, 20, 21]",every day ryan spends number0 hours on learning english and number1 hours on learning chinese . if he learns for number2 days,how many hours does he spend on learning english and chinese in all ?
every day ryan spends number0 hours on learning english and number1 hours on learning chinese . if he learns for number2 days how many hours does he spend on learning english in all ?,6 5 2,* number0 number2,12.0,"[0, 32, 3, 4, 5, 7, 8, 9, 10, 11, 19, 20, 21, 30, 31]",every day ryan spends number0 hours on learning english and number1 hours on learning chinese . if he learns for number2 days,how many hours does he spend on learning english in all ?
every day ryan spends number0 hours on learning english and number1 hours on learning chinese . if he learns for number2 days how many hours does he spend on learning chinese in all ?,5 4 6,* number1 number2,24.0,"[0, 32, 3, 4, 5, 7, 8, 9, 10, 11, 19, 20, 21, 30, 31]",every day ryan spends number0 hours on learning english and number1 hours on learning chinese . if he learns for number2 days,how many hours does he spend on learning chinese in all ?
every day ryan spends number0 hours on learning english and number1 hours on learning chinese . if he learns for number2 days how many hours does he spend on learning english and chinese each day ?,4 6 86,+ number0 number1,10.0,"[0, 33, 32, 3, 4, 5, 34, 7, 8, 9, 10, 11, 19, 20, 21]",every day ryan spends number0 hours on learning english and number1 hours on learning chinese . if he learns for number2 days,how many hours does he spend on learning english and chinese each day ?
every day ryan spends number0 hours on learning english number1 hours on learning chinese and number2 hours on learning spanish . how many hours does he spend on learning english chinese and spanish in all ?,6 7 3,+ + number0 number1 number2,16.0,"[0, 1, 32, 3, 4, 5, 33, 7, 8, 9, 10, 34, 12, 13, 14, 15, 16]",every day ryan spends number0 hours on learning english number1 hours on learning chinese and number2 hours on learning spanish .,how many hours does he spend on learning english chinese and spanish in all ?
every day ryan spends number0 hours on learning english number1 hours on learning chinese and number2 hours on learning spanish . how many more hours does he spend on learning english than he does on learning chinese ?,6 3 58,- number0 number1,3.0,"[0, 1, 2, 3, 4, 5, 6, 7, 8, 9, 10, 34, 12, 13, 14, 15, 16, 35, 36]",every day ryan spends number0 hours on learning english number1 hours on learning chinese and number2 hours on learning spanish .,how many more hours does he spend on learning english than he does on learning chinese ?
every day ryan spends number0 hours on learning english number1 hours on learning chinese and number2 hours on learning spanish . how many more hours does he spend on learning english than he does on learning spanish ?,7 2 4,- number0 number2,3.0,"[0, 1, 2, 3, 4, 5, 6, 7, 8, 9, 10, 34, 12, 13, 14, 15, 16, 35, 36]",every day ryan spends number0 hours on learning english number1 hours on learning chinese and number2 hours on learning spanish .,how many more hours does he spend on learning english than he does on learning spanish ?
every day ryan spends number0 hours on learning english number1 hours on learning chinese and number2 hours on learning spanish . how many more hours does he spend on learning chinese than he does on learning spanish ?,2 5 4,- number1 number2,1.0,"[0, 1, 2, 3, 4, 5, 6, 7, 8, 9, 10, 34, 12, 13, 14, 15, 16, 35, 36]",every day ryan spends number0 hours on learning english number1 hours on learning chinese and number2 hours on learning spanish .,how many more hours does he spend on learning chinese than he does on learning spanish ?
every day ryan spends a total of number0 hours on learning english and chinese . if he spends number1 hours on learning english everyday how many hours does he spend on learning chinese ?,3 2,- number0 number1,1.0,"[0, 32, 2, 6, 7, 8, 10, 17, 18, 19, 30, 31]",every day ryan spends a total of number0 hours on learning english and chinese . if he spends number1 hours on learning english everyday,how many hours does he spend on learning chinese ?
ryan learns english and chinese for number0 days . every day he spends number1 hours on learning english and number2 hours on learning chinese . how many hours does he spend on learning english and chinese in all ?,7 4 5,* + number1 number2 number0,63.0,"[1, 3, 35, 5, 6, 7, 8, 9, 36, 37, 12, 13, 14, 18, 19, 20]",ryan learns english and chinese for number0 days . every day he spends number1 hours on learning english and number2 hours on learning chinese .,how many hours does he spend on learning english and chinese in all ?
the grasshopper and the frog had a jumping contest . the grasshopper jumped number0 inches and the frog jumped number1 inches . how much farther did the frog jump than the grasshopper ?,9 12,- number1 number0,3.0,"[12, 13, 14, 18, 19, 20, 29, 30, 31]",the grasshopper and the frog had a jumping contest . the grasshopper jumped number0 inches and the frog jumped number1 inches .,how much farther did the frog jump than the grasshopper ?
the grasshopper and the frog had a jumping contest . the grasshopper jumped number0 inches and the frog jumped number1 inches . how much did they jump altogether ?,31 35,+ number0 number1,66.0,"[12, 13, 14, 18, 19, 20, 25, 26, 27]",the grasshopper and the frog had a jumping contest . the grasshopper jumped number0 inches and the frog jumped number1 inches .,how much did they jump altogether ?
the grasshopper the frog and the mouse had a jumping contest . the grasshopper jumped number0 inches . the frog jumped number1 inches farther than the grasshopper and the mouse jumped number2 inches farther than the frog . how far did the frog jump ?,36 17 15,+ number0 number1,53.0,"[32, 41, 42, 43, 14, 15, 16, 20, 21, 22, 30, 31]",the grasshopper the frog and the mouse had a jumping contest . the grasshopper jumped number0 inches . the frog jumped number1 inches farther than the grasshopper and the mouse jumped number2 inches farther than the frog .,how far did the frog jump ?
the grasshopper the frog and the mouse had a jumping contest . the grasshopper jumped number0 inches . the frog jumped number1 inches farther than the grasshopper and the mouse jumped number2 inches farther than the frog . how far did the mouse jump ?,25 18 2,+ + number0 number1 number2,45.0,"[32, 41, 42, 43, 14, 15, 16, 20, 21, 22, 30, 31]",the grasshopper the frog and the mouse had a jumping contest . the grasshopper jumped number0 inches . the frog jumped number1 inches farther than the grasshopper and the mouse jumped number2 inches farther than the frog .,how far did the mouse jump ?
the grasshopper the frog and the mouse had a jumping contest . the grasshopper jumped number0 inches . the frog jumped number1 inches farther than the grasshopper and the mouse jumped number2 inches farther than the frog . how much farther did the mouse jump than the grasshopper ?,19 10 20,+ number1 number2,30.0,"[32, 45, 14, 15, 16, 46, 47, 20, 21, 22, 30, 31]",the grasshopper the frog and the mouse had a jumping contest . the grasshopper jumped number0 inches . the frog jumped number1 inches farther than the grasshopper and the mouse jumped number2 inches farther than the frog .,how much farther did the mouse jump than the grasshopper ?
the grasshopper the frog and the mouse had a jumping contest . the grasshopper jumped number0 inches . the frog jumped number1 inches farther than the grasshopper and the mouse jumped number2 inches lesser than the frog . how far did the frog jump ?,19 39 94,+ number0 number1,58.0,"[32, 41, 42, 43, 14, 15, 16, 20, 21, 22, 30, 31]",the grasshopper the frog and the mouse had a jumping contest . the grasshopper jumped number0 inches . the frog jumped number1 inches farther than the grasshopper and the mouse jumped number2 inches lesser than the frog .,how far did the frog jump ?
the grasshopper the frog and the mouse had a jumping contest . the grasshopper jumped number0 inches . the frog jumped number1 inches farther than the grasshopper and the mouse jumped number2 inches lesser than the frog . how far did the mouse jump ?,25 32 26,- + number0 number1 number2,31.0,"[32, 41, 42, 43, 14, 15, 16, 20, 21, 22, 30, 31]",the grasshopper the frog and the mouse had a jumping contest . the grasshopper jumped number0 inches . the frog jumped number1 inches farther than the grasshopper and the mouse jumped number2 inches lesser than the frog .,how far did the mouse jump ?
the grasshopper the frog and the mouse had a jumping contest . the grasshopper jumped number0 inches . the frog jumped number1 inches farther than the grasshopper and the mouse jumped number2 inches lesser than the frog . how much farther did the mouse jump than the grasshopper ?,24 33 5,- number1 number2,28.0,"[32, 45, 14, 15, 16, 46, 47, 20, 21, 22, 30, 31]",the grasshopper the frog and the mouse had a jumping contest . the grasshopper jumped number0 inches . the frog jumped number1 inches farther than the grasshopper and the mouse jumped number2 inches lesser than the frog .,how much farther did the mouse jump than the grasshopper ?
the grasshopper and the frog had a jumping contest . the grasshopper jumped number0 inches . the grasshopper jumped number1 inches farther than the grasshopper . how far did the frog jump ?,13 2,- number0 number1,11.0,"[12, 13, 14, 18, 19, 20, 29, 30, 31]",the grasshopper and the frog had a jumping contest . the grasshopper jumped number0 inches . the grasshopper jumped number1 inches farther than the grasshopper .,how far did the frog jump ?
the grasshopper and the frog had a jumping contest . the grasshopper jumped number0 inches . the grasshopper jumped number1 inches farther than the grasshopper . how much did they jump altogether ?,35 4,- + number0 number0 number1,66.0,"[12, 13, 14, 18, 19, 20, 29, 30, 31]",the grasshopper and the frog had a jumping contest . the grasshopper jumped number0 inches . the grasshopper jumped number1 inches farther than the grasshopper .,how much did they jump altogether ?
the grasshopper the frog and the mouse had a jumping contest . the grasshopper jumped number0 inches . the grasshopper jumped number1 inches farther than the frog and the mouse jumped number2 inches lesser than the frog . how far did the frog jump ?,19 4 44,- number0 number1,15.0,"[32, 41, 42, 43, 14, 15, 16, 20, 21, 22, 30, 31]",the grasshopper the frog and the mouse had a jumping contest . the grasshopper jumped number0 inches . the grasshopper jumped number1 inches farther than the frog and the mouse jumped number2 inches lesser than the frog .,how far did the frog jump ?
the grasshopper the frog and the mouse had a jumping contest . the grasshopper jumped number0 inches . the grasshopper jumped number1 inches farther than the frog and the mouse jumped number2 inches lesser than the frog . how far did the mouse jump ?,39 19 12,- - number0 number1 number2,8.0,"[32, 41, 42, 43, 14, 15, 16, 20, 21, 22, 30, 31]",the grasshopper the frog and the mouse had a jumping contest . the grasshopper jumped number0 inches . the grasshopper jumped number1 inches farther than the frog and the mouse jumped number2 inches lesser than the frog .,how far did the mouse jump ?
the grasshopper the frog and the mouse had a jumping contest . the grasshopper jumped number0 inches . the grasshopper jumped number1 inches farther than the frog and the mouse jumped number2 inches lesser than the frog . how much farther did the grasshopper jump than the mouse ?,21 25 16,+ number1 number2,41.0,"[32, 45, 14, 15, 16, 46, 47, 20, 21, 22, 30, 31]",the grasshopper the frog and the mouse had a jumping contest . the grasshopper jumped number0 inches . the grasshopper jumped number1 inches farther than the frog and the mouse jumped number2 inches lesser than the frog .,how much farther did the grasshopper jump than the mouse ?
the grasshopper and the frog had a jumping contest . the frog jumped number0 inches and the grasshopper jumped number1 inches . how much farther did the frog jump than the grasshopper ?,39 17,- number0 number1,22.0,"[12, 13, 14, 18, 19, 20, 29, 30, 31]",the grasshopper and the frog had a jumping contest . the frog jumped number0 inches and the grasshopper jumped number1 inches .,how much farther did the frog jump than the grasshopper ?
the grasshopper the frog and the mouse had a jumping contest . the grasshopper jumped number0 inches . the mouse jumped number1 inches lesser than the frog who jumped number2 inches farther than the grasshopper . how far did the mouse jump ?,9 3 33,- + number0 number2 number1,39.0,"[39, 40, 41, 14, 15, 16, 20, 21, 22, 28, 29, 30]",the grasshopper the frog and the mouse had a jumping contest . the grasshopper jumped number0 inches . the mouse jumped number1 inches lesser than the frog who jumped number2 inches farther than the grasshopper .,how far did the mouse jump ?
the grasshopper the frog and the mouse had a jumping contest . the grasshopper jumped number0 inches . the mouse jumped number1 inches lesser than the frog who jumped number2 inches farther than the grasshopper . how much farther did the mouse jump than the grasshopper ?,14 16 37,- number2 number1,21.0,"[43, 44, 45, 14, 15, 16, 20, 21, 22, 28, 29, 30]",the grasshopper the frog and the mouse had a jumping contest . the grasshopper jumped number0 inches . the mouse jumped number1 inches lesser than the frog who jumped number2 inches farther than the grasshopper .,how much farther did the mouse jump than the grasshopper ?
rachel picked number0 apples from her tree . if the tree had number1 apples initially . how many apples are still there on the tree ?,4 7,- number1 number0,3.0,"[1, 2, 3, 5, 11, 12, 13, 22, 23, 24]",rachel picked number0 apples from her tree . if the tree had number1 apples initially .,how many apples are still there on the tree ?
rachel 's tree had number0 apples initially . she picked some apples and now there are number1 apples left on the tree . how many apples did rachel pick ?,4 2,- number0 number1,2.0,"[1, 3, 4, 5, 7, 15, 16, 17, 26, 27, 28]",rachel 's tree had number0 apples initially . she picked some apples and now there are number1 apples left on the tree .,how many apples did rachel pick ?
rachel picked number0 ripe apples from her tree . now the tree has number1 apples still on it . if number2 of those are ripe and the rest are unripe how many unripe apples does the tree have now ?,7 5 3,- number1 number2,2.0,"[1, 2, 3, 4, 36, 37, 38, 12, 13, 14, 18, 19, 20, 21]",rachel picked number0 ripe apples from her tree . now the tree has number1 apples still on it . if number2 of those are ripe and the rest are unripe,how many unripe apples does the tree have now ?
rachel picked number0 ripe apples from her tree . now the tree has number1 apples still on it . if number2 of those are ripe and the rest are unripe how many ripe apples did the tree have to begin with ?,2 7 6,+ number0 number2,8.0,"[1, 2, 3, 4, 38, 39, 40, 12, 13, 14, 19, 20, 21]",rachel picked number0 ripe apples from her tree . now the tree has number1 apples still on it . if number2 of those are ripe and the rest are unripe,how many ripe apples did the tree have to begin with ?
rachel picked number0 ripe apples from her tree . now the tree has number1 ripe apples and number2 unripe apples . how many apples did the tree have to begin with ?,6 2 4,+ + number0 number1 number2,12.0,"[1, 2, 3, 4, 5, 8, 9, 12, 13, 14, 15, 16, 17, 18, 19, 28, 29, 30]",rachel picked number0 ripe apples from her tree . now the tree has number1 ripe apples and number2 unripe apples .,how many apples did the tree have to begin with ?
rachel picked number0 ripe apples from her tree . now the tree has number1 ripe apples and number2 unripe apples . how many ripe apples did the tree have to begin with ?,3 2 27,+ number0 number1,5.0,"[1, 2, 3, 4, 5, 7, 9, 12, 13, 14, 15, 16, 17, 18, 19, 29, 30, 31]",rachel picked number0 ripe apples from her tree . now the tree has number1 ripe apples and number2 unripe apples .,how many ripe apples did the tree have to begin with ?
rachel picked number0 apples from her tree . thereafter number1 new apples grew on the tree . now the tree has number2 apples still on it . how many apples did the tree have to begin with ?,7 2 6,+ - number2 number1 number0,11.0,"[1, 2, 3, 4, 34, 35, 36, 8, 9, 10, 11, 20, 21, 22]",rachel picked number0 apples from her tree . thereafter number1 new apples grew on the tree . now the tree has number2 apples still on it .,how many apples did the tree have to begin with ?
rachel 's tree had number0 apples . she picked number1 apples from her tree . thereafter number2 new apples grew on the tree . how many apples are there on the tree now ?,2 4 3,+ - number0 number1 number2,1.0,"[32, 1, 2, 3, 4, 5, 8, 9, 10, 15, 16, 17, 18, 30, 31]",rachel 's tree had number0 apples . she picked number1 apples from her tree . thereafter number2 new apples grew on the tree .,how many apples are there on the tree now ?
rachel has number0 apples trees . she picked number1 apples from number2 of her trees . now the tree has number3 apples still on it . how many apples did the tree have to begin with ?,52 2 1 7,+ number1 number3,9.0,"[1, 2, 3, 4, 33, 34, 7, 8, 9, 10, 11, 12, 35, 19, 20, 21]",rachel has number0 apples trees . she picked number1 apples from number2 of her trees . now the tree has number3 apples still on it .,how many apples did the tree have to begin with ?
rachel has number0 apples trees . she picked number1 apples from each of her trees . now the trees have a total number2 apples still on them . how many apples were there on all trees initially ?,3 8 9,+ * number0 number1 number2,33.0,"[1, 2, 3, 4, 5, 34, 7, 8, 9, 35, 11, 36, 21, 22, 23]",rachel has number0 apples trees . she picked number1 apples from each of her trees . now the trees have a total number2 apples still on them .,how many apples were there on all trees initially ?
rachel has number0 apples trees . she picked number1 apples from each of her trees . now the trees have a total number2 apples still on them . how many apples did rachel pick in all ?,4 7 29,* number0 number1,28.0,"[1, 2, 3, 4, 5, 33, 7, 8, 9, 34, 11, 35, 21, 22, 23]",rachel has number0 apples trees . she picked number1 apples from each of her trees . now the trees have a total number2 apples still on them .,how many apples did rachel pick in all ?
there were number0 parents in the program and number1 people in total . how many pupils were present in the program ?,22 676,- number1 number0,654.0,"[1, 2, 3, 7, 8, 9, 18, 19, 20]",there were number0 parents in the program and number1 people in total .,how many pupils were present in the program ?
there were number0 parents number1 pupils and number2 teachers in the program . how many people were present in the program ?,73 724 744,+ + number0 number1 number2,1541.0,"[1, 2, 3, 4, 5, 6, 7, 8, 18, 19, 20]",there were number0 parents number1 pupils and number2 teachers in the program .,how many people were present in the program ?
there were number0 parents in the program and number1 pupils too . how many more pupils were present compared to parents in the program ?,174 521,- number1 number0,347.0,"[1, 2, 3, 7, 8, 9, 21, 22, 23]",there were number0 parents in the program and number1 pupils too .,how many more pupils were present compared to parents in the program ?
there were number0 parents in the program and number1 pupils too . the program could seat number2 people how many people were present in the program ?,61 177 44,+ number0 number1,238.0,"[1, 2, 3, 7, 8, 9, 10, 15, 16, 17, 23, 24, 25]",there were number0 parents in the program and number1 pupils too . the program could seat number2 people,how many people were present in the program ?
bobby ate some pieces of candy . then he ate number0 more . if he ate a total of number1 pieces of candy how many pieces of candy had he eaten at the start ?,25 43,- number1 number0,18.0,"[32, 1, 2, 33, 9, 10, 11, 17, 18, 19, 20, 31]",bobby ate some pieces of candy . then he ate number0 more . if he ate a total of number1 pieces of candy,how many pieces of candy had he eaten at the start ?
bobby ate number0 pieces of candy . then he ate number1 more . he also ate number2 pieces of chocolate . how many pieces of candy did bobby eat ?,28 42 63,+ number0 number1,70.0,"[1, 2, 3, 7, 9, 10, 11, 15, 16, 17, 26, 27, 28]",bobby ate number0 pieces of candy . then he ate number1 more . he also ate number2 pieces of chocolate .,how many pieces of candy did bobby eat ?
bobby ate number0 pieces of candy . then he ate number1 more . he also ate number2 pieces of chocolate . how many pieces of candy and chocolate did bobby eat altogether ?,33 4 14,+ + number0 number1 number2,51.0,"[1, 2, 3, 9, 10, 11, 15, 16, 17, 29, 30, 31]",bobby ate number0 pieces of candy . then he ate number1 more . he also ate number2 pieces of chocolate .,how many pieces of candy and chocolate did bobby eat altogether ?
bobby ate number0 pieces of candy . then he ate number1 more . he also ate number2 pieces of chocolate . how many more pieces of candy than chocolate did bobby eat ?,38 36 16,- + number0 number1 number2,58.0,"[1, 2, 3, 9, 10, 11, 15, 16, 17, 29, 30, 31]",bobby ate number0 pieces of candy . then he ate number1 more . he also ate number2 pieces of chocolate .,how many more pieces of candy than chocolate did bobby eat ?
bobby had number0 pieces of candy . he ate number1 pieces of candy . then he ate number2 more . how many pieces of candy did bobby eat ?,20 34 18,+ number1 number2,52.0,"[1, 2, 3, 7, 8, 9, 10, 16, 17, 18, 25, 26, 27]",bobby had number0 pieces of candy . he ate number1 pieces of candy . then he ate number2 more .,how many pieces of candy did bobby eat ?
bobby had number0 pieces of candy . he ate number1 pieces of candy . then he ate number2 more . how many pieces of candy does he still have left ?,21 5 9,- number0 + number1 number2,7.0,"[1, 2, 3, 8, 9, 10, 16, 17, 18, 27, 28, 29]",bobby had number0 pieces of candy . he ate number1 pieces of candy . then he ate number2 more .,how many pieces of candy does he still have left ?
bobby had number0 pieces of candy . he ate some pieces of candy . then he ate number1 more . if he still has number2 pieces of candy left how many pieces of candy had he eaten at the start ?,22 5 8,- - number0 number1 number2,9.0,"[1, 2, 3, 37, 38, 39, 8, 10, 16, 17, 18, 23, 24, 25]",bobby had number0 pieces of candy . he ate some pieces of candy . then he ate number1 more . if he still has number2 pieces of candy left,how many pieces of candy had he eaten at the start ?
bobby had number0 pieces of candy . he ate number1 pieces of candy . how many pieces of candy does he still have left ?,19 2,- number0 number1,17.0,"[1, 2, 3, 8, 9, 10, 21, 22, 23]",bobby had number0 pieces of candy . he ate number1 pieces of candy .,how many pieces of candy does he still have left ?
bobby had number0 pieces of candy . he ate some pieces of candy . if he has number1 pieces of candy left how many pieces of candy did bobby eat ?,32 20,- number0 number1,12.0,"[1, 2, 3, 7, 9, 16, 17, 18, 27, 28, 29]",bobby had number0 pieces of candy . he ate some pieces of candy . if he has number1 pieces of candy left,how many pieces of candy did bobby eat ?
bobby ate number0 pieces of candy . then he ate number1 more . if he initially had number2 pieces of candy how many pieces of candy does he still have left ?,17 15 36,- number2 + number0 number1,4.0,"[1, 2, 3, 9, 10, 11, 16, 17, 18, 28, 29, 30]",bobby ate number0 pieces of candy . then he ate number1 more . if he initially had number2 pieces of candy,how many pieces of candy does he still have left ?
bobby ate number0 pieces of candy . if he initially had number1 pieces of candy how many pieces of candy does he still have left ?,23 30,- number1 number0,7.0,"[1, 2, 3, 9, 10, 11, 12, 17, 22, 23, 24]",bobby ate number0 pieces of candy . if he initially had number1 pieces of candy,how many pieces of candy does he still have left ?
edward had $ number0 . he spent $ number1 . how much money does edward have now ?,18 16,- number0 number1,2.0,"[1, 2, 3, 6, 7, 8, 14, 15, 16]",edward had $ number0 . he spent $ number1 .,how much money does edward have now ?
edward had $ number0 . he spent some money . now he has $ number1 . how much money did edward spend ?,13 3,- number0 number1,10.0,"[1, 2, 3, 13, 14, 19, 20, 21]",edward had $ number0 . he spent some money . now he has $ number1 .,how much money did edward spend ?
edward spent $ number0 . then he spent $ number1 more . now he has $ number2 . how much did edward have before he spent his money ?,9 8 17,+ + number0 number1 number2,34.0,"[1, 2, 3, 7, 8, 9, 10, 15, 16, 25, 26, 27]",edward spent $ number0 . then he spent $ number1 more . now he has $ number2 .,how much did edward have before he spent his money ?
edward spent $ number0 to buy number1 books each book costing him the same amount of money . now he has $ number2 . how much did edward have before he spent his money ?,16 92 6,+ number0 number2,22.0,"[32, 1, 2, 3, 4, 5, 6, 7, 8, 33, 21, 22, 31]",edward spent $ number0 to buy number1 books each book costing him the same amount of money . now he has $ number2 .,how much did edward have before he spent his money ?
edward spent $ number0 to buy number1 books each book costing him the same amount of money . now he has $ number2 . how much did each book cost ?,6 2 12,/ number0 number1,3.0,"[1, 2, 3, 4, 5, 6, 7, 8, 21, 22, 27, 28, 29]",edward spent $ number0 to buy number1 books each book costing him the same amount of money . now he has $ number2 .,how much did each book cost ?
edward spent $ number0 to buy books and $ number1 to buy pens . now he has $ number2 . how much did edward have before he spent his money ?,6 16 19,+ + number0 number1 number2,41.0,"[1, 2, 3, 4, 8, 9, 10, 17, 18, 27, 28, 29]",edward spent $ number0 to buy books and $ number1 to buy pens . now he has $ number2 .,how much did edward have before he spent his money ?
edward spent $ number0 to buy books and $ number1 to buy pens . now he has $ number2 . how much did edward spend on books and pens ?,4 3 12,+ number0 number1,7.0,"[1, 2, 3, 4, 8, 9, 10, 17, 18, 26, 27, 28]",edward spent $ number0 to buy books and $ number1 to buy pens . now he has $ number2 .,how much did edward spend on books and pens ?
edward spent $ number0 to buy books and $ number1 to buy pens . now he has $ number2 . how much more did edward spend on books than pens ?,16 8 19,- number0 number1,8.0,"[1, 2, 3, 4, 8, 9, 10, 17, 18, 27, 28, 29]",edward spent $ number0 to buy books and $ number1 to buy pens . now he has $ number2 .,how much more did edward spend on books than pens ?
edward spent $ number0 . then he received $ number1 from his friend . now he has $ number2 . how much did edward have before he spent his money ?,17 10 7,+ - number2 number1 number0,14.0,"[1, 2, 3, 7, 8, 9, 10, 17, 18, 27, 28, 29]",edward spent $ number0 . then he received $ number1 from his friend . now he has $ number2 .,how much did edward have before he spent his money ?
in a school there are number0 girls and number1 boys . how many more girls than boys does the school have ?,569 236,- number0 number1,333.0,"[1, 2, 4, 5, 6, 7, 8, 9, 18, 19, 20]",in a school there are number0 girls and number1 boys .,how many more girls than boys does the school have ?
in a school there are number0 girls and number1 boys . how many more boys than girls does the school have ?,34 841,- number1 number0,807.0,"[1, 2, 4, 5, 6, 7, 8, 9, 18, 19, 20]",in a school there are number0 girls and number1 boys .,how many more boys than girls does the school have ?
a school has number0 pupils . there are number1 girls and the rest are boys . how many boys are there in that school ?,485 232,- number0 number1,253.0,"[1, 2, 3, 4, 7, 8, 9, 21, 22, 23]",a school has number0 pupils . there are number1 girls and the rest are boys .,how many boys are there in that school ?
in a school there are number0 girls and the rest are boys . if there are number1 more girls than boys how many boys are there in that school ?,697 228,- number0 number1,469.0,"[2, 4, 5, 6, 15, 16, 17, 18, 26, 27, 28]",in a school there are number0 girls and the rest are boys . if there are number1 more girls than boys,how many boys are there in that school ?
in a school there are number0 girls and the rest are boys . if there are number1 more boys than girls how many boys are there in that school ?,635 510,+ number0 number1,1145.0,"[2, 4, 5, 6, 9, 12, 15, 16, 17, 18, 26, 27, 28]",in a school there are number0 girls and the rest are boys . if there are number1 more boys than girls,how many boys are there in that school ?
in a school there are number0 girls and the rest are boys . if there are number1 more girls than boys how many pupils are there in that school ?,868 281,- + number0 number0 number1,1455.0,"[2, 4, 5, 6, 15, 16, 17, 18, 26, 27, 28]",in a school there are number0 girls and the rest are boys . if there are number1 more girls than boys,how many pupils are there in that school ?
in a school there are number0 girls and the rest are boys . if there are number1 more boys than girls how many pupils are there in that school ?,700 142,+ + number0 number0 number1,1542.0,"[2, 4, 5, 6, 15, 16, 17, 18, 26, 27, 28]",in a school there are number0 girls and the rest are boys . if there are number1 more boys than girls,how many pupils are there in that school ?
in a school there are number0 girls and number1 boys . number2 more girls joined the school . how many pupils are there in the school now ?,706 222 418,+ + number0 number1 number2,1346.0,"[4, 5, 6, 7, 8, 9, 11, 12, 13, 14, 24, 25, 26]",in a school there are number0 girls and number1 boys . number2 more girls joined the school .,how many pupils are there in the school now ?
in a school there are number0 girls and number1 boys . number2 more girls joined the school . how many girls are there in the school now ?,902 811 44,+ number0 number2,946.0,"[1, 3, 4, 5, 6, 7, 8, 9, 11, 12, 13, 24, 25, 26]",in a school there are number0 girls and number1 boys . number2 more girls joined the school .,how many girls are there in the school now ?
in a school there are number0 girls and number1 boys . number2 more girls joined the school . how many more girls than boys does the school have ?,632 410 465,- + number0 number2 number1,687.0,"[1, 2, 3, 4, 5, 6, 7, 8, 9, 11, 12, 13, 25, 26, 27]",in a school there are number0 girls and number1 boys . number2 more girls joined the school .,how many more girls than boys does the school have ?
in a school there are number0 girls and number1 boys . number2 more girls and number3 more boys joined the school . how many girls are there in the school now ?,732 761 682 8,+ number0 number2,1414.0,"[1, 4, 5, 6, 7, 8, 9, 11, 12, 13, 14, 15, 16, 17, 18, 28, 29, 30]",in a school there are number0 girls and number1 boys . number2 more girls and number3 more boys joined the school .,how many girls are there in the school now ?
in a school there are number0 girls and number1 boys . number2 more girls and number3 more boys joined the school . how many boys are there in the school now ?,135 214 496 910,+ number1 number3,1124.0,"[1, 4, 5, 6, 7, 8, 9, 11, 12, 13, 14, 15, 16, 17, 18, 28, 29, 30]",in a school there are number0 girls and number1 boys . number2 more girls and number3 more boys joined the school .,how many boys are there in the school now ?
in a school there are number0 girls and number1 boys . there are also number2 teachers how many pupils are there in that school ?,308 318 36,+ number0 number1,626.0,"[1, 4, 5, 6, 7, 8, 9, 13, 14, 15, 21, 22, 23]",in a school there are number0 girls and number1 boys . there are also number2 teachers,how many pupils are there in that school ?
in a school there are number0 girls and number1 boys . there are also number2 teachers how many people are there in that school ?,315 309 772,+ + number0 number1 number2,1396.0,"[1, 4, 5, 6, 7, 8, 9, 13, 14, 15, 21, 22, 23]",in a school there are number0 girls and number1 boys . there are also number2 teachers,how many people are there in that school ?
in a school there are there are number0 more girls than boys . if there are number1 girls how many boys are there in that school ?,402 739,- number1 number0,337.0,"[2, 6, 7, 8, 9, 15, 16, 17, 23, 24, 25]",in a school there are there are number0 more girls than boys . if there are number1 girls,how many boys are there in that school ?
in a school there are there are number0 more girls than boys . if there are number1 girls how many pupils are there in that school ?,458 692,- + number1 number1 number0,926.0,"[2, 6, 7, 8, 9, 15, 16, 17, 23, 24, 25]",in a school there are there are number0 more girls than boys . if there are number1 girls,how many pupils are there in that school ?
in a school there are number0 boys and number1 girls . number2 more girls joined the school . how many more girls than boys does the school have ?,362 257 403,- + number1 number2 number0,298.0,"[1, 2, 3, 4, 5, 6, 7, 8, 9, 11, 12, 13, 25, 26, 27]",in a school there are number0 boys and number1 girls . number2 more girls joined the school .,how many more girls than boys does the school have ?
because of the decision sofia asked the students to suggest specific types of food . if number0 students suggested adding mashed potatoes while number1 suggested adding bacon to the menu how many more students suggested mashed potatoes than those that suggested bacon ?,408 42,- number0 number1,366.0,"[32, 34, 5, 39, 40, 41, 15, 16, 17, 18, 22, 23, 24, 31]",because of the decision sofia asked the students to suggest specific types of food . if number0 students suggested adding mashed potatoes while number1 suggested adding bacon to the menu,how many more students suggested mashed potatoes than those that suggested bacon ?
because of the decision sofia asked the students to suggest specific types of food . if number0 students suggested adding mashed potatoes while number1 suggested adding bacon to the menu how many more students suggested bacon than those that suggested mashed potatoes ?,479 489,- number1 number0,10.0,"[32, 34, 5, 39, 40, 41, 15, 16, 17, 18, 22, 23, 24, 31]",because of the decision sofia asked the students to suggest specific types of food . if number0 students suggested adding mashed potatoes while number1 suggested adding bacon to the menu,how many more students suggested bacon than those that suggested mashed potatoes ?
because of the decision sofia asked number0 students to suggest specific types of food . number1 students suggested adding mashed potatoes while others suggested adding bacon to the menu . how many students suggested bacon ?,310 185,- number0 number1,125.0,"[32, 1, 33, 3, 34, 5, 6, 7, 15, 16, 17]",because of the decision sofia asked number0 students to suggest specific types of food . number1 students suggested adding mashed potatoes while others suggested adding bacon to the menu .,how many students suggested bacon ?
because of the decision sofia asked number0 students to suggest specific types of food . number1 students suggested adding bacon while others suggested adding mashed potatoes to the menu . how many students suggested mashed potatoes ?,288 264,- number0 number1,24.0,"[1, 33, 3, 34, 5, 6, 7, 35, 15, 16, 17]",because of the decision sofia asked number0 students to suggest specific types of food . number1 students suggested adding bacon while others suggested adding mashed potatoes to the menu .,how many students suggested mashed potatoes ?
because of the decision sofia asked the students to suggest specific types of food . number0 students suggested adding mashed potatoes while others suggested adding bacon to the menu . if number1 more students suggested adding mashed potatoes than those that suggested bacon how many students suggested bacon ?,457 63,- number0 number1,394.0,"[32, 33, 2, 4, 5, 45, 14, 15, 16, 17, 46, 47, 30, 31]",because of the decision sofia asked the students to suggest specific types of food . number0 students suggested adding mashed potatoes while others suggested adding bacon to the menu . if number1 more students suggested adding mashed potatoes than those that suggested bacon,how many students suggested bacon ?
because of the decision sofia asked the students to suggest specific types of food . number0 students suggested adding mashed potatoes while others suggested adding bacon to the menu . if number1 more students suggested adding bacon than those that suggested mashed potatoes how many students suggested bacon ?,182 166,+ number0 number1,348.0,"[32, 33, 34, 5, 44, 45, 46, 15, 16, 17, 47, 30, 31]",because of the decision sofia asked the students to suggest specific types of food . number0 students suggested adding mashed potatoes while others suggested adding bacon to the menu . if number1 more students suggested adding bacon than those that suggested mashed potatoes,how many students suggested bacon ?
because of the decision sofia asked the students to suggest specific types of food . if number0 students suggested adding mashed potatoes number1 suggested adding bacon to the menu and number2 suggested adding tomatoes how many students participated in the suggestion of new food items ?,324 374 128,+ + number0 number1 number2,826.0,"[32, 33, 35, 5, 37, 42, 43, 44, 15, 16, 17, 18, 19, 20, 21, 22, 23, 29, 30, 31]",because of the decision sofia asked the students to suggest specific types of food . if number0 students suggested adding mashed potatoes number1 suggested adding bacon to the menu and number2 suggested adding tomatoes,how many students participated in the suggestion of new food items ?
because of the decision sofia asked the students to suggest specific types of food . if number0 students suggested adding mashed potatoes number1 suggested adding bacon to the menu and number2 suggested adding tomatoes how many more students suggested mashed potatoes than those that suggested bacon ?,257 120 97,- number0 number1,137.0,"[5, 15, 16, 17, 18, 19, 20, 21, 22, 23, 29, 30, 31, 32, 33, 35, 36, 38, 39, 43, 44, 45]",because of the decision sofia asked the students to suggest specific types of food . if number0 students suggested adding mashed potatoes number1 suggested adding bacon to the menu and number2 suggested adding tomatoes,how many more students suggested mashed potatoes than those that suggested bacon ?
because of the decision sofia asked the students to suggest specific types of food . if number0 students suggested adding mashed potatoes number1 suggested adding bacon to the menu and number2 suggested adding tomatoes how many more students suggested mashed potatoes than those that suggested tomatoes ?,144 467 79,- number0 number2,65.0,"[5, 15, 16, 17, 18, 19, 20, 21, 22, 23, 29, 30, 31, 32, 33, 35, 36, 38, 39, 43, 44, 45]",because of the decision sofia asked the students to suggest specific types of food . if number0 students suggested adding mashed potatoes number1 suggested adding bacon to the menu and number2 suggested adding tomatoes,how many more students suggested mashed potatoes than those that suggested tomatoes ?
because of the decision sofia asked the students to suggest specific types of food . if number0 students suggested adding mashed potatoes number1 suggested adding bacon to the menu and number2 suggested adding tomatoes how many more students suggested bacon than those that suggested tomatoes ?,228 337 23,- number1 number2,314.0,"[5, 15, 16, 17, 18, 19, 20, 21, 22, 23, 29, 30, 31, 32, 33, 35, 36, 38, 42, 43, 44]",because of the decision sofia asked the students to suggest specific types of food . if number0 students suggested adding mashed potatoes number1 suggested adding bacon to the menu and number2 suggested adding tomatoes,how many more students suggested bacon than those that suggested tomatoes ?
because of the decision sofia asked the students to suggest specific types of food from a total of number0 choices . if number1 students suggested adding mashed potatoes number2 suggested adding bacon to the menu and the rest did not participate how many students participated in the suggestion of new food items ?,66 450 38,+ number1 number2,488.0,"[51, 5, 42, 44, 50, 17, 18, 19, 49, 21, 22, 23, 24, 25, 26, 27, 28, 29]",because of the decision sofia asked the students to suggest specific types of food from a total of number0 choices . if number1 students suggested adding mashed potatoes number2 suggested adding bacon to the menu and the rest did not participate,how many students participated in the suggestion of new food items ?
because of the decision sofia asked the students to suggest specific types of food . if number0 students suggested adding mashed potatoes as well as bacon while number1 suggested adding only bacon to the menu how many students suggested adding bacon ?,218 351,+ number0 number1,569.0,"[36, 5, 38, 39, 40, 15, 16, 17, 18, 26, 27, 28]",because of the decision sofia asked the students to suggest specific types of food . if number0 students suggested adding mashed potatoes as well as bacon while number1 suggested adding only bacon to the menu,how many students suggested adding bacon ?
because of the decision sofia asked the students to suggest specific types of food . if number0 students suggested adding bacon number1 suggested adding mashed potatoes to the menu and number2 suggested adding tomatoes how many more students suggested mashed potatoes than those that suggested bacon ?,269 330 76,- number1 number0,61.0,"[5, 15, 16, 17, 18, 19, 20, 21, 22, 23, 29, 30, 31, 32, 33, 35, 36, 38, 43, 44, 45]",because of the decision sofia asked the students to suggest specific types of food . if number0 students suggested adding bacon number1 suggested adding mashed potatoes to the menu and number2 suggested adding tomatoes,how many more students suggested mashed potatoes than those that suggested bacon ?
there were number0 people on the bus . at the next stop number1 more people got on the bus . each bus can not have more than number2 people . how many people are there on the bus now ?,12 4 36,+ number0 number1,16.0,"[1, 2, 3, 4, 36, 37, 38, 11, 12, 13, 15, 20, 26, 27, 28]",there were number0 people on the bus . at the next stop number1 more people got on the bus . each bus can not have more than number2 people .,how many people are there on the bus now ?
there were number0 people on the bus . at the next stop number1 more people got on the bus and number2 people got off . how many people are there on the bus now ?,8 12 3,- + number0 number1 number2,17.0,"[32, 1, 2, 3, 4, 33, 11, 12, 13, 15, 19, 20, 21, 22, 31]",there were number0 people on the bus . at the next stop number1 more people got on the bus and number2 people got off .,how many people are there on the bus now ?
at the stop number0 more people got on the bus . initially there were number1 people on the bus . how many people are there on the bus now ?,13 4,+ number1 number0,17.0,"[1, 2, 3, 4, 6, 13, 14, 15, 26, 27, 28]",at the stop number0 more people got on the bus . initially there were number1 people on the bus .,how many people are there on the bus now ?
at the stop number0 more people got on the train . initially there were number1 people on the train . how many people are there on the train now ?,8 11,+ number1 number0,19.0,"[1, 2, 3, 4, 6, 13, 14, 15, 26, 27, 28]",at the stop number0 more people got on the train . initially there were number1 people on the train .,how many people are there on the train now ?
rachel had to complete number0 pages of math homework and number1 pages of reading homework . how many more pages of math homework than reading homework did she have ?,5 2,- number0 number1,3.0,"[1, 2, 3, 4, 5, 9, 10, 11, 12, 26, 27, 28]",rachel had to complete number0 pages of math homework and number1 pages of reading homework .,how many more pages of math homework than reading homework did she have ?
rachel had to complete number0 pages of math homework and number1 pages of reading homework . how many more pages of reading homework than math homework did she have ?,3 4,- number1 number0,1.0,"[1, 2, 3, 4, 5, 9, 10, 11, 12, 26, 27, 28]",rachel had to complete number0 pages of math homework and number1 pages of reading homework .,how many more pages of reading homework than math homework did she have ?
rachel had to complete number0 pages of math homework and yet more pages of reading homework . if she had to complete a total of number1 pages of homework how many pages of reading homework did she have to complete ?,5 7,- number1 number0,2.0,"[3, 4, 5, 37, 38, 39, 11, 13, 24, 25, 26]",rachel had to complete number0 pages of math homework and yet more pages of reading homework . if she had to complete a total of number1 pages of homework,how many pages of reading homework did she have to complete ?
rachel had to complete number0 pages of math homework . if she had to complete number1 more pages of math homework than reading homework how many pages of reading homework did she have to complete ?,7 4,- number0 number1,3.0,"[32, 33, 34, 3, 4, 5, 6, 12, 14, 15, 16, 17]",rachel had to complete number0 pages of math homework . if she had to complete number1 more pages of math homework than reading homework,how many pages of reading homework did she have to complete ?
rachel had to complete number0 pages of math homework . if she had to complete number1 more pages of math homework than reading homework how many pages did she have to complete in all ?,8 3,- + number0 number0 number1,13.0,"[32, 33, 3, 4, 5, 6, 14, 15, 16, 17, 21, 31]",rachel had to complete number0 pages of math homework . if she had to complete number1 more pages of math homework than reading homework,how many pages did she have to complete in all ?
rachel had to complete number0 pages of math homework . if she had to complete number1 more pages of reading homework than math homework how many pages of reading homework did she have to complete ?,8 6,+ number0 number1,14.0,"[32, 33, 34, 3, 4, 5, 6, 14, 15, 16, 17, 22]",rachel had to complete number0 pages of math homework . if she had to complete number1 more pages of reading homework than math homework,how many pages of reading homework did she have to complete ?
rachel had to complete number0 pages of math homework . if she had to complete number1 more pages of reading homework than math homework how many pages did she have to complete in all ?,10 3,+ + number0 number0 number1,23.0,"[32, 33, 3, 4, 5, 6, 14, 15, 16, 17, 21, 31]",rachel had to complete number0 pages of math homework . if she had to complete number1 more pages of reading homework than math homework,how many pages did she have to complete in all ?
rachel had to complete number0 pages of math homework number1 pages of reading homework and number2 more pages of biology homework . how many pages did she have to complete in all ?,2 3 10,+ + number0 number1 number2,15.0,"[1, 3, 4, 5, 7, 8, 9, 10, 14, 15, 16, 17, 29, 30, 31]",rachel had to complete number0 pages of math homework number1 pages of reading homework and number2 more pages of biology homework .,how many pages did she have to complete in all ?
rachel had to complete number0 pages of math homework number1 pages of reading homework and number2 more pages of biology homework . how many more pages of math homework than reading homework did she have ?,9 2 96,- number0 number1,7.0,"[32, 1, 2, 3, 4, 5, 33, 34, 8, 9, 10, 12, 14, 15, 16, 17]",rachel had to complete number0 pages of math homework number1 pages of reading homework and number2 more pages of biology homework .,how many more pages of math homework than reading homework did she have ?
rachel had to complete number0 pages of math homework number1 pages of reading homework and number2 more pages of biology homework . how many more pages of math homework than biology homework did she have ?,11 2 3,- number0 number2,8.0,"[32, 1, 2, 3, 4, 5, 33, 34, 8, 9, 10, 12, 14, 15, 16, 17]",rachel had to complete number0 pages of math homework number1 pages of reading homework and number2 more pages of biology homework .,how many more pages of math homework than biology homework did she have ?
rachel had to complete number0 pages of math homework number1 pages of reading homework and number2 more pages of biology homework . how many more pages of reading homework than biology homework did she have ?,7 11 8,- number1 number2,3.0,"[32, 1, 2, 3, 4, 5, 33, 34, 8, 9, 10, 12, 14, 15, 16, 17]",rachel had to complete number0 pages of math homework number1 pages of reading homework and number2 more pages of biology homework .,how many more pages of reading homework than biology homework did she have ?
rachel had to complete number0 pages of math homework number1 pages of reading homework and number2 more pages of biology homework . how many pages of math and reading homework did she have to complete ?,9 11 29,+ number0 number1,20.0,"[32, 1, 33, 3, 4, 5, 34, 8, 9, 10, 14, 15, 16, 17]",rachel had to complete number0 pages of math homework number1 pages of reading homework and number2 more pages of biology homework .,how many pages of math and reading homework did she have to complete ?
rachel had to complete number0 pages of math homework number1 pages of reading homework and number2 more pages of biology homework . how many pages of math and biology homework did she have to complete ?,8 7 3,+ number0 number2,11.0,"[32, 1, 33, 3, 4, 5, 34, 8, 9, 10, 14, 15, 16, 17]",rachel had to complete number0 pages of math homework number1 pages of reading homework and number2 more pages of biology homework .,how many pages of math and biology homework did she have to complete ?
rachel had to complete number0 pages of math homework number1 pages of reading homework and number2 more pages of biology homework . how many pages of reading and biology homework did she have to complete ?,5 10 6,+ number1 number2,16.0,"[32, 1, 33, 3, 4, 5, 34, 8, 9, 10, 14, 15, 16, 17]",rachel had to complete number0 pages of math homework number1 pages of reading homework and number2 more pages of biology homework .,how many pages of reading and biology homework did she have to complete ?
rachel had to complete number0 pages of reading homework and number1 pages of math homework . how many more pages of math homework than reading homework did she have ?,2 4,- number1 number0,2.0,"[1, 2, 3, 4, 5, 9, 10, 11, 12, 26, 27, 28]",rachel had to complete number0 pages of reading homework and number1 pages of math homework .,how many more pages of math homework than reading homework did she have ?
rachel had to complete number0 pages of reading homework number1 pages of math homework and number2 more pages of biology homework . how many more pages of math homework than reading homework did she have ?,4 7 19,- number1 number0,3.0,"[32, 1, 2, 3, 4, 5, 33, 7, 8, 9, 10, 34, 12, 14, 15, 16, 17]",rachel had to complete number0 pages of reading homework number1 pages of math homework and number2 more pages of biology homework .,how many more pages of math homework than reading homework did she have ?
zachary did number0 push-ups in gym class today . david did number1 more push-ups than zachary . how many push-ups did zachary and david do altogether ?,44 58,+ + number0 number0 number1,146.0,"[1, 2, 3, 7, 10, 11, 12, 13, 23, 24, 25]",zachary did number0 push-ups in gym class today . david did number1 more push-ups than zachary .,how many push-ups did zachary and david do altogether ?
zachary did number0 push-ups and david did number1 push-ups in gym class today . how many more push-ups did zachary do than david ?,51 44,- number0 number1,7.0,"[1, 2, 3, 6, 7, 8, 20, 21, 22]",zachary did number0 push-ups and david did number1 push-ups in gym class today .,how many more push-ups did zachary do than david ?
david did number0 push-ups in gym class today . david did number1 more push-ups than zachary . how many push-ups did zachary do ?,44 9,- number0 number1,35.0,"[1, 2, 3, 5, 10, 11, 12, 13, 20, 21, 22]",david did number0 push-ups in gym class today . david did number1 more push-ups than zachary .,how many push-ups did zachary do ?
david did number0 push-ups in gym class today . david did number1 more push-ups than zachary . how many push-ups did zachary and david do altogether ?,51 49,- + number0 number0 number1,53.0,"[1, 2, 3, 7, 10, 11, 12, 13, 23, 24, 25]",david did number0 push-ups in gym class today . david did number1 more push-ups than zachary .,how many push-ups did zachary and david do altogether ?
zachary did number0 push-ups and number1 crunches in gym class today . david did number2 more push-ups but number3 less crunches than zachary . how many push-ups did david do ?,59 44 19 27,+ number0 number2,78.0,"[1, 2, 3, 4, 5, 6, 7, 13, 14, 15, 16, 17, 18, 19, 20, 27, 28, 29]",zachary did number0 push-ups and number1 crunches in gym class today . david did number2 more push-ups but number3 less crunches than zachary .,how many push-ups did david do ?
zachary did number0 push-ups and number1 crunches in gym class today . david did number2 more push-ups but number3 less crunches than zachary . how many crunches did david do ?,44 17 29 13,- number1 number3,4.0,"[1, 2, 3, 4, 5, 6, 7, 13, 14, 15, 16, 17, 18, 19, 20, 27, 28, 29]",zachary did number0 push-ups and number1 crunches in gym class today . david did number2 more push-ups but number3 less crunches than zachary .,how many crunches did david do ?
zachary did number0 push-ups and number1 crunches in gym class today . david did number2 more push-ups but number3 less crunches than zachary . how many push-ups and crunches did zachary do ?,53 14 17 10,+ number0 number1,67.0,"[1, 2, 3, 4, 5, 6, 7, 13, 14, 15, 16, 17, 18, 19, 20, 29, 30, 31]",zachary did number0 push-ups and number1 crunches in gym class today . david did number2 more push-ups but number3 less crunches than zachary .,how many push-ups and crunches did zachary do ?
zachary did number0 push-ups and number1 crunches in gym class today . david did number2 more push-ups but number3 less crunches than zachary . how many more push-ups than crunches did zachary do ?,35 3 58 87,- number0 number1,32.0,"[32, 1, 2, 3, 4, 5, 6, 7, 8, 13, 14, 15, 16, 17, 18, 19, 20, 30, 31]",zachary did number0 push-ups and number1 crunches in gym class today . david did number2 more push-ups but number3 less crunches than zachary .,how many more push-ups than crunches did zachary do ?
zachary did number0 push-ups and number1 crunches in gym class today . david did number2 more push-ups but number3 less crunches than zachary . how many more crunches than push-ups did zachary do ?,46 58 38 62,- number1 number0,12.0,"[32, 1, 2, 3, 4, 5, 6, 7, 8, 13, 14, 15, 16, 17, 18, 19, 20, 30, 31]",zachary did number0 push-ups and number1 crunches in gym class today . david did number2 more push-ups but number3 less crunches than zachary .,how many more crunches than push-ups did zachary do ?
zachary did number0 push-ups in gym class today . david did number1 more push-ups than zachary . john did number2 push-ups less than david . how many push-ups did david do ?,19 39 13,+ number0 number1,58.0,"[1, 2, 3, 5, 10, 11, 12, 13, 18, 19, 20, 28, 29, 30]",zachary did number0 push-ups in gym class today . david did number1 more push-ups than zachary . john did number2 push-ups less than david .,how many push-ups did david do ?
zachary did number0 push-ups in gym class today . david did number1 more push-ups than zachary . john did number2 push-ups less than david . how many push-ups did john do ?,51 22 4,- + number0 number1 number2,69.0,"[1, 2, 3, 5, 10, 11, 12, 13, 18, 19, 20, 28, 29, 30]",zachary did number0 push-ups in gym class today . david did number1 more push-ups than zachary . john did number2 push-ups less than david .,how many push-ups did john do ?
zachary did number0 push-ups in gym class today . david did number1 more push-ups than zachary . john did number2 push-ups less than david . how many more push-ups did zachary do than john ?,15 39 9,- number1 number2,30.0,"[32, 1, 2, 3, 33, 6, 10, 11, 12, 13, 18, 19, 20, 31]",zachary did number0 push-ups in gym class today . david did number1 more push-ups than zachary . john did number2 push-ups less than david .,how many more push-ups did zachary do than john ?
david did number0 more push-ups than zachary in gym class today . if david did number1 push-ups how many push-ups did zachary do ?,30 37,- number1 number0,7.0,"[1, 2, 3, 4, 6, 10, 14, 15, 16, 20, 21, 22]",david did number0 more push-ups than zachary in gym class today . if david did number1 push-ups,how many push-ups did zachary do ?
david did number0 more push-ups than zachary in gym class today . if david did number1 push-ups how many push-ups did zachary and david do altogether ?,56 38,- + number1 number1 number0,20.0,"[1, 2, 3, 4, 6, 12, 14, 15, 16, 23, 24, 25]",david did number0 more push-ups than zachary in gym class today . if david did number1 push-ups,how many push-ups did zachary and david do altogether ?
david did number0 more push-ups but number1 less crunches than zachary in gym class today . if zachary did number2 push-ups and number3 crunches how many crunches did david do ?,40 17 34 62,- number3 number1,45.0,"[1, 2, 3, 4, 5, 6, 7, 8, 9, 13, 18, 19, 20, 21, 22, 23, 27, 28, 29]",david did number0 more push-ups but number1 less crunches than zachary in gym class today . if zachary did number2 push-ups and number3 crunches,how many crunches did david do ?
david did number0 more push-ups but number1 less crunches than zachary in gym class today . if zachary did number2 push-ups and number3 crunches how many more push-ups than crunches did zachary do ?,36 33 58 33,- number2 number1,25.0,"[32, 1, 2, 3, 4, 5, 6, 7, 8, 9, 10, 16, 18, 19, 20, 21, 22, 23, 30, 31]",david did number0 more push-ups but number1 less crunches than zachary in gym class today . if zachary did number2 push-ups and number3 crunches,how many more push-ups than crunches did zachary do ?
david did number0 more push-ups but number1 less crunches than zachary in gym class today . if zachary did number2 push-ups and number3 crunches how many more crunches than push-ups did zachary do ?,27 7 5 17,- number3 number2,12.0,"[32, 1, 2, 3, 4, 5, 6, 7, 8, 9, 10, 16, 18, 19, 20, 21, 22, 23, 30, 31]",david did number0 more push-ups but number1 less crunches than zachary in gym class today . if zachary did number2 push-ups and number3 crunches,how many more crunches than push-ups did zachary do ?
julia played tag with number0 kids on monday . she played tag with number1 kids on tuesday . how many more kids did she play with on monday than on tuesday ?,18 10,- number0 number1,8.0,"[1, 2, 3, 4, 5, 6, 12, 13, 14, 28, 29, 30]",julia played tag with number0 kids on monday . she played tag with number1 kids on tuesday .,how many more kids did she play with on monday than on tuesday ?
julia played tag with number0 kids on monday . she played tag with number1 kids on tuesday . how many more kids did she play with on tuesday than on monday ?,11 12,- number1 number0,1.0,"[1, 2, 3, 4, 5, 6, 12, 13, 14, 28, 29, 30]",julia played tag with number0 kids on monday . she played tag with number1 kids on tuesday .,how many more kids did she play with on tuesday than on monday ?
julia played tag with number0 kids on monday . she played tag with some more kids on tuesday . if she played with a total of number1 kids how many kids did she play with on tuesday ?,5 15,- number1 number0,10.0,"[34, 3, 4, 5, 35, 36, 10, 14, 25, 26, 27]",julia played tag with number0 kids on monday . she played tag with some more kids on tuesday . if she played with a total of number1 kids,how many kids did she play with on tuesday ?
julia played tag with some kids on monday . she played tag with number0 kids on tuesday . if she played with a total of number1 kids how many kids did she play with on monday ?,14 16,- number1 number0,2.0,"[33, 34, 35, 10, 12, 13, 14, 24, 25, 26]",julia played tag with some kids on monday . she played tag with number0 kids on tuesday . if she played with a total of number1 kids,how many kids did she play with on monday ?
julia played tag with number0 kids on monday . if she played tag with number1 more kids on monday than on tuesday how many kids did she play with on tuesday ?,16 12,- number0 number1,4.0,"[3, 4, 5, 6, 13, 14, 15, 16, 18, 28, 29, 30]",julia played tag with number0 kids on monday . if she played tag with number1 more kids on monday than on tuesday,how many kids did she play with on tuesday ?
julia played tag with number0 kids on tuesday . if she played tag with number1 more kids on monday than on tuesday how many kids did she play with on monday ?,14 8,+ number0 number1,22.0,"[3, 4, 5, 6, 13, 14, 15, 16, 18, 28, 29, 30]",julia played tag with number0 kids on tuesday . if she played tag with number1 more kids on monday than on tuesday,how many kids did she play with on monday ?
julia played tag with number0 kids on monday number1 kids on tuesday and number2 kids on wednesday . how many kids did she play with altogether ?,17 15 2,+ + number0 number1 number2,34.0,"[1, 3, 4, 5, 7, 8, 9, 12, 13, 14, 23, 24, 25]",julia played tag with number0 kids on monday number1 kids on tuesday and number2 kids on wednesday .,how many kids did she play with altogether ?
julia played tag with number0 kids on monday number1 kids on tuesday and number2 kids on wednesday . how many kids did she play with on monday and tuesday ?,15 18 97,+ number0 number1,33.0,"[1, 3, 4, 5, 7, 8, 9, 12, 13, 14, 26, 27, 28]",julia played tag with number0 kids on monday number1 kids on tuesday and number2 kids on wednesday .,how many kids did she play with on monday and tuesday ?
julia played tag with number0 kids on monday number1 kids on tuesday and number2 kids on wednesday . how many kids did she play with on monday and wednesday ?,5 9 15,+ number0 number2,20.0,"[1, 3, 4, 5, 7, 8, 9, 12, 13, 14, 26, 27, 28]",julia played tag with number0 kids on monday number1 kids on tuesday and number2 kids on wednesday .,how many kids did she play with on monday and wednesday ?
julia played tag with number0 kids on monday number1 kids on tuesday and number2 kids on wednesday . how many kids did she play with on tuesday and wednesday ?,2 14 16,+ number1 number2,30.0,"[1, 3, 4, 5, 7, 8, 9, 12, 13, 14, 26, 27, 28]",julia played tag with number0 kids on monday number1 kids on tuesday and number2 kids on wednesday .,how many kids did she play with on tuesday and wednesday ?
julia played tag with number0 kids on monday number1 kids on tuesday and number2 kids on wednesday . how many more kids did she play with on monday than on tuesday ?,9 7 96,- number0 number1,2.0,"[1, 2, 3, 4, 5, 6, 7, 8, 9, 12, 13, 14, 28, 29, 30]",julia played tag with number0 kids on monday number1 kids on tuesday and number2 kids on wednesday .,how many more kids did she play with on monday than on tuesday ?
julia played tag with number0 kids on monday number1 kids on tuesday and number2 kids on wednesday . how many more kids did she play with on monday than on wednesday ?,14 2 8,- number0 number2,6.0,"[1, 2, 3, 4, 5, 6, 7, 8, 9, 12, 13, 14, 28, 29, 30]",julia played tag with number0 kids on monday number1 kids on tuesday and number2 kids on wednesday .,how many more kids did she play with on monday than on wednesday ?
julia played tag with number0 kids on monday number1 kids on tuesday and number2 kids on wednesday . how many more kids did she play with on tuesday than on wednesday ?,8 11 9,- number1 number2,2.0,"[1, 2, 3, 4, 5, 6, 7, 8, 9, 12, 13, 14, 28, 29, 30]",julia played tag with number0 kids on monday number1 kids on tuesday and number2 kids on wednesday .,how many more kids did she play with on tuesday than on wednesday ?
julia played tag with number0 kids on monday number1 kids on tuesday and number2 kids on wednesday . how many more kids did she play with on monday and tuesday than on wednesday ?,15 18 7,- + number0 number1 number2,26.0,"[32, 1, 2, 3, 4, 5, 6, 7, 8, 9, 12, 13, 14, 30, 31]",julia played tag with number0 kids on monday number1 kids on tuesday and number2 kids on wednesday .,how many more kids did she play with on monday and tuesday than on wednesday ?
julia played tag with number0 kids on monday and number1 kids on tuesday . she played cards wtih number2 kids on wednesday . how many kids did she play with altogether ?,13 10 15,+ + number0 number1 number2,38.0,"[1, 3, 4, 5, 8, 9, 10, 17, 18, 19, 28, 29, 30]",julia played tag with number0 kids on monday and number1 kids on tuesday . she played cards wtih number2 kids on wednesday .,how many kids did she play with altogether ?
julia played tag with number0 kids on monday and number1 kids on tuesday . she played cards wtih number2 kids on wednesday . how many kids did she play tag with altogether ?,7 13 20,+ number0 number1,20.0,"[1, 3, 4, 5, 8, 9, 10, 17, 18, 19, 29, 30, 31]",julia played tag with number0 kids on monday and number1 kids on tuesday . she played cards wtih number2 kids on wednesday .,how many kids did she play tag with altogether ?
julia played tag with number0 kids on monday . she played tag with number1 kids on tuesday . she spent a total of number2 hours to play tag on both days . how many kids did she play with altogether ?,12 14 34,+ number0 number1,26.0,"[1, 3, 4, 5, 37, 38, 39, 12, 13, 14, 22, 23, 24]",julia played tag with number0 kids on monday . she played tag with number1 kids on tuesday . she spent a total of number2 hours to play tag on both days .,how many kids did she play with altogether ?
julia played tag with number0 kids on monday . she played tag with number1 kids on tuesday . she spent a total of number2 hours to play tag on both days . how many more kids did she play with on monday than on tuesday ?,19 18 38,- number0 number1,1.0,"[1, 2, 3, 4, 5, 6, 42, 43, 12, 13, 14, 44, 22, 23, 24]",julia played tag with number0 kids on monday . she played tag with number1 kids on tuesday . she spent a total of number2 hours to play tag on both days .,how many more kids did she play with on monday than on tuesday ?
julia played tag with number0 kids on tuesday . she had played tag with number1 kids on monday . how many more kids did she play with on monday than on tuesday ?,5 6,- number1 number0,1.0,"[1, 2, 3, 4, 5, 6, 13, 14, 15, 29, 30, 31]",julia played tag with number0 kids on tuesday . she had played tag with number1 kids on monday .,how many more kids did she play with on monday than on tuesday ?
julia played tag with a total of number0 kids . she played with number1 kids on monday and yet with some more kids on tuesday . how many kids did she play with on tuesday ?,18 4,- number0 number1,14.0,"[32, 1, 33, 34, 6, 7, 8, 11, 12, 13, 14]",julia played tag with a total of number0 kids . she played with number1 kids on monday and yet with some more kids on tuesday .,how many kids did she play with on tuesday ?
julia played tag with number0 kids on wednesday . she had played with number1 kids on monday and number2 kids on tuesday . how many more kids did she play with on monday than on wednesday ?,4 6 17,- number1 number0,2.0,"[1, 2, 3, 4, 5, 6, 33, 34, 35, 12, 13, 14, 17, 18, 19]",julia played tag with number0 kids on wednesday . she had played with number1 kids on monday and number2 kids on tuesday .,how many more kids did she play with on monday than on wednesday ?
jack received number0 emails in the morning and number1 emails in the afternoon . how many more emails did jack receive in the morning than in the afternoon ?,6 2,- number0 number1,4.0,"[1, 2, 3, 6, 7, 8, 9, 25, 26, 27]",jack received number0 emails in the morning and number1 emails in the afternoon .,how many more emails did jack receive in the morning than in the afternoon ?
jack received number0 emails in the morning and number1 emails in the afternoon . how many more emails did jack receive in the afternoon than in the morning ?,6 8,- number1 number0,2.0,"[1, 2, 3, 6, 7, 8, 9, 25, 26, 27]",jack received number0 emails in the morning and number1 emails in the afternoon .,how many more emails did jack receive in the afternoon than in the morning ?
jack received number0 emails in the morning and some more in the afternoon . if he received a total of number1 emails in the day how many emails did jack receive in the afternoon ?,4 5,- number1 number0,1.0,"[32, 1, 2, 3, 33, 12, 16, 19, 20, 21, 31]",jack received number0 emails in the morning and some more in the afternoon . if he received a total of number1 emails in the day,how many emails did jack receive in the afternoon ?
jack received number0 emails in the morning number1 emails in the afternoon and number2 emails in the evening . how many emails did jack receive in the day ?,6 3 5,+ + number0 number1 number2,14.0,"[1, 2, 3, 5, 6, 7, 8, 12, 13, 14, 25, 26, 27]",jack received number0 emails in the morning number1 emails in the afternoon and number2 emails in the evening .,how many emails did jack receive in the day ?
jack received number0 emails in the morning number1 emails in the afternoon and number2 emails in the evening . how many emails did jack receive in the morning and afternoon ?,5 8 72,+ number0 number1,13.0,"[1, 2, 3, 5, 6, 7, 8, 12, 13, 14, 27, 28, 29]",jack received number0 emails in the morning number1 emails in the afternoon and number2 emails in the evening .,how many emails did jack receive in the morning and afternoon ?
jack received number0 emails in the morning number1 emails in the afternoon and number2 emails in the evening . how many emails did jack receive in the afternoon and evening ?,4 5 8,+ number1 number2,13.0,"[1, 2, 3, 5, 6, 7, 8, 12, 13, 14, 27, 28, 29]",jack received number0 emails in the morning number1 emails in the afternoon and number2 emails in the evening .,how many emails did jack receive in the afternoon and evening ?
jack received number0 emails in the morning number1 emails in the afternoon and number2 emails in the evening . how many emails did jack receive in the morning and evening ?,3 4 8,+ number0 number2,11.0,"[1, 2, 3, 5, 6, 7, 8, 12, 13, 14, 27, 28, 29]",jack received number0 emails in the morning number1 emails in the afternoon and number2 emails in the evening .,how many emails did jack receive in the morning and evening ?
jack received number0 emails in the morning number1 emails in the afternoon and number2 emails in the evening . how many more emails did jack receive in the morning than in the afternoon ?,10 7 17,- number0 number1,3.0,"[32, 1, 2, 3, 6, 7, 8, 12, 13, 14, 30, 31]",jack received number0 emails in the morning number1 emails in the afternoon and number2 emails in the evening .,how many more emails did jack receive in the morning than in the afternoon ?
jack received number0 emails in the morning number1 emails in the afternoon and number2 emails in the evening . how many more emails did jack receive in the morning than in the evening ?,9 10 7,- number0 number2,2.0,"[32, 1, 2, 3, 6, 7, 8, 12, 13, 14, 30, 31]",jack received number0 emails in the morning number1 emails in the afternoon and number2 emails in the evening .,how many more emails did jack receive in the morning than in the evening ?
jack received number0 emails in the morning number1 emails in the afternoon and number2 emails in the evening . how many more emails did jack receive in the afternoon than in the evening ?,10 5 4,- number1 number2,1.0,"[32, 1, 2, 3, 6, 7, 8, 12, 13, 14, 30, 31]",jack received number0 emails in the morning number1 emails in the afternoon and number2 emails in the evening .,how many more emails did jack receive in the afternoon than in the evening ?
jack received number0 emails in the morning number1 emails in the afternoon and some more in the evening . if he received a total of number2 emails in the day how many emails did jack receive in the afternoon ?,6 3 10,- number2 + number0 number1,1.0,"[1, 2, 3, 36, 37, 6, 7, 8, 38, 12, 16, 24, 25, 26]",jack received number0 emails in the morning number1 emails in the afternoon and some more in the evening . if he received a total of number2 emails in the day,how many emails did jack receive in the afternoon ?
jack received number0 emails and number1 letters in the morning . he then received number2 emails and number3 letters in the afternoon . how many emails did jack receive in the day ?,3 64 5 54,+ number0 number2,8.0,"[1, 2, 3, 4, 5, 6, 13, 14, 15, 16, 17, 18, 29, 30, 31]",jack received number0 emails and number1 letters in the morning . he then received number2 emails and number3 letters in the afternoon .,how many emails did jack receive in the day ?
jack received number0 emails and number1 letters in the morning . he then received number2 emails and number3 letters in the afternoon . how many letters did jack receive in the day ?,5 6 9 7,+ number1 number3,13.0,"[1, 2, 3, 4, 5, 6, 13, 14, 15, 16, 17, 18, 29, 30, 31]",jack received number0 emails and number1 letters in the morning . he then received number2 emails and number3 letters in the afternoon .,how many letters did jack receive in the day ?
jack received number0 emails and number1 letters in the morning . he then received number2 emails and number3 letters in the afternoon . how many more emails did jack receive in the morning than in the afternoon ?,10 12 3 44,- number0 number2,7.0,"[1, 2, 3, 4, 5, 6, 34, 35, 36, 13, 14, 15, 16, 17, 18]",jack received number0 emails and number1 letters in the morning . he then received number2 emails and number3 letters in the afternoon .,how many more emails did jack receive in the morning than in the afternoon ?
jack received number0 emails and number1 letters in the morning . he then received number2 emails and number3 letters in the afternoon . how many more letters did jack receive in the morning than in the afternoon ?,6 8 2 7,- number1 number3,1.0,"[1, 2, 3, 4, 5, 6, 34, 35, 36, 13, 14, 15, 16, 17, 18]",jack received number0 emails and number1 letters in the morning . he then received number2 emails and number3 letters in the afternoon .,how many more letters did jack receive in the morning than in the afternoon ?
jack received number0 emails and sent number1 letters in the morning . he then received number2 emails and sent number3 letters in the afternoon . how many emails did jack receive in the day ?,6 91 2 74,+ number0 number2,8.0,"[32, 1, 2, 3, 33, 5, 6, 7, 14, 15, 16, 18, 19, 20, 31]",jack received number0 emails and sent number1 letters in the morning . he then received number2 emails and sent number3 letters in the afternoon .,how many emails did jack receive in the day ?
jack received number0 emails and sent number1 letters in the morning . he then received number2 emails and sent number3 letters in the afternoon . how many emails did jack send in the day ?,4 2 6 8,+ number1 number3,10.0,"[32, 1, 2, 3, 33, 5, 6, 7, 14, 15, 16, 18, 19, 20, 31]",jack received number0 emails and sent number1 letters in the morning . he then received number2 emails and sent number3 letters in the afternoon .,how many emails did jack send in the day ?
jack received a total of number0 emails in the day . if he received number1 emails in the morning and some more in the afternoon how many emails did jack receive in the afternoon ?,9 7,- number0 number1,2.0,"[32, 33, 2, 4, 5, 6, 13, 14, 15, 19, 31]",jack received a total of number0 emails in the day . if he received number1 emails in the morning and some more in the afternoon,how many emails did jack receive in the afternoon ?
jack received number0 emails in the afternoon number1 emails in the morning and number2 emails in the evening . how many more emails did jack receive in the morning than in the afternoon ?,3 5 16,- number1 number0,2.0,"[32, 1, 2, 3, 6, 7, 8, 12, 13, 14, 30, 31]",jack received number0 emails in the afternoon number1 emails in the morning and number2 emails in the evening .,how many more emails did jack receive in the morning than in the afternoon ?
jack received number0 emails in the afternoon number1 emails in the morning and some more in the evening . if he received a total of number2 emails in the day how many emails did jack receive in the afternoon ?,3 6 10,- number2 + number1 number0,1.0,"[1, 2, 3, 36, 37, 6, 7, 8, 38, 12, 16, 24, 25, 26]",jack received number0 emails in the afternoon number1 emails in the morning and some more in the evening . if he received a total of number2 emails in the day,how many emails did jack receive in the afternoon ?
ed had number0 more marbles than doug . doug lost some of his marbles at the playground . now ed has number1 more marbles than doug . how many marbles did doug lose ?,2 19,- number1 number0,17.0,"[32, 1, 2, 3, 4, 5, 20, 21, 22, 23, 30, 31]",ed had number0 more marbles than doug . doug lost some of his marbles at the playground . now ed has number1 more marbles than doug .,how many marbles did doug lose ?
ed had number0 more marbles than doug . doug lost number1 of his marbles at the playground . if ed had number2 marbles how many more marbles did ed have than doug then ?,10 11 45,+ number0 number1,21.0,"[32, 1, 2, 3, 4, 6, 7, 9, 10, 11, 20, 21, 22, 30, 31]",ed had number0 more marbles than doug . doug lost number1 of his marbles at the playground . if ed had number2 marbles,how many more marbles did ed have than doug then ?
ed had number0 more marbles than doug . doug lost number1 of his marbles at the playground . if ed had number2 marbles how many marbles does doug have now ?,6 7 22,- - number2 number0 number1,9.0,"[1, 2, 3, 4, 6, 9, 10, 11, 20, 21, 22, 27, 28, 29]",ed had number0 more marbles than doug . doug lost number1 of his marbles at the playground . if ed had number2 marbles,how many marbles does doug have now ?
ed had number0 more marbles than doug . doug lost number1 of his marbles at the playground . if ed had number2 marbles how many marbles did doug have initially ?,5 3 27,- number2 number0,22.0,"[1, 2, 3, 4, 6, 9, 10, 11, 20, 21, 22, 27, 28, 29]",ed had number0 more marbles than doug . doug lost number1 of his marbles at the playground . if ed had number2 marbles,how many marbles did doug have initially ?
ed had number0 more marbles than doug . doug lost number1 of his marbles at the playground while ed found number2 more marbles . how many more marbles did ed have than doug then ?,24 27 9,+ + number0 number1 number2,60.0,"[32, 1, 2, 3, 4, 33, 6, 9, 10, 11, 13, 19, 20, 21, 22, 31]",ed had number0 more marbles than doug . doug lost number1 of his marbles at the playground while ed found number2 more marbles .,how many more marbles did ed have than doug then ?
ed had number0 more marbles than doug . ed lost number1 of his marbles at the playground . how many more marbles did ed have than doug then ?,29 17,- number0 number1,12.0,"[1, 2, 3, 4, 6, 9, 10, 11, 25, 26, 27]",ed had number0 more marbles than doug . ed lost number1 of his marbles at the playground .,how many more marbles did ed have than doug then ?
ed had number0 more marbles than doug . ed lost some of his marbles at the playground . now ed has number1 more marbles than doug . how many marbles did ed lose ?,19 8,- number0 number1,11.0,"[32, 1, 2, 3, 4, 5, 20, 21, 22, 23, 30, 31]",ed had number0 more marbles than doug . ed lost some of his marbles at the playground . now ed has number1 more marbles than doug .,how many marbles did ed lose ?
ed had number0 more marbles than doug . ed lost number1 of his marbles at the playground . if ed had number2 marbles how many more marbles did ed have than doug then ?,30 21 91,- number0 number1,9.0,"[32, 1, 2, 3, 4, 6, 7, 9, 10, 11, 20, 21, 22, 30, 31]",ed had number0 more marbles than doug . ed lost number1 of his marbles at the playground . if ed had number2 marbles,how many more marbles did ed have than doug then ?
ed had number0 more marbles than doug . ed lost number1 of his marbles at the playground . if ed had number2 marbles how many marbles does doug have now ?,12 20 17,- number2 number0,5.0,"[1, 2, 3, 4, 6, 9, 10, 11, 20, 21, 22, 27, 28, 29]",ed had number0 more marbles than doug . ed lost number1 of his marbles at the playground . if ed had number2 marbles,how many marbles does doug have now ?
jerry had number0 action figures on a shelf in his room . later he added some more action figures to the shelf . if there are a total of number1 action figures on his shelf now how many action figures did he add to the shelf ?,4 8,- number1 number0,4.0,"[1, 2, 3, 4, 43, 44, 45, 14, 19, 28, 29, 30]",jerry had number0 action figures on a shelf in his room . later he added some more action figures to the shelf . if there are a total of number1 action figures on his shelf now,how many action figures did he add to the shelf ?
jerry had some action figures on a shelf in his room . later he added number0 more action figures to the shelf . if there are a total of number1 action figures on his shelf now how many action figures did he have initially on the shelf ?,7 10,- number1 number0,3.0,"[1, 2, 4, 44, 45, 14, 15, 16, 46, 18, 19, 28, 29, 30]",jerry had some action figures on a shelf in his room . later he added number0 more action figures to the shelf . if there are a total of number1 action figures on his shelf now,how many action figures did he have initially on the shelf ?
jerry had number0 action figures and number1 books on a shelf in his room . later he added number2 more action figures to the shelf . how many action figures were on his shelf in all ?,4 22 6,+ number0 number2,10.0,"[1, 2, 3, 4, 5, 6, 7, 33, 34, 35, 17, 18, 19, 21]",jerry had number0 action figures and number1 books on a shelf in his room . later he added number2 more action figures to the shelf .,how many action figures were on his shelf in all ?
jerry had number0 action figures and number1 books on a shelf in his room . later he added number2 more action figures to the shelf . how many more action figures than books were on his shelf ?,5 9 7,- + number0 number2 number1,3.0,"[1, 2, 3, 4, 5, 6, 7, 34, 35, 10, 36, 17, 18, 19, 21]",jerry had number0 action figures and number1 books on a shelf in his room . later he added number2 more action figures to the shelf .,how many more action figures than books were on his shelf ?
jerry had number0 action figures and number1 books on a shelf in his room . later he added number2 more action figures to the shelf . how many more books than action figures were on his shelf ?,2 10 4,- number1 + number0 number2,4.0,"[1, 2, 3, 4, 5, 6, 7, 34, 35, 10, 36, 17, 18, 19, 21]",jerry had number0 action figures and number1 books on a shelf in his room . later he added number2 more action figures to the shelf .,how many more books than action figures were on his shelf ?
jerry had number0 action figures and number1 books on a shelf in his room . later he added number2 more books to the shelf . how many books were on his shelf in all ?,8 9 10,+ number1 number2,19.0,"[32, 1, 2, 3, 4, 5, 6, 7, 33, 17, 18, 19, 20, 31]",jerry had number0 action figures and number1 books on a shelf in his room . later he added number2 more books to the shelf .,how many books were on his shelf in all ?
jerry had number0 action figures and number1 books on a shelf in his room . later he added number2 more books to the shelf . how many more action figures than books were on his shelf ?,7 2 4,- number0 + number1 number2,1.0,"[1, 2, 3, 4, 5, 6, 7, 33, 34, 10, 35, 17, 18, 19, 20]",jerry had number0 action figures and number1 books on a shelf in his room . later he added number2 more books to the shelf .,how many more action figures than books were on his shelf ?
jerry had number0 action figures and number1 books on a shelf in his room . later he added number2 more books to the shelf . how many more books than action figures were on his shelf ?,5 2 9,- + number1 number2 number0,6.0,"[1, 2, 3, 4, 5, 6, 7, 33, 34, 10, 35, 17, 18, 19, 20]",jerry had number0 action figures and number1 books on a shelf in his room . later he added number2 more books to the shelf .,how many more books than action figures were on his shelf ?
jerry had number0 action figures on a shelf in his room . later he added number1 more action figures to the shelf and removed number2 old ones . how many action figures were on his shelf in all ?,8 4 5,- + number0 number1 number2,7.0,"[1, 2, 3, 4, 35, 36, 7, 37, 11, 13, 14, 15, 16, 18, 23, 24, 25, 26]",jerry had number0 action figures on a shelf in his room . later he added number1 more action figures to the shelf and removed number2 old ones .,how many action figures were on his shelf in all ?
jerry had number0 action figures on a shelf in his room . later he added number1 more action figures to the shelf and removed some of the old ones . if there are number2 action figures on his shelf now how many action figures did he remove from the shelf ?,3 4 6,- + number0 number1 number2,1.0,"[32, 1, 2, 3, 4, 33, 34, 35, 11, 14, 15, 16, 47, 18, 48, 49]",jerry had number0 action figures on a shelf in his room . later he added number1 more action figures to the shelf and removed some of the old ones . if there are number2 action figures on his shelf now,how many action figures did he remove from the shelf ?
jerry had number0 action figures on a shelf in his room . later he added some more action figures to the shelf and removed number1 of the old ones . if there are number2 action figures on his shelf now how many action figures did he add to the shelf ?,7 10 8,- + number2 number1 number0,11.0,"[32, 1, 2, 3, 4, 33, 34, 35, 11, 47, 16, 48, 49, 23, 24, 25]",jerry had number0 action figures on a shelf in his room . later he added some more action figures to the shelf and removed number1 of the old ones . if there are number2 action figures on his shelf now,how many action figures did he add to the shelf ?
jerry had some action figures on a shelf in his room . later he added number0 more action figures to the shelf and removed number1 of the old ones . if there are number2 action figures on his shelf now how many action figures did he have initially on the shelf ?,2 7 10,- + number2 number1 number0,15.0,"[32, 33, 34, 35, 1, 4, 2, 11, 14, 15, 16, 48, 18, 49, 50, 23, 24, 25]",jerry had some action figures on a shelf in his room . later he added number0 more action figures to the shelf and removed number1 of the old ones . if there are number2 action figures on his shelf now,how many action figures did he have initially on the shelf ?
jerry had number0 action figures on a shelf in his room . later he added number1 more action figures to the shelf . if he also has number2 books on the shelf how many more action figures than books were on his shelf ?,9 7 10,- + number0 number1 number2,6.0,"[1, 2, 3, 4, 40, 41, 10, 11, 42, 14, 15, 16, 18, 19, 26, 27, 28]",jerry had number0 action figures on a shelf in his room . later he added number1 more action figures to the shelf . if he also has number2 books on the shelf,how many more action figures than books were on his shelf ?
jerry had number0 books and number1 action figures on a shelf in his room . later he added number2 more action figures to the shelf . how many more action figures than books were on his shelf ?,3 4 2,- + number1 number2 number0,3.0,"[1, 2, 3, 4, 5, 6, 7, 34, 35, 10, 36, 17, 18, 19, 21]",jerry had number0 books and number1 action figures on a shelf in his room . later he added number2 more action figures to the shelf .,how many more action figures than books were on his shelf ?
jerry had number0 books and number1 action figures on a shelf in his room . later he added number2 more action figures to the shelf . how many more books than action figures were on his shelf ?,7 3 2,- number0 + number1 number2,2.0,"[1, 2, 3, 4, 5, 6, 34, 35, 36, 10, 17, 18, 19, 21]",jerry had number0 books and number1 action figures on a shelf in his room . later he added number2 more action figures to the shelf .,how many more books than action figures were on his shelf ?
allan brought number0 balloons and jake brought number1 balloons to the park . how many more balloons did allan have than jake in the park ?,5 3,- number0 number1,2.0,"[1, 2, 3, 6, 7, 8, 22, 23, 24]",allan brought number0 balloons and jake brought number1 balloons to the park .,how many more balloons did allan have than jake in the park ?
allan brought number0 balloons and jake brought number1 balloons to the park . how many more balloons did jake have than allan in the park ?,2 3,- number1 number0,1.0,"[1, 2, 3, 6, 7, 8, 22, 23, 24]",allan brought number0 balloons and jake brought number1 balloons to the park .,how many more balloons did jake have than allan in the park ?
allan and jake brought number0 balloons to the park . if allan brought number1 balloons how many balloons did jake bring to the park ?,3 2,- number0 number1,1.0,"[2, 3, 4, 5, 6, 10, 12, 13, 14, 21, 22, 23]",allan and jake brought number0 balloons to the park . if allan brought number1 balloons,how many balloons did jake bring to the park ?
jake brought number0 balloons to the park . if jake brought number1 more balloons than the number of balloons that allan brought how many balloons did allan bring to the park ?,6 4,- number0 number1,2.0,"[1, 2, 3, 4, 10, 11, 12, 13, 15, 19, 28, 29, 30]",jake brought number0 balloons to the park . if jake brought number1 more balloons than the number of balloons that allan brought,how many balloons did allan bring to the park ?
allan brought number0 balloons to the park . if jake brought number1 more balloons than the number of balloons that allan brought how many balloons did jake bring to the park ?,5 6,+ number0 number1,11.0,"[1, 2, 3, 4, 10, 11, 12, 13, 15, 19, 28, 29, 30]",allan brought number0 balloons to the park . if jake brought number1 more balloons than the number of balloons that allan brought,how many balloons did jake bring to the park ?
allan brought number0 balloons and jake brought number1 balloons to the park . allan then bought number2 more balloons at the park . how many balloons did allan and jake have in the park ?,3 5 2,+ + number0 number1 number2,10.0,"[32, 1, 2, 3, 4, 33, 6, 7, 8, 15, 16, 17, 18, 31]",allan brought number0 balloons and jake brought number1 balloons to the park . allan then bought number2 more balloons at the park .,how many balloons did allan and jake have in the park ?
allan brought number0 balloons and jake brought number1 balloons to the park . allan then bought number2 more balloons at the park . how many more balloons did allan have than jake in the park ?,2 4 3,- + number0 number2 number1,1.0,"[32, 1, 2, 3, 4, 33, 6, 7, 8, 34, 15, 16, 17, 18]",allan brought number0 balloons and jake brought number1 balloons to the park . allan then bought number2 more balloons at the park .,how many more balloons did allan have than jake in the park ?
allan brought number0 balloons and jake brought number1 balloons to the park . allan then bought number2 more balloons at the park . how many more balloons did jake have than allan in the park ?,2 6 3,- number1 + number0 number2,1.0,"[32, 1, 2, 3, 4, 33, 6, 7, 8, 34, 15, 16, 17, 18]",allan brought number0 balloons and jake brought number1 balloons to the park . allan then bought number2 more balloons at the park .,how many more balloons did jake have than allan in the park ?
allan brought number0 balloons and jake brought number1 balloons to the park . allan then bought number2 more balloons at the park . how many balloons did allan bring to the park ?,5 4 3,+ number0 number2,8.0,"[1, 2, 3, 4, 5, 6, 7, 8, 15, 16, 17, 18, 29, 30, 31]",allan brought number0 balloons and jake brought number1 balloons to the park . allan then bought number2 more balloons at the park .,how many balloons did allan bring to the park ?
allan brought number0 balloons and jake brought number1 balloons to the park . jake then bought number2 more balloons at the park . how many more balloons did allan have than jake in the park ?,6 2 3,- number0 + number1 number2,1.0,"[32, 1, 2, 3, 4, 33, 6, 7, 8, 34, 15, 16, 17, 18]",allan brought number0 balloons and jake brought number1 balloons to the park . jake then bought number2 more balloons at the park .,how many more balloons did allan have than jake in the park ?
allan brought number0 balloons and jake brought number1 balloons to the park . jake then bought number2 more balloons at the park . how many more balloons did jake have than allan in the park ?,6 3 4,- + number1 number2 number0,1.0,"[32, 1, 2, 3, 4, 33, 6, 7, 8, 34, 15, 16, 17, 18]",allan brought number0 balloons and jake brought number1 balloons to the park . jake then bought number2 more balloons at the park .,how many more balloons did jake have than allan in the park ?
allan brought number0 balloons and jake brought number1 balloons to the park . jake then bought number2 more balloons at the park . how many balloons did jake bring to the park ?,5 6 3,+ number1 number2,9.0,"[1, 2, 3, 4, 5, 6, 7, 8, 15, 16, 17, 18, 29, 30, 31]",allan brought number0 balloons and jake brought number1 balloons to the park . jake then bought number2 more balloons at the park .,how many balloons did jake bring to the park ?
allan brought number0 balloons and number1 balls while jake brought number2 balloons and number3 balls to the park . how many balloons did allan and jake have in the park ?,3 20 5 59,+ number0 number2,8.0,"[1, 2, 3, 4, 5, 6, 7, 9, 10, 11, 12, 13, 14, 27, 28, 29]",allan brought number0 balloons and number1 balls while jake brought number2 balloons and number3 balls to the park .,how many balloons did allan and jake have in the park ?
allan brought number0 balloons and number1 balls while jake brought number2 balloons and number3 balls to the park . how many balls did allan and jake have in the park ?,7 5 6 4,+ number1 number3,9.0,"[1, 2, 3, 4, 5, 6, 7, 9, 10, 11, 12, 13, 14, 27, 28, 29]",allan brought number0 balloons and number1 balls while jake brought number2 balloons and number3 balls to the park .,how many balls did allan and jake have in the park ?
allan brought number0 balloons . if allan and jake brought total of number1 balloons to the park how many balloons did jake bring to the park ?,5 6,- number1 number0,1.0,"[1, 2, 3, 11, 12, 13, 18, 22, 23, 24, 25]",allan brought number0 balloons . if allan and jake brought total of number1 balloons to the park,how many balloons did jake bring to the park ?
allan brought number0 balloons to the park and then bought number1 more balloons there . if jake brought number2 balloons to the park how many more balloons did jake have than allan in the park ?,2 3 6,- number2 + number0 number1,1.0,"[32, 1, 2, 3, 33, 34, 9, 10, 11, 12, 14, 17, 18, 19]",allan brought number0 balloons to the park and then bought number1 more balloons there . if jake brought number2 balloons to the park,how many more balloons did jake have than allan in the park ?
adam has number0 more apples than jackie . adam has number1 apples . how many apples does jackie have ?,3 9,- number1 number0,6.0,"[1, 2, 3, 4, 5, 9, 10, 11, 16, 17, 18]",adam has number0 more apples than jackie . adam has number1 apples .,how many apples does jackie have ?
adam has number0 apples . jackie has number1 apples . how many more apples does adam have than jackie ?,10 2,- number0 number1,8.0,"[1, 2, 3, 6, 7, 8, 16, 17, 18]",adam has number0 apples . jackie has number1 apples .,how many more apples does adam have than jackie ?
adam has number0 apples . jackie has number1 apples . how many more apples does jackie have than adam ?,9 10,- number1 number0,1.0,"[1, 2, 3, 6, 7, 8, 16, 17, 18]",adam has number0 apples . jackie has number1 apples .,how many more apples does jackie have than adam ?
jackie has number0 apples . adam has number1 apples . how many more apples does jackie have than adam ?,10 8,- number0 number1,2.0,"[1, 2, 3, 6, 7, 8, 16, 17, 18]",jackie has number0 apples . adam has number1 apples .,how many more apples does jackie have than adam ?
together adam and jackie have number0 apples . has number1 apples more than adam and jackie together do . how many apples does have ?,6 4,+ number0 number1,10.0,"[0, 1, 4, 5, 6, 8, 9, 10, 21, 22, 23]",together adam and jackie have number0 apples . has number1 apples more than adam and jackie together do .,how many apples does have ?
has number0 apples more than adam and jackie together do . adam and jackie have number1 apples between them . how many apples does have ?,9 7,+ number1 number0,16.0,"[0, 1, 2, 3, 4, 14, 15, 16, 22, 23, 24]",has number0 apples more than adam and jackie together do . adam and jackie have number1 apples between them .,how many apples does have ?
together adam and jackie have number0 apples . has number1 apples more than adam and jackie together do . adam has number2 more apples than jackie . how many apples does have ?,12 9 8,+ number0 number1,21.0,"[1, 3, 4, 5, 6, 8, 9, 10, 20, 21, 22, 23, 29, 30, 31]",together adam and jackie have number0 apples . has number1 apples more than adam and jackie together do . adam has number2 more apples than jackie .,how many apples does have ?
adam has number0 more apples than jackie . jackie has number1 apples . together adam and jackie have number2 apples . has number3 apples more than adam and jackie together do . how many apples does adam have ?,4 10 2 6,+ number2 number3,8.0,"[0, 1, 2, 3, 4, 5, 35, 36, 37, 9, 10, 11, 17, 18, 19, 21, 22, 23]",adam has number0 more apples than jackie . jackie has number1 apples . together adam and jackie have number2 apples . has number3 apples more than adam and jackie together do .,how many apples does adam have ?
adam has number0 more apples than jackie . jackie has number1 oranges and number2 apples . how many apples does adam have ?,5 89 11,+ number0 number2,16.0,"[1, 2, 3, 4, 5, 9, 10, 11, 12, 13, 14, 19, 20, 21]",adam has number0 more apples than jackie . jackie has number1 oranges and number2 apples .,how many apples does adam have ?
helen the hippo and her friends are preparing for thanksgiving at helen 's house . helen baked number0 cookies yesterday number1 cookies this morning and number2 cookies the day before yesterday . how many cookies did helen bake till last night ?,31 270 419,+ number0 number2,450.0,"[1, 5, 38, 39, 40, 16, 17, 18, 19, 20, 21, 24, 25, 26]",helen the hippo and her friends are preparing for thanksgiving at helen 's house . helen baked number0 cookies yesterday number1 cookies this morning and number2 cookies the day before yesterday .,how many cookies did helen bake till last night ?
helen the hippo and her friends are preparing for thanksgiving at helen 's house . helen baked number0 chocolate chip cookies yesterday and number1 raisin cookies and number2 chocolate chip cookies this morning . how many chocolate chip cookies did helen bake ?,90 51 484,+ number0 number2,574.0,"[1, 7, 39, 40, 41, 16, 17, 18, 20, 22, 23, 24, 25, 26, 27, 28, 30]",helen the hippo and her friends are preparing for thanksgiving at helen 's house . helen baked number0 chocolate chip cookies yesterday and number1 raisin cookies and number2 chocolate chip cookies this morning .,how many chocolate chip cookies did helen bake ?
helen the hippo and her friends are preparing for thanksgiving at helen 's house . helen baked number0 chocolate chip cookies and number1 raisin cookies yesterday . and she baked number2 raisin cookies and number3 chocolate chip cookies this morning . how many chocolate chip cookies did helen bake ?,527 86 86 554,+ number0 number3,1081.0,"[1, 2, 7, 16, 17, 18, 20, 21, 22, 23, 24, 29, 30, 31, 32, 33, 34, 35, 37, 46, 47, 48]",helen the hippo and her friends are preparing for thanksgiving at helen 's house . helen baked number0 chocolate chip cookies and number1 raisin cookies yesterday . and she baked number2 raisin cookies and number3 chocolate chip cookies this morning .,how many chocolate chip cookies did helen bake ?
helen the hippo and her friends are preparing for thanksgiving at helen 's house . helen baked number0 chocolate chip cookies and number1 raisin cookies yesterday . and she baked number2 raisin cookies and number3 chocolate chip cookies this morning . how many raisin cookies did helen bake ?,144 397 85 403,+ number1 number2,482.0,"[1, 2, 6, 16, 17, 18, 20, 21, 22, 23, 24, 29, 30, 31, 32, 33, 34, 35, 37, 45, 46, 47]",helen the hippo and her friends are preparing for thanksgiving at helen 's house . helen baked number0 chocolate chip cookies and number1 raisin cookies yesterday . and she baked number2 raisin cookies and number3 chocolate chip cookies this morning .,how many raisin cookies did helen bake ?
helen the hippo and her friends are preparing for thanksgiving at helen 's house . helen baked number0 chocolate chip cookies yesterday and number1 raisin cookies and number2 chocolate chip cookies this morning . how many more chocolate chip cookies than raisin cakes did helen bake ?,19 231 237,- + number0 number2 number1,25.0,"[1, 2, 11, 43, 44, 45, 16, 17, 18, 20, 22, 23, 24, 25, 26, 27, 28, 30]",helen the hippo and her friends are preparing for thanksgiving at helen 's house . helen baked number0 chocolate chip cookies yesterday and number1 raisin cookies and number2 chocolate chip cookies this morning .,how many more chocolate chip cookies than raisin cakes did helen bake ?
helen the hippo and her friends are preparing for thanksgiving at helen 's house . helen baked number0 chocolate chip cookies and number1 raisin cookies yesterday . and she baked number2 raisin cookies and number3 chocolate chip cookies this morning . how many more chocolate chip cookies did helen bake yesterday compared to today ?,197 46 75 66,- number0 number3,131.0,"[1, 2, 8, 16, 17, 18, 20, 21, 22, 23, 24, 29, 30, 31, 32, 33, 34, 35, 37, 51, 52, 53]",helen the hippo and her friends are preparing for thanksgiving at helen 's house . helen baked number0 chocolate chip cookies and number1 raisin cookies yesterday . and she baked number2 raisin cookies and number3 chocolate chip cookies this morning .,how many more chocolate chip cookies did helen bake yesterday compared to today ?
helen the hippo and her friends are preparing for thanksgiving at helen 's house . helen baked number0 chocolate chip cookies and number1 raisin cookies yesterday . and she baked number2 raisin cookies and number3 chocolate chip cookies this morning . how many more raisin cookies did helen bake yesterday compared to today ?,519 300 280 359,- number1 number2,20.0,"[1, 2, 7, 16, 17, 18, 20, 21, 22, 23, 24, 29, 30, 31, 32, 33, 34, 35, 37, 50, 51, 52]",helen the hippo and her friends are preparing for thanksgiving at helen 's house . helen baked number0 chocolate chip cookies and number1 raisin cookies yesterday . and she baked number2 raisin cookies and number3 chocolate chip cookies this morning .,how many more raisin cookies did helen bake yesterday compared to today ?
katie had number0 ds games and her friends had number1 games . how many more games does katie have than her friends ?,81 59,- number0 number1,22.0,"[1, 2, 3, 4, 6, 8, 9, 10, 19, 20, 21]",katie had number0 ds games and her friends had number1 games .,how many more games does katie have than her friends ?
katie had number0 ds games and her new friends had number1 games and old friends had number2 games . how many games do her friends have in all ?,91 88 53,+ number1 number2,141.0,"[1, 2, 3, 4, 6, 9, 10, 11, 15, 16, 17, 25, 26, 27]",katie had number0 ds games and her new friends had number1 games and old friends had number2 games .,how many games do her friends have in all ?
katie had number0 new games and number1 old games . her friends had number2 new games . how many new games do they have together ?,78 86 48,+ number0 number2,126.0,"[1, 2, 3, 4, 5, 6, 7, 8, 12, 13, 14, 15, 22, 23, 24]",katie had number0 new games and number1 old games . her friends had number2 new games .,how many new games do they have together ?
katie had number0 new games and number1 old games . her friends had number2 new games and number3 old games . how many new games do they have together ?,84 19 8 69,+ number0 number2,92.0,"[1, 2, 3, 4, 5, 6, 7, 8, 12, 13, 14, 15, 16, 17, 18, 19, 26, 27, 28]",katie had number0 new games and number1 old games . her friends had number2 new games and number3 old games .,how many new games do they have together ?
katie had number0 new games and number1 old games . her friends had number2 new games and number3 old games . how many old games do they have number4,62 80 73 41 3,+ number1 number3,121.0,"[1, 2, 3, 4, 5, 6, 7, 8, 12, 13, 14, 15, 16, 17, 18, 19, 25, 26, 27, 28, 29]",katie had number0 new games and number1 old games . her friends had number2 new games and number3 old games .,how many old games do they have number4
friends of katie had number0 games and she had number1 ds games . how many more games does katie have than her friends ?,57 63,- number1 number0,6.0,"[1, 2, 3, 4, 5, 6, 8, 9, 10, 11, 20, 21, 22]",friends of katie had number0 games and she had number1 ds games .,how many more games does katie have than her friends ?
katie had number0 new games and number1 old games . her friends had number2 new games . how many more games does katie have than her friends ?,57 39 34,- + number0 number1 number2,62.0,"[1, 2, 3, 4, 5, 6, 7, 8, 12, 13, 14, 15, 24, 25, 26]",katie had number0 new games and number1 old games . her friends had number2 new games .,how many more games does katie have than her friends ?
tiffany was collecting cans for recycling . on monday she had number0 bags of cans . the next day she found number1 more bags worth of cans . how many more bags did she have on monday than she found on the next day ?,8 7,- number0 number1,1.0,"[1, 2, 3, 4, 6, 8, 41, 10, 11, 12, 42, 43, 20, 21, 22, 23]",tiffany was collecting cans for recycling . on monday she had number0 bags of cans . the next day she found number1 more bags worth of cans .,how many more bags did she have on monday than she found on the next day ?
tiffany was collecting cans for recycling . on monday she had number0 bags of cans . the next day she found number1 more bags worth of cans . how many more bags did she find on the next day than she had on monday ?,7 12,- number1 number0,5.0,"[1, 2, 3, 4, 6, 8, 41, 10, 11, 12, 42, 43, 20, 21, 22, 23]",tiffany was collecting cans for recycling . on monday she had number0 bags of cans . the next day she found number1 more bags worth of cans .,how many more bags did she find on the next day than she had on monday ?
tiffany was collecting cans for recycling . on monday she had number0 bags of cans . the next day she found some more bags worth of cans . if she had a total of number1 bags altogether how many bags did she find on the next day ?,4 6,- number1 number0,2.0,"[33, 34, 35, 3, 4, 6, 8, 10, 11, 12, 44, 14, 45, 46]",tiffany was collecting cans for recycling . on monday she had number0 bags of cans . the next day she found some more bags worth of cans . if she had a total of number1 bags altogether,how many bags did she find on the next day ?
tiffany was collecting cans for recycling . on monday she had some bags of cans . the next day she found number0 more bags worth of cans . if she had a total of number1 bags altogether how many bags did she have on monday ?,4 8,- number1 number0,4.0,"[33, 34, 35, 3, 4, 6, 8, 10, 42, 43, 44, 14, 20, 21, 22, 23]",tiffany was collecting cans for recycling . on monday she had some bags of cans . the next day she found number0 more bags worth of cans . if she had a total of number1 bags altogether,how many bags did she have on monday ?
tiffany was collecting cans for recycling . on monday she had number0 bags of cans . she found number1 bags of cans on the next day and number2 bags of cans the day after that . how many bags did she have altogether ?,10 3 7,+ + number0 number1 number2,20.0,"[1, 3, 5, 40, 41, 10, 11, 12, 42, 17, 18, 19, 26, 27, 28]",tiffany was collecting cans for recycling . on monday she had number0 bags of cans . she found number1 bags of cans on the next day and number2 bags of cans the day after that .,how many bags did she have altogether ?
tiffany was collecting cans for recycling . on monday she had number0 bags of cans . she found number1 bags of cans on the next day and number2 bags of cans the day after that . how many bags did she find after monday ?,8 10 4,+ number1 number2,14.0,"[1, 3, 5, 41, 10, 11, 12, 42, 43, 17, 18, 19, 26, 27, 28]",tiffany was collecting cans for recycling . on monday she had number0 bags of cans . she found number1 bags of cans on the next day and number2 bags of cans the day after that .,how many bags did she find after monday ?
tiffany was collecting cans for recycling . on monday she had number0 bags of cans . the next day she found number1 more bags of cans and number2 bags of bottles . how many bags of cans did she have altogether ?,3 7 44,+ number0 number1,10.0,"[1, 3, 4, 6, 7, 38, 39, 10, 11, 12, 40, 20, 21, 22, 23, 26, 27, 28]",tiffany was collecting cans for recycling . on monday she had number0 bags of cans . the next day she found number1 more bags of cans and number2 bags of bottles .,how many bags of cans did she have altogether ?
number0 birds were sitting on the fence . some more birds came to join them . if there are a total of number1 birds on the fence now how many more birds had come to sit on the fence ?,2 6,- number1 number0,4.0,"[0, 1, 3, 36, 37, 38, 13, 14, 17, 21, 22, 23]",number0 birds were sitting on the fence . some more birds came to join them . if there are a total of number1 birds on the fence now,how many more birds had come to sit on the fence ?
there were some birds sitting on the fence . number0 more birds came to join them . if there are a total of number1 birds on the fence now how many birds had been sitting on the fence at the start ?,4 5,- number1 number0,1.0,"[1, 3, 38, 39, 40, 9, 10, 11, 13, 17, 22, 23, 24]",there were some birds sitting on the fence . number0 more birds came to join them . if there are a total of number1 birds on the fence now,how many birds had been sitting on the fence at the start ?
number0 birds and number1 storks were sitting on the fence . number2 more birds came to join them . how many birds are sitting on the fence ?,4 46 6,+ number0 number2,10.0,"[0, 1, 2, 3, 4, 6, 11, 12, 13, 24, 25, 26]",number0 birds and number1 storks were sitting on the fence . number2 more birds came to join them .,how many birds are sitting on the fence ?
number0 birds and number1 storks were sitting on the fence . number2 more birds came to join them . how many birds and storks are sitting on the fence ?,3 2 5,+ + number0 number2 number1,10.0,"[0, 1, 2, 3, 4, 6, 11, 12, 13, 26, 27, 28]",number0 birds and number1 storks were sitting on the fence . number2 more birds came to join them .,how many birds and storks are sitting on the fence ?
number0 birds and number1 storks were sitting on the fence . number2 more birds came to join them . how many more birds than storks are sitting on the fence ?,3 4 2,- + number0 number2 number1,1.0,"[0, 1, 2, 3, 4, 6, 7, 11, 12, 13, 27, 28, 29]",number0 birds and number1 storks were sitting on the fence . number2 more birds came to join them .,how many more birds than storks are sitting on the fence ?
number0 birds and number1 storks were sitting on the fence . number2 more birds came to join them . how many more storks than birds are sitting on the fence ?,2 6 3,- number1 + number0 number2,1.0,"[0, 1, 2, 3, 4, 6, 7, 11, 12, 13, 27, 28, 29]",number0 birds and number1 storks were sitting on the fence . number2 more birds came to join them .,how many more storks than birds are sitting on the fence ?
number0 birds and number1 storks were sitting on the fence . number2 more storks came to join them . how many storks are sitting on the fence ?,4 6 2,+ number1 number2,8.0,"[0, 1, 2, 3, 4, 6, 11, 12, 13, 24, 25, 26]",number0 birds and number1 storks were sitting on the fence . number2 more storks came to join them .,how many storks are sitting on the fence ?
number0 birds and number1 storks were sitting on the fence . number2 more storks came to join them . how many birds and storks are sitting on the fence ?,3 4 6,+ + number0 number1 number2,13.0,"[0, 1, 2, 3, 4, 6, 11, 12, 13, 26, 27, 28]",number0 birds and number1 storks were sitting on the fence . number2 more storks came to join them .,how many birds and storks are sitting on the fence ?
number0 birds and number1 storks were sitting on the fence . number2 more storks came to join them . how many more birds than storks are sitting on the fence ?,6 3 2,- number0 + number1 number2,1.0,"[0, 1, 2, 3, 4, 6, 7, 11, 12, 13, 27, 28, 29]",number0 birds and number1 storks were sitting on the fence . number2 more storks came to join them .,how many more birds than storks are sitting on the fence ?
number0 birds and number1 storks were sitting on the fence . number2 more storks came to join them . how many more storks than birds are sitting on the fence ?,4 3 6,- + number1 number2 number0,5.0,"[0, 1, 2, 3, 4, 6, 7, 11, 12, 13, 27, 28, 29]",number0 birds and number1 storks were sitting on the fence . number2 more storks came to join them .,how many more storks than birds are sitting on the fence ?
number0 birds were sitting on the fence . number1 more birds and number2 more storks came to join them . how many birds are sitting on the fence ?,6 4 8,+ number0 number1,10.0,"[0, 1, 3, 4, 5, 7, 8, 9, 10, 11, 12, 13, 14, 25, 26, 27]",number0 birds were sitting on the fence . number1 more birds and number2 more storks came to join them .,how many birds are sitting on the fence ?
number0 birds were sitting on the fence . number1 more birds and number2 more storks came to join them . how many more birds than storks are sitting on the fence ?,2 5 4,- + number0 number1 number2,3.0,"[0, 1, 2, 3, 5, 7, 8, 9, 10, 11, 12, 13, 14, 28, 29, 30]",number0 birds were sitting on the fence . number1 more birds and number2 more storks came to join them .,how many more birds than storks are sitting on the fence ?
number0 birds were sitting on the fence . number1 more birds and number2 more storks came to join them . how many more storks than birds are sitting on the fence ?,3 2 6,- number2 + number0 number1,1.0,"[0, 1, 2, 3, 5, 7, 8, 9, 10, 11, 12, 13, 14, 28, 29, 30]",number0 birds were sitting on the fence . number1 more birds and number2 more storks came to join them .,how many more storks than birds are sitting on the fence ?
number0 storks and number1 birds were sitting on the fence . number2 more birds came to join them . how many more birds than storks are sitting on the fence ?,5 3 4,- + number1 number2 number0,2.0,"[0, 1, 2, 3, 4, 6, 7, 11, 12, 13, 27, 28, 29]",number0 storks and number1 birds were sitting on the fence . number2 more birds came to join them .,how many more birds than storks are sitting on the fence ?
number0 storks and number1 birds were sitting on the fence . number2 more birds came to join them . how many more storks than birds are sitting on the fence ?,6 2 3,- number0 + number1 number2,1.0,"[0, 1, 2, 3, 4, 6, 7, 11, 12, 13, 27, 28, 29]",number0 storks and number1 birds were sitting on the fence . number2 more birds came to join them .,how many more storks than birds are sitting on the fence ?
number0 birds were sitting on the fence . number1 more storks and number2 more birds came to join them . how many more storks than birds are sitting on the fence ?,3 6 2,- number1 + number0 number2,1.0,"[0, 1, 2, 3, 5, 7, 8, 9, 10, 11, 12, 13, 14, 28, 29, 30]",number0 birds were sitting on the fence . number1 more storks and number2 more birds came to join them .,how many more storks than birds are sitting on the fence ?
after eating a hearty meal they went to see the buckingham palace . there rachel learned that number0 visitors came to the buckingham palace that day . if there were number1 visitors the previous day how many more visitors visited the buckingham palace on that day than on the previous day ?,317 295,- number0 number1,22.0,"[2, 6, 9, 10, 12, 16, 17, 18, 48, 49, 50, 29, 30, 31]",after eating a hearty meal they went to see the buckingham palace . there rachel learned that number0 visitors came to the buckingham palace that day . if there were number1 visitors the previous day,how many more visitors visited the buckingham palace on that day than on the previous day ?
after eating a hearty meal they went to see the buckingham palace . there rachel learned that number0 visitors came to the buckingham palace on the previous day . if there were number1 visitors on that day how many visited the buckingham palace within number2 days ?,703 246 25,+ number1 number0,949.0,"[32, 33, 2, 6, 43, 44, 45, 16, 17, 18, 31]",after eating a hearty meal they went to see the buckingham palace . there rachel learned that number0 visitors came to the buckingham palace on the previous day . if there were number1 visitors on that day,how many visited the buckingham palace within number2 days ?
after eating a hearty meal they went to see the buckingham palace . there rachel learned that number0 visitors came to the buckingham palace on the previous day . if there were number1 visitors on that day how many more visitors visited the buckingham palace on that day than on the previous day ?,100 666,- number1 number0,566.0,"[32, 33, 2, 6, 9, 10, 12, 16, 17, 18, 50, 51, 52, 31]",after eating a hearty meal they went to see the buckingham palace . there rachel learned that number0 visitors came to the buckingham palace on the previous day . if there were number1 visitors on that day,how many more visitors visited the buckingham palace on that day than on the previous day ?
after eating a hearty meal they went to see the buckingham palace . there rachel learned that number0 visitors came to the buckingham palace that day . if number1 people visited the buckingham palace within the past number2 days how many visitors visited the buckingham palace on the previous day ?,132 406 327,- number1 number0,274.0,"[3, 36, 37, 38, 6, 9, 13, 15, 16, 17, 18, 47, 48, 49, 27, 28, 29]",after eating a hearty meal they went to see the buckingham palace . there rachel learned that number0 visitors came to the buckingham palace that day . if number1 people visited the buckingham palace within the past number2 days,how many visitors visited the buckingham palace on the previous day ?
after eating a hearty meal they went to see the buckingham palace . there rachel learned that number0 visitors came to the buckingham palace on the previous day . if number1 people visited the buckingham palace within the past number2 days how many visitors visited the buckingham palace on that day ?,45 829 85,- number1 number0,784.0,"[3, 38, 39, 40, 6, 9, 13, 15, 16, 17, 18, 48, 49, 50, 29, 30, 31]",after eating a hearty meal they went to see the buckingham palace . there rachel learned that number0 visitors came to the buckingham palace on the previous day . if number1 people visited the buckingham palace within the past number2 days,how many visitors visited the buckingham palace on that day ?
after eating a hearty meal they went to see the buckingham palace . there were number0 paintings in the buckingham palace . there rachel learned that number1 visitors came to the buckingham palace that day . if there were number2 visitors the previous day how many visited the buckingham palace within number3 days ?,71 557 188 57,+ number1 number2,745.0,"[1, 2, 38, 39, 40, 6, 14, 15, 16, 50, 51, 52, 25, 26, 27]",after eating a hearty meal they went to see the buckingham palace . there were number0 paintings in the buckingham palace . there rachel learned that number1 visitors came to the buckingham palace that day . if there were number2 visitors the previous day,how many visited the buckingham palace within number3 days ?
after eating a hearty meal they went to see the buckingham palace . there were number0 paintings in the buckingham palace . there rachel learned that number1 visitors came to the buckingham palace that day . if there were number2 visitors the previous day how many more visitors visited the buckingham palace on that day than on the previous day ?,39 661 600,- number1 number2,61.0,"[1, 2, 58, 38, 39, 40, 6, 9, 10, 12, 59, 14, 15, 16, 25, 26, 27, 57]",after eating a hearty meal they went to see the buckingham palace . there were number0 paintings in the buckingham palace . there rachel learned that number1 visitors came to the buckingham palace that day . if there were number2 visitors the previous day,how many more visitors visited the buckingham palace on that day than on the previous day ?
after eating a hearty meal they went to see the buckingham palace . there rachel learned that number0 visitors came to the buckingham palace that day . if there were number1 visitors the previous day and number2 visitors the day before that how many visited the buckingham palace before that day ?,92 419 103,+ number1 number2,522.0,"[2, 35, 36, 37, 6, 16, 17, 18, 48, 49, 50, 29, 30, 31]",after eating a hearty meal they went to see the buckingham palace . there rachel learned that number0 visitors came to the buckingham palace that day . if there were number1 visitors the previous day and number2 visitors the day before that,how many visited the buckingham palace before that day ?
after eating a hearty meal they went to see the buckingham palace . there rachel learned that number0 visitors came to the buckingham palace that day . if there were number1 visitors the previous day and number2 visitors the day before that how many visited the buckingham palace within the past number3 days ?,512 471 808 89,+ + number0 number1 number2,1791.0,"[2, 35, 36, 37, 6, 16, 17, 18, 51, 50, 52, 23, 29, 30, 31]",after eating a hearty meal they went to see the buckingham palace . there rachel learned that number0 visitors came to the buckingham palace that day . if there were number1 visitors the previous day and number2 visitors the day before that,how many visited the buckingham palace within the past number3 days ?
after eating a hearty meal they went to see the buckingham palace . there rachel learned that number0 visitors came to the buckingham palace that day . if there were number1 visitors the previous day and number2 visitors the day before that how many more visitors visited the buckingham palace on that day than on the previous number3 days ?,705 191 457 245,- number0 + number1 number2,57.0,"[2, 35, 36, 37, 6, 16, 17, 18, 19, 56, 57, 58, 29, 30, 31]",after eating a hearty meal they went to see the buckingham palace . there rachel learned that number0 visitors came to the buckingham palace that day . if there were number1 visitors the previous day and number2 visitors the day before that,how many more visitors visited the buckingham palace on that day than on the previous number3 days ?
mary is baking a cake . the recipe calls for number0 cups of flour and number1 cups of sugar . she already put in number2 cups of flour . how many more cups of flour than cups of sugar does she need to add now ?,14 6 5,- - number0 number2 number1,3.0,"[1, 2, 9, 10, 11, 12, 42, 14, 15, 16, 43, 44, 23, 24, 25]",mary is baking a cake . the recipe calls for number0 cups of flour and number1 cups of sugar . she already put in number2 cups of flour .,how many more cups of flour than cups of sugar does she need to add now ?
mary is baking a cake . the recipe calls for number0 cups of flour and number1 cups of sugar . she already put in number2 cups of flour . how many more cups of sugar than cups of flour does she need to add now ?,9 11 4,- number1 - number0 number2,6.0,"[1, 2, 9, 10, 11, 12, 42, 14, 15, 16, 43, 44, 23, 24, 25]",mary is baking a cake . the recipe calls for number0 cups of flour and number1 cups of sugar . she already put in number2 cups of flour .,how many more cups of sugar than cups of flour does she need to add now ?
mary is baking a cake . the recipe calls for number0 cups of flour and number1 cups of sugar . she already put in some cups of flour . if she still needs number2 more cups of flour than sugar how many more cups of flour does she need to add ?,6 13 8,+ number1 number2,21.0,"[32, 33, 34, 35, 2, 5, 3, 9, 10, 11, 12, 13, 14, 15, 16, 48, 49, 50, 21]",mary is baking a cake . the recipe calls for number0 cups of flour and number1 cups of sugar . she already put in some cups of flour . if she still needs number2 more cups of flour than sugar,how many more cups of flour does she need to add ?
mary is baking a cake . the recipe calls for number0 cups of flour and number1 cups of sugar . she already put in some cups of flour . if she still needs number2 more cups of flour than sugar how many cups of flour did she put in ?,11 7 2,- - number0 number1 number2,2.0,"[32, 33, 34, 35, 2, 5, 3, 9, 10, 11, 12, 14, 15, 16, 46, 18, 47, 48]",mary is baking a cake . the recipe calls for number0 cups of flour and number1 cups of sugar . she already put in some cups of flour . if she still needs number2 more cups of flour than sugar,how many cups of flour did she put in ?
mary is baking a cake . the recipe calls for number0 cups of sugar and some more cups of flour . she already put in number1 cups of flour . if she still needs to add number2 more cups of flour how many cups of flour did the recipe require ?,11 3 6,+ number1 number2,9.0,"[35, 36, 37, 38, 7, 5, 9, 10, 11, 12, 47, 48, 49, 19, 24, 25, 26]",mary is baking a cake . the recipe calls for number0 cups of sugar and some more cups of flour . she already put in number1 cups of flour . if she still needs to add number2 more cups of flour,how many cups of flour did the recipe require ?
mary is baking a cake . the recipe calls for number0 cups of flour and number1 cups of sugar . she already put in some cups of flour . if she still needs number2 more cups of flour how many cups of flour did she put in ?,12 5 2,- number0 number2,10.0,"[32, 33, 34, 35, 2, 5, 3, 9, 10, 11, 44, 45, 14, 15, 16, 46]",mary is baking a cake . the recipe calls for number0 cups of flour and number1 cups of sugar . she already put in some cups of flour . if she still needs number2 more cups of flour,how many cups of flour did she put in ?
mary is baking a cake . the recipe calls for number0 cups of flour and number1 cups of sugar . she already put in number2 cups of flour and number3 cups of sugar . how many more cups of flour does she need to add ?,9 5 3 62,- number0 number2,6.0,"[1, 2, 8, 9, 10, 11, 42, 43, 14, 15, 16, 44, 23, 24, 25, 28, 29, 30]",mary is baking a cake . the recipe calls for number0 cups of flour and number1 cups of sugar . she already put in number2 cups of flour and number3 cups of sugar .,how many more cups of flour does she need to add ?
mary is baking a cake . the recipe calls for number0 cups of flour and number1 cups of sugar . she already put in number2 cups of flour and number3 cups of sugar . how many more cups of sugar does she need to add ?,5 14 10 2,- number1 number3,12.0,"[1, 2, 8, 9, 10, 11, 42, 43, 14, 15, 16, 44, 23, 24, 25, 28, 29, 30]",mary is baking a cake . the recipe calls for number0 cups of flour and number1 cups of sugar . she already put in number2 cups of flour and number3 cups of sugar .,how many more cups of sugar does she need to add ?
mary is baking a cake . the recipe calls for number0 cups of flour number1 cups of sugar and number2 cups of salt . she already put in number3 cups of flour . how many more cups of flour does she need to add ?,12 5 49 11,- number0 number3,1.0,"[1, 2, 8, 9, 10, 11, 41, 13, 14, 15, 42, 43, 18, 19, 20, 27, 28, 29]",mary is baking a cake . the recipe calls for number0 cups of flour number1 cups of sugar and number2 cups of salt . she already put in number3 cups of flour .,how many more cups of flour does she need to add ?
mary is baking a cake . the recipe calls for number0 cups of flour number1 cups of sugar and number2 cups of salt . she already put in number3 cups of flour . how many more cups of flour than cups of sugar does she need to add now ?,10 2 80 7,- - number0 number3 number1,1.0,"[1, 2, 9, 10, 11, 12, 13, 14, 15, 46, 47, 18, 19, 20, 48, 27, 28, 29]",mary is baking a cake . the recipe calls for number0 cups of flour number1 cups of sugar and number2 cups of salt . she already put in number3 cups of flour .,how many more cups of flour than cups of sugar does she need to add now ?
mary is baking a cake . the recipe calls for number0 cups of flour number1 cups of sugar and number2 cups of salt . she already put in number3 cups of flour . how many more cups of flour than cups of salt does she need to add now ?,12 14 7 2,- - number0 number3 number2,3.0,"[1, 2, 9, 10, 11, 12, 13, 14, 15, 46, 47, 18, 19, 20, 48, 27, 28, 29]",mary is baking a cake . the recipe calls for number0 cups of flour number1 cups of sugar and number2 cups of salt . she already put in number3 cups of flour .,how many more cups of flour than cups of salt does she need to add now ?
mary is baking a cake . the recipe calls for number0 cups of flour number1 cups of sugar and number2 cups of salt . she already put in number3 cups of flour . how many more cups of sugar than cups of salt does she need to add now ?,6 8 7 5,- number1 number2,1.0,"[1, 2, 9, 10, 11, 12, 13, 14, 15, 46, 47, 18, 19, 20, 48, 27, 28, 29]",mary is baking a cake . the recipe calls for number0 cups of flour number1 cups of sugar and number2 cups of salt . she already put in number3 cups of flour .,how many more cups of sugar than cups of salt does she need to add now ?
mary is baking a cake . the recipe calls for number0 cups of flour and number1 cups of sugar . she already put in number2 cups of sugar . how many more cups of sugar does she need to add ?,12 13 2,- number1 number2,11.0,"[1, 2, 37, 38, 39, 8, 9, 10, 11, 14, 15, 16, 23, 24, 25]",mary is baking a cake . the recipe calls for number0 cups of flour and number1 cups of sugar . she already put in number2 cups of sugar .,how many more cups of sugar does she need to add ?
mary is baking a cake . the recipe calls for number0 cups of flour and number1 cups of sugar . she already put in number2 cups of sugar . how many more cups of flour than cups of sugar does she need to add now ?,9 6 4,- number0 - number1 number2,7.0,"[1, 2, 9, 10, 11, 12, 42, 14, 15, 16, 43, 44, 23, 24, 25]",mary is baking a cake . the recipe calls for number0 cups of flour and number1 cups of sugar . she already put in number2 cups of sugar .,how many more cups of flour than cups of sugar does she need to add now ?
mary is baking a cake . the recipe calls for number0 cups of sugar and number1 cups of flour . she already put in number2 cups of flour . how many more cups of flour than cups of sugar does she need to add now ?,6 9 2,- - number1 number2 number0,1.0,"[1, 2, 9, 10, 11, 12, 42, 14, 15, 16, 43, 44, 23, 24, 25]",mary is baking a cake . the recipe calls for number0 cups of sugar and number1 cups of flour . she already put in number2 cups of flour .,how many more cups of flour than cups of sugar does she need to add now ?
mary is baking a cake . the recipe calls for number0 cups of sugar and number1 cups of flour . she already put in number2 cups of flour . how many more cups of sugar than cups of flour does she need to add now ?,5 14 11,- number0 - number1 number2,2.0,"[1, 2, 9, 10, 11, 12, 42, 14, 15, 16, 43, 44, 23, 24, 25]",mary is baking a cake . the recipe calls for number0 cups of sugar and number1 cups of flour . she already put in number2 cups of flour .,how many more cups of sugar than cups of flour does she need to add now ?
mary is baking a cake . the recipe calls for number0 cups of sugar and number1 cups of flour . she already put in some cups of flour . if she still needs number2 more cups of flour than sugar how many cups of flour did she put in ?,3 10 5,- - number1 number0 number2,2.0,"[32, 33, 34, 35, 2, 5, 3, 9, 10, 11, 12, 14, 15, 16, 46, 18, 47, 48]",mary is baking a cake . the recipe calls for number0 cups of sugar and number1 cups of flour . she already put in some cups of flour . if she still needs number2 more cups of flour than sugar,how many cups of flour did she put in ?
mary is baking a cake . the recipe calls for number0 cups of sugar and number1 cups of flour . she already put in some cups of flour . if she still needs number2 more cups of flour how many cups of flour did she put in ?,5 13 12,- number1 number2,1.0,"[32, 33, 34, 35, 2, 5, 3, 9, 10, 11, 44, 45, 14, 15, 16, 46]",mary is baking a cake . the recipe calls for number0 cups of sugar and number1 cups of flour . she already put in some cups of flour . if she still needs number2 more cups of flour,how many cups of flour did she put in ?
mary is baking a cake . the recipe calls for number0 cups of sugar and number1 cups of flour . she already put in number2 cups of flour and number3 cups of sugar . how many more cups of flour does she need to add ?,6 14 7 60,- number1 number2,7.0,"[1, 2, 8, 9, 10, 11, 42, 43, 14, 15, 16, 44, 23, 24, 25, 28, 29, 30]",mary is baking a cake . the recipe calls for number0 cups of sugar and number1 cups of flour . she already put in number2 cups of flour and number3 cups of sugar .,how many more cups of flour does she need to add ?
mary is baking a cake . the recipe calls for number0 cups of sugar and number1 cups of flour . she already put in number2 cups of flour and number3 cups of sugar . how many more cups of sugar does she need to add ?,11 9 12 10,- number0 number3,1.0,"[1, 2, 8, 9, 10, 11, 42, 43, 14, 15, 16, 44, 23, 24, 25, 28, 29, 30]",mary is baking a cake . the recipe calls for number0 cups of sugar and number1 cups of flour . she already put in number2 cups of flour and number3 cups of sugar .,how many more cups of sugar does she need to add ?
mary is baking a cake . the recipe calls for number0 cups of sugar number1 cups of flour and number2 cups of salt . she already put in number3 cups of flour . how many more cups of flour does she need to add ?,3 10 15 6,- number1 number3,4.0,"[1, 2, 8, 9, 10, 11, 41, 13, 14, 15, 42, 43, 18, 19, 20, 27, 28, 29]",mary is baking a cake . the recipe calls for number0 cups of sugar number1 cups of flour and number2 cups of salt . she already put in number3 cups of flour .,how many more cups of flour does she need to add ?
mary is baking a cake . the recipe calls for number0 cups of sugar number1 cups of flour and number2 cups of salt . she already put in number3 cups of flour . how many more cups of flour than cups of sugar does she need to add now ?,9 14 40 4,- - number1 number3 number0,1.0,"[1, 2, 9, 10, 11, 12, 13, 14, 15, 46, 47, 18, 19, 20, 48, 27, 28, 29]",mary is baking a cake . the recipe calls for number0 cups of sugar number1 cups of flour and number2 cups of salt . she already put in number3 cups of flour .,how many more cups of flour than cups of sugar does she need to add now ?
mary is baking a cake . the recipe calls for number0 cups of sugar number1 cups of flour and number2 cups of salt . she already put in number3 cups of flour . how many more cups of flour than cups of salt does she need to add now ?,9 7 4 2,- - number1 number3 number2,1.0,"[1, 2, 9, 10, 11, 12, 13, 14, 15, 46, 47, 18, 19, 20, 48, 27, 28, 29]",mary is baking a cake . the recipe calls for number0 cups of sugar number1 cups of flour and number2 cups of salt . she already put in number3 cups of flour .,how many more cups of flour than cups of salt does she need to add now ?
mary is baking a cake . the recipe calls for number0 cups of sugar number1 cups of flour and number2 cups of salt . she already put in number3 cups of flour . how many more cups of sugar than cups of salt does she need to add now ?,11 6 9 12,- number0 number2,2.0,"[1, 2, 9, 10, 11, 12, 13, 14, 15, 46, 47, 18, 19, 20, 48, 27, 28, 29]",mary is baking a cake . the recipe calls for number0 cups of sugar number1 cups of flour and number2 cups of salt . she already put in number3 cups of flour .,how many more cups of sugar than cups of salt does she need to add now ?
mary is baking a cake . the recipe calls for number0 cups of sugar and number1 cups of flour . she already put in number2 cups of sugar . how many more cups of sugar does she need to add ?,7 10 4,- number0 number2,3.0,"[1, 2, 37, 38, 39, 8, 9, 10, 11, 14, 15, 16, 23, 24, 25]",mary is baking a cake . the recipe calls for number0 cups of sugar and number1 cups of flour . she already put in number2 cups of sugar .,how many more cups of sugar does she need to add ?
mary is baking a cake . the recipe calls for number0 cups of sugar and number1 cups of flour . she already put in number2 cups of sugar . how many more cups of flour than cups of sugar does she need to add now ?,12 14 10,- number1 - number0 number2,12.0,"[1, 2, 9, 10, 11, 12, 42, 14, 15, 16, 43, 44, 23, 24, 25]",mary is baking a cake . the recipe calls for number0 cups of sugar and number1 cups of flour . she already put in number2 cups of sugar .,how many more cups of flour than cups of sugar does she need to add now ?
last week fred had number0 dollars and jason had number1 dollars . jason washed cars over the weekend and now has number2 dollars . how much money did jason make washing cars ?,60 19 33,- number2 number1,14.0,"[3, 4, 5, 8, 9, 10, 20, 21, 22, 29, 30, 31]",last week fred had number0 dollars and jason had number1 dollars . jason washed cars over the weekend and now has number2 dollars .,how much money did jason make washing cars ?
last week fred had number0 dollars and jason had number1 dollars . fred washed cars over the weekend and now has number2 dollars and jason did not work . how much money do they have together now ?,86 5 9,+ number1 number2,14.0,"[34, 3, 4, 5, 35, 36, 8, 9, 10, 20, 21, 22]",last week fred had number0 dollars and jason had number1 dollars . fred washed cars over the weekend and now has number2 dollars and jason did not work .,how much money do they have together now ?
last week fred had number0 dollars and jason had number1 dollars . they washed cars over the weekend and now fred has number2 dollars and jason has number3 dollars . how much money did fred earn over the weekend ?,19 16 40 69,- number2 number0,21.0,"[3, 4, 5, 36, 37, 8, 9, 10, 38, 14, 21, 22, 23, 26, 27, 28]",last week fred had number0 dollars and jason had number1 dollars . they washed cars over the weekend and now fred has number2 dollars and jason has number3 dollars .,how much money did fred earn over the weekend ?
last week fred had number0 dollars and jason had number1 dollars . they washed cars over the weekend and now fred has number2 dollars and jason has number3 dollars . how much money did jason make over the weekend ?,114 22 21 78,- number3 number1,56.0,"[3, 4, 5, 36, 37, 8, 9, 10, 38, 14, 21, 22, 23, 26, 27, 28]",last week fred had number0 dollars and jason had number1 dollars . they washed cars over the weekend and now fred has number2 dollars and jason has number3 dollars .,how much money did jason make over the weekend ?
last week fred had number0 dollars and jason had number1 dollars . fred washed cars over the weekend and now has number2 dollars . jason delivered newspapers and now has number3 dollars . how much money did they earn by washing cars ?,111 40 115 44,- number2 number0,4.0,"[3, 4, 5, 39, 8, 9, 10, 40, 41, 17, 20, 21, 22, 29, 30, 31]",last week fred had number0 dollars and jason had number1 dollars . fred washed cars over the weekend and now has number2 dollars . jason delivered newspapers and now has number3 dollars .,how much money did they earn by washing cars ?
last week fred had number0 dollars and jason had number1 dollars . fred washed cars over the weekend and now has number2 dollars . jason delivered newspapers and now has number3 dollars . how much money did they earn by delivering newspapers ?,49 3 112 63,- number2 number0,63.0,"[3, 4, 5, 39, 8, 9, 10, 40, 41, 17, 20, 21, 22, 29, 30, 31]",last week fred had number0 dollars and jason had number1 dollars . fred washed cars over the weekend and now has number2 dollars . jason delivered newspapers and now has number3 dollars .,how much money did they earn by delivering newspapers ?
last week fred had number0 dollars and jason had number1 dollars . jason delivered newspapers and now has number2 dollars . fred washed cars over the weekend and now has number3 dollars . how much money did they earn by delivering newspapers ?,78 31 14 90,- number3 number0,12.0,"[3, 4, 5, 39, 8, 9, 10, 40, 41, 17, 18, 19, 29, 30, 31]",last week fred had number0 dollars and jason had number1 dollars . jason delivered newspapers and now has number2 dollars . fred washed cars over the weekend and now has number3 dollars .,how much money did they earn by delivering newspapers ?
last week fred had number0 dollars and jason had number1 dollars . over the weekend fred delivered newspapers earning number2 dollars and washed cars earning number3 dollars . how much money did fred earn over the weekend ?,33 95 16 74,+ number2 number3,90.0,"[34, 3, 4, 5, 35, 36, 8, 9, 10, 18, 19, 20, 24, 25, 26]",last week fred had number0 dollars and jason had number1 dollars . over the weekend fred delivered newspapers earning number2 dollars and washed cars earning number3 dollars .,how much money did fred earn over the weekend ?
last week fred had number0 dollars and jason had number1 dollars . over the weekend fred delivered newspapers earning number2 dollars and washed cars earning number3 dollars . how much money does fred have now ?,47 99 111 34,+ + number0 number2 number3,192.0,"[32, 33, 34, 3, 4, 5, 8, 9, 10, 18, 19, 20, 24, 25, 26]",last week fred had number0 dollars and jason had number1 dollars . over the weekend fred delivered newspapers earning number2 dollars and washed cars earning number3 dollars .,how much money does fred have now ?
dan has $ number0 left with him after he bought a candy bar for $ number1 . how much money did he have initially ?,3 2,+ number0 number1,5.0,"[1, 2, 3, 4, 14, 15, 21, 22, 23]",dan has $ number0 left with him after he bought a candy bar for $ number1 .,how much money did he have initially ?
dan has $ number0 . he had $ number1 left with him after he bought a candy bar . how much did the candy bar cost ?,4 3,- number0 number1,1.0,"[1, 2, 3, 6, 7, 8, 9, 23, 24, 25]",dan has $ number0 . he had $ number1 left with him after he bought a candy bar .,how much did the candy bar cost ?
dan has $ number0 . he bought number1 candy bar for $ number2 each one costing the same amount of money . how much money is left ?,4 99 3,- number0 number2,1.0,"[1, 2, 3, 6, 7, 8, 9, 11, 12, 13, 24, 25, 26]",dan has $ number0 . he bought number1 candy bar for $ number2 each one costing the same amount of money .,how much money is left ?
dan has $ number0 . he bought number1 candy bar for $ number2 each one costing the same amount of money . how much did each candy bar cost ?,3 2 4,/ number2 number1,2.0,"[1, 2, 3, 6, 7, 8, 9, 11, 12, 13, 25, 26, 27, 28]",dan has $ number0 . he bought number1 candy bar for $ number2 each one costing the same amount of money .,how much did each candy bar cost ?
dan has $ number0 . he bought some candy bar for $ number1 each one costing $ number2 . how many candy bar did he buy ?,2 6 3,/ number1 number2,2.0,"[1, 2, 3, 11, 12, 13, 15, 16, 17, 23, 24, 25]",dan has $ number0 . he bought some candy bar for $ number1 each one costing $ number2 .,how many candy bar did he buy ?
dan has $ number0 . he bought a candy bar for $ number1 and a chocolate for $ number2 . how much money is left ?,7 2 3,- number0 + number1 number2,2.0,"[1, 2, 3, 11, 12, 13, 17, 18, 22, 23, 24]",dan has $ number0 . he bought a candy bar for $ number1 and a chocolate for $ number2 .,how much money is left ?
dan has $ number0 . he bought a candy bar for $ number1 and a chocolate for $ number2 . how much money did he spend buying the candy bar and chocolate ?,4 7 6,+ number1 number2,13.0,"[1, 2, 3, 11, 12, 13, 17, 18, 29, 30, 31]",dan has $ number0 . he bought a candy bar for $ number1 and a chocolate for $ number2 .,how much money did he spend buying the candy bar and chocolate ?
dan has $ number0 . he bought a candy bar for $ number1 and a chocolate for $ number2 . how much money did he spend to buy candy bar than he did to buy chocolate ?,2 6 3,- number1 number2,3.0,"[1, 2, 3, 33, 34, 35, 11, 12, 13, 17, 18]",dan has $ number0 . he bought a candy bar for $ number1 and a chocolate for $ number2 .,how much money did he spend to buy candy bar than he did to buy chocolate ?
dan has $ number0 . he bought a candy bar for $ number1 and a chocolate for $ number2 . how much money did he spend to buy chocolate than he did to buy candy bar ?,5 2 3,- number2 number1,1.0,"[1, 2, 3, 33, 34, 35, 11, 12, 13, 17, 18]",dan has $ number0 . he bought a candy bar for $ number1 and a chocolate for $ number2 .,how much money did he spend to buy chocolate than he did to buy candy bar ?
dan has $ number0 . he bought a candy bar for $ number1 . then his friend have him $ number2 how much money is left ?,4 8 5,+ - number0 number1 number2,1.0,"[1, 2, 3, 11, 12, 17, 19, 20, 21, 23, 24, 25]",dan has $ number0 . he bought a candy bar for $ number1 . then his friend have him $ number2,how much money is left ?
dan had $ number0 left with him after he bought a candy bar . if he had $ number1 at the start how much did the candy bar cost ?,3 4,- number1 number0,1.0,"[1, 2, 3, 4, 17, 18, 19, 26, 27, 28]",dan had $ number0 left with him after he bought a candy bar . if he had $ number1 at the start,how much did the candy bar cost ?
dan has $ number0 . for a total of $ number1 he bought number2 candy bar each one costing the same amount of money . how much money is left ?,4 3 10,- number0 number1,1.0,"[1, 2, 3, 9, 10, 11, 12, 13, 14, 15, 16, 27, 28, 29]",dan has $ number0 . for a total of $ number1 he bought number2 candy bar each one costing the same amount of money .,how much money is left ?
dan has $ number0 . for a total of $ number1 he bought number2 candy bar each one costing the same amount of money . how much did each candy bar cost ?,3 4 2,/ number1 number2,2.0,"[1, 2, 3, 9, 10, 11, 12, 13, 14, 15, 16, 28, 29, 30, 31]",dan has $ number0 . for a total of $ number1 he bought number2 candy bar each one costing the same amount of money .,how much did each candy bar cost ?
dan has $ number0 . he bought a chocolate for $ number1 and a candy bar for $ number2 . how much money did he spend to buy candy bar than he did to buy chocolate ?,5 3 7,- number2 number1,4.0,"[1, 2, 3, 33, 34, 35, 10, 11, 12, 17, 18]",dan has $ number0 . he bought a chocolate for $ number1 and a candy bar for $ number2 .,how much money did he spend to buy candy bar than he did to buy chocolate ?
dan has $ number0 . he bought a chocolate for $ number1 and a candy bar for $ number2 . how much money did he spend to buy chocolate than he did to buy candy bar ?,4 7 2,- number1 number2,5.0,"[1, 2, 3, 33, 34, 35, 10, 11, 12, 17, 18]",dan has $ number0 . he bought a chocolate for $ number1 and a candy bar for $ number2 .,how much money did he spend to buy chocolate than he did to buy candy bar ?
there were number0 roses in the vase . jessica cut number1 more roses from her flower garden and put them in the vase . how many roses are there in the vase now ?,10 8,+ number0 number1,18.0,"[32, 1, 2, 3, 4, 9, 10, 11, 12, 30, 31]",there were number0 roses in the vase . jessica cut number1 more roses from her flower garden and put them in the vase .,how many roses are there in the vase now ?
there were some roses in the vase . jessica cut number0 more roses from her flower garden and put them in the vase . there are now number1 roses in the vase . how many roses were there in the vase at the beginning ?,16 23,- number1 number0,7.0,"[1, 3, 4, 9, 10, 11, 12, 41, 42, 43, 26, 27, 28]",there were some roses in the vase . jessica cut number0 more roses from her flower garden and put them in the vase . there are now number1 roses in the vase .,how many roses were there in the vase at the beginning ?
there were number0 roses in the vase . jessica threw away number1 roses from the vase and cut some more new roses from her flower garden to put in the vase . there are now number2 roses in the vase . how many roses did she cut ?,2 4 23,- + number2 number1 number0,25.0,"[1, 2, 3, 35, 34, 36, 5, 9, 10, 11, 12, 44, 45, 46]",there were number0 roses in the vase . jessica threw away number1 roses from the vase and cut some more new roses from her flower garden to put in the vase . there are now number2 roses in the vase .,how many roses did she cut ?
there were number0 roses in the vase . jessica threw away number1 roses from the vase and cut some more new roses from her flower garden to put in the vase . there are now number2 roses in the vase . how many more roses did she cut than those she threw away ?,15 33 17,- number2 number0,2.0,"[1, 2, 3, 35, 34, 36, 6, 9, 10, 11, 12, 50, 51, 52]",there were number0 roses in the vase . jessica threw away number1 roses from the vase and cut some more new roses from her flower garden to put in the vase . there are now number2 roses in the vase .,how many more roses did she cut than those she threw away ?
there were number0 roses in the vase . jessica threw away number1 roses from the vase and cut some more new roses from her flower garden to put in the vase . there are now number2 roses in the vase . how many more roses did she throw away than those she cut from her garden ?,21 34 15,- number0 number2,6.0,"[1, 2, 3, 35, 34, 36, 6, 9, 10, 11, 12, 53, 54, 55]",there were number0 roses in the vase . jessica threw away number1 roses from the vase and cut some more new roses from her flower garden to put in the vase . there are now number2 roses in the vase .,how many more roses did she throw away than those she cut from her garden ?
there were number0 roses in the vase . jessica cut some more roses from her flower garden which had a total of number1 roses . there are now number2 roses in the vase . how many roses did she cut ?,7 59 20,- number2 number0,13.0,"[1, 2, 3, 5, 37, 38, 39, 21, 22, 23, 27, 28, 29]",there were number0 roses in the vase . jessica cut some more roses from her flower garden which had a total of number1 roses . there are now number2 roses in the vase .,how many roses did she cut ?
there were number0 roses in the vase . jessica cut some more roses from her flower garden which had a total of number1 roses . there are now number2 roses in the vase . how many roses are left in the garden ?,13 12 21,- number1 - number2 number0,4.0,"[1, 2, 3, 39, 40, 41, 21, 22, 23, 27, 28, 29]",there were number0 roses in the vase . jessica cut some more roses from her flower garden which had a total of number1 roses . there are now number2 roses in the vase .,how many roses are left in the garden ?
there were number0 roses and number1 orchids in the vase . jessica cut some more roses and orchids from her flower garden . there are now number2 roses and number3 orchids in the vase . how many roses did she cut ?,15 62 17 96,- number2 number0,2.0,"[1, 2, 3, 4, 5, 6, 38, 39, 40, 25, 26, 27, 28, 29, 30]",there were number0 roses and number1 orchids in the vase . jessica cut some more roses and orchids from her flower garden . there are now number2 roses and number3 orchids in the vase .,how many roses did she cut ?
there were number0 roses and number1 orchids in the vase . jessica cut some more roses and orchids from her flower garden . there are now number2 roses and number3 orchids in the vase . how many orchids did she cut ?,12 2 10 21,- number3 number1,19.0,"[1, 2, 3, 4, 5, 6, 38, 39, 40, 25, 26, 27, 28, 29, 30]",there were number0 roses and number1 orchids in the vase . jessica cut some more roses and orchids from her flower garden . there are now number2 roses and number3 orchids in the vase .,how many orchids did she cut ?
there were number0 roses and number1 orchids in the vase . jessica cut some more roses and orchids from her flower garden . there are now number2 roses and number3 orchids in the vase . how many more roses than orchids are there in the vase now ?,5 3 12 2,- number2 number3,10.0,"[1, 2, 3, 4, 5, 6, 7, 44, 45, 46, 25, 26, 27, 28, 29, 30]",there were number0 roses and number1 orchids in the vase . jessica cut some more roses and orchids from her flower garden . there are now number2 roses and number3 orchids in the vase .,how many more roses than orchids are there in the vase now ?
there were number0 roses and number1 orchids in the vase . jessica cut some more roses and orchids from her flower garden . there are now number2 roses and number3 orchids in the vase . how many more orchids than roses are there in the vase now ?,7 12 11 20,- number3 number2,9.0,"[1, 2, 3, 4, 5, 6, 7, 44, 45, 46, 25, 26, 27, 28, 29, 30]",there were number0 roses and number1 orchids in the vase . jessica cut some more roses and orchids from her flower garden . there are now number2 roses and number3 orchids in the vase .,how many more orchids than roses are there in the vase now ?
jessica cut some roses from her flower garden to put in her vase . there are now number0 roses in the vase . if there were number1 roses in the vase initially how many roses did she cut ?,19 3,- number0 number1,16.0,"[1, 2, 35, 36, 37, 10, 14, 16, 17, 18, 25, 26, 27]",jessica cut some roses from her flower garden to put in her vase . there are now number0 roses in the vase . if there were number1 roses in the vase initially,how many roses did she cut ?
there were number0 roses and number1 orchids in the vase . jessica cut some more roses and orchids from her flower garden . there are now number2 orchids and number3 roses in the vase . how many roses did she cut ?,13 84 91 14,- number3 number0,1.0,"[1, 2, 3, 4, 5, 6, 38, 39, 40, 25, 26, 27, 28, 29, 30]",there were number0 roses and number1 orchids in the vase . jessica cut some more roses and orchids from her flower garden . there are now number2 orchids and number3 roses in the vase .,how many roses did she cut ?
there were number0 roses and number1 orchids in the vase . jessica cut some more roses and orchids from her flower garden . there are now number2 orchids and number3 roses in the vase . how many orchids did she cut ?,16 3 7 13,- number2 number1,4.0,"[1, 2, 3, 4, 5, 6, 38, 39, 40, 25, 26, 27, 28, 29, 30]",there were number0 roses and number1 orchids in the vase . jessica cut some more roses and orchids from her flower garden . there are now number2 orchids and number3 roses in the vase .,how many orchids did she cut ?
there were number0 roses and number1 orchids in the vase . jessica cut some more roses and orchids from her flower garden . there are now number2 orchids and number3 roses in the vase . how many more roses than orchids are there in the vase now ?,6 20 21 22,- number3 number2,1.0,"[1, 2, 3, 4, 5, 6, 7, 44, 45, 46, 25, 26, 27, 28, 29, 30]",there were number0 roses and number1 orchids in the vase . jessica cut some more roses and orchids from her flower garden . there are now number2 orchids and number3 roses in the vase .,how many more roses than orchids are there in the vase now ?
there were number0 roses and number1 orchids in the vase . jessica cut some more roses and orchids from her flower garden . there are now number2 orchids and number3 roses in the vase . how many more orchids than roses are there in the vase now ?,9 6 13 3,- number2 number3,10.0,"[1, 2, 3, 4, 5, 6, 7, 44, 45, 46, 25, 26, 27, 28, 29, 30]",there were number0 roses and number1 orchids in the vase . jessica cut some more roses and orchids from her flower garden . there are now number2 orchids and number3 roses in the vase .,how many more orchids than roses are there in the vase now ?
paul had number0 books . he sold number1 books in a garage sale . how many books does he have left with him ?,115 78,- number0 number1,37.0,"[1, 2, 3, 6, 7, 8, 20, 21, 22]",paul had number0 books . he sold number1 books in a garage sale .,how many books does he have left with him ?
paul had some books . after selling number0 in a garage sale he had number1 left . how many books did he have at the start ?,137 105,+ number0 number1,242.0,"[6, 7, 8, 13, 14, 15, 23, 24, 25]",paul had some books . after selling number0 in a garage sale he had number1 left .,how many books did he have at the start ?
paul had number0 books . after selling some books in a garage sale and giving number1 books to his friend he had number2 books left . how many books did he sell in the garage sale ?,108 35 62,- - number0 number1 number2,11.0,"[1, 2, 3, 33, 5, 34, 35, 9, 14, 15, 16, 21, 22, 23]",paul had number0 books . after selling some books in a garage sale and giving number1 books to his friend he had number2 books left .,how many books did he sell in the garage sale ?
paul had number0 books . after buying some in a garage sale he had number1 left . how many books did he buy ?,50 151,- number1 number0,101.0,"[1, 2, 3, 5, 8, 13, 14, 15, 20, 21, 22]",paul had number0 books . after buying some in a garage sale he had number1 left .,how many books did he buy ?
paul had number0 books . after selling some in a garage sale he bought number1 new ones . if he has number2 books now how many books did he sell ?,2 150 58,- + number0 number1 number2,94.0,"[1, 2, 3, 7, 8, 10, 11, 13, 14, 15, 16, 20, 21, 22, 27, 28, 29]",paul had number0 books . after selling some in a garage sale he bought number1 new ones . if he has number2 books now,how many books did he sell ?
paul had number0 books . after selling some in a garage sale he bought number1 new ones . if he has number2 books now how many more books did he sell than he bought ?,21 42 15,- number0 number2,6.0,"[32, 1, 2, 3, 33, 7, 8, 10, 12, 13, 14, 15, 16, 20, 21, 22, 31]",paul had number0 books . after selling some in a garage sale he bought number1 new ones . if he has number2 books now,how many more books did he sell than he bought ?
paul had number0 books . after selling some in a garage sale he bought number1 new ones . if he has number2 books now how many more books did he buy than he sold ?,71 38 116,- number2 number0,45.0,"[32, 1, 2, 3, 33, 7, 8, 10, 12, 13, 14, 15, 16, 20, 21, 22, 31]",paul had number0 books . after selling some in a garage sale he bought number1 new ones . if he has number2 books now,how many more books did he buy than he sold ?
paul had number0 books and number1 pens . after selling some books and pens in a garage sale he had number2 books and number3 pens left . how many books did he sell in the garage sale ?,108 55 66 59,- number0 number2,42.0,"[1, 2, 3, 4, 5, 6, 34, 35, 9, 36, 19, 20, 21, 22, 23, 24, 25]",paul had number0 books and number1 pens . after selling some books and pens in a garage sale he had number2 books and number3 pens left .,how many books did he sell in the garage sale ?
paul had number0 books and number1 pens . after selling some books and pens in a garage sale he had number2 books and number3 pens left . how many pens did he sell in the garage sale ?,51 106 82 14,- number1 number3,92.0,"[1, 2, 3, 4, 5, 6, 34, 35, 9, 36, 19, 20, 21, 22, 23, 24, 25]",paul had number0 books and number1 pens . after selling some books and pens in a garage sale he had number2 books and number3 pens left .,how many pens did he sell in the garage sale ?
paul sold some books in a garage sale leaving him with number0 books . if he had number1 books initially how many books did he sell ?,27 136,- number1 number0,109.0,"[1, 2, 7, 10, 11, 12, 16, 17, 18, 23, 24, 25]",paul sold some books in a garage sale leaving him with number0 books . if he had number1 books initially,how many books did he sell ?
paul had number0 books . after giving number1 books to his friend and selling some books in a garage sale he had number2 books left . how many books did he sell in the garage sale ?,134 39 68,- - number0 number1 number2,27.0,"[1, 2, 3, 33, 5, 6, 7, 8, 34, 35, 13, 21, 22, 23]",paul had number0 books . after giving number1 books to his friend and selling some books in a garage sale he had number2 books left .,how many books did he sell in the garage sale ?
paul had number0 pens and number1 books . after selling some books and pens in a garage sale he had number2 books and number3 pens left . how many books did he sell in the garage sale ?,95 153 13 23,- number1 number2,140.0,"[1, 2, 3, 4, 5, 6, 34, 35, 9, 36, 19, 20, 21, 22, 23, 24, 25]",paul had number0 pens and number1 books . after selling some books and pens in a garage sale he had number2 books and number3 pens left .,how many books did he sell in the garage sale ?
paul had number0 pens and number1 books . after selling some books and pens in a garage sale he had number2 books and number3 pens left . how many pens did he sell in the garage sale ?,42 143 113 19,- number0 number3,23.0,"[1, 2, 3, 4, 5, 6, 34, 35, 36, 11, 17, 19, 20, 21, 22, 23, 24]",paul had number0 pens and number1 books . after selling some books and pens in a garage sale he had number2 books and number3 pens left .,how many pens did he sell in the garage sale ?
winter is almost here and most animals are migrating to warmer countries . there are number0 bird families living near the mountain . if number1 bird families flew away for winter how many more bird families flew away for the winter than those that stayed behind ?,19 60,- number1 - number0 number1,101.0,"[1, 4, 9, 10, 43, 44, 13, 14, 15, 16, 17, 45, 23, 24, 25, 26]",winter is almost here and most animals are migrating to warmer countries . there are number0 bird families living near the mountain . if number1 bird families flew away for winter,how many more bird families flew away for the winter than those that stayed behind ?
winter is almost here and most animals are migrating to warmer countries . there are number0 bird families living near the mountain . if number1 bird families flew away for winter how many more bird families stayed behind than those that flew away for the winter ?,87 7,- - number0 number1 number1,73.0,"[1, 4, 9, 10, 43, 44, 13, 14, 15, 16, 17, 45, 23, 24, 25, 26]",winter is almost here and most animals are migrating to warmer countries . there are number0 bird families living near the mountain . if number1 bird families flew away for winter,how many more bird families stayed behind than those that flew away for the winter ?
winter is almost here and most animals are migrating to warmer countries . there are some bird families living near the mountain . number0 bird families flew away for winter while number1 bird families stayed behind . how many bird families were living near the mountain at the start ?,20 14,+ number0 number1,34.0,"[32, 33, 1, 3, 5, 11, 46, 47, 48, 23, 24, 25, 30, 31]",winter is almost here and most animals are migrating to warmer countries . there are some bird families living near the mountain . number0 bird families flew away for winter while number1 bird families stayed behind .,how many bird families were living near the mountain at the start ?
winter is almost here and most animals are migrating to warmer countries . there are number0 bird families living near the mountain . if number1 bird families flew away to africa and number2 bird families flew away to asia how many bird families were left near the mountain ?,85 23 37,- number0 + number1 number2,25.0,"[32, 33, 34, 1, 4, 12, 45, 14, 15, 16, 17, 46, 47, 23, 24, 25, 26, 31]",winter is almost here and most animals are migrating to warmer countries . there are number0 bird families living near the mountain . if number1 bird families flew away to africa and number2 bird families flew away to asia,how many bird families were left near the mountain ?
winter is almost here and most animals are migrating to warmer countries . there are number0 bird families living near the mountain . if number1 bird families flew away to africa and number2 bird families flew away to asia how many more bird families flew away to africa than those that flew away to asia ?,8 42 31,- number1 number2,11.0,"[32, 33, 34, 1, 4, 12, 14, 15, 16, 17, 18, 52, 21, 53, 23, 24, 25, 26, 54, 31]",winter is almost here and most animals are migrating to warmer countries . there are number0 bird families living near the mountain . if number1 bird families flew away to africa and number2 bird families flew away to asia,how many more bird families flew away to africa than those that flew away to asia ?
winter is almost here and most animals are migrating to warmer countries . there are number0 bird families living near the mountain . if number1 bird families flew away to africa and number2 bird families flew away to asia how many more bird families flew away to asia than those that flew away to africa ?,38 47 94,- number2 number1,47.0,"[32, 33, 34, 1, 4, 12, 14, 15, 16, 17, 18, 52, 21, 53, 23, 24, 25, 26, 54, 31]",winter is almost here and most animals are migrating to warmer countries . there are number0 bird families living near the mountain . if number1 bird families flew away to africa and number2 bird families flew away to asia,how many more bird families flew away to asia than those that flew away to africa ?
winter is almost here and most animals are migrating to warmer countries . there are number0 bird families living near the mountain . if number1 bird families flew away to africa and number2 bird families flew away to asia how many bird families flew away for the winter ?,18 38 80,+ number1 number2,118.0,"[32, 33, 34, 1, 4, 12, 45, 14, 15, 16, 17, 46, 47, 20, 23, 24, 25, 26, 31]",winter is almost here and most animals are migrating to warmer countries . there are number0 bird families living near the mountain . if number1 bird families flew away to africa and number2 bird families flew away to asia,how many bird families flew away for the winter ?
summer is almost here and most animals are migrating back to cooler countries . there are number0 bird families living near a mountain . if number1 new bird families joined them how many bird families live near the mountain now ?,87 18,+ number0 number1,105.0,"[1, 2, 5, 37, 38, 8, 39, 11, 15, 16, 17, 18, 24, 25, 26, 28]",summer is almost here and most animals are migrating back to cooler countries . there are number0 bird families living near a mountain . if number1 new bird families joined them,how many bird families live near the mountain now ?
winter is almost here and most animals are migrating to warmer countries . there are number0 bird families living near the mountain . number1 bird families flew away for winter and number2 new bird families came to live near the mountain from the arctic . how many bird families were left near the mountain ?,49 59 24,+ - number0 number1 number2,14.0,"[32, 1, 34, 3, 9, 12, 14, 15, 16, 17, 51, 52, 53, 23, 24, 25, 30, 31]",winter is almost here and most animals are migrating to warmer countries . there are number0 bird families living near the mountain . number1 bird families flew away for winter and number2 new bird families came to live near the mountain from the arctic .,how many bird families were left near the mountain ?
winter is almost here and most animals are migrating to warmer countries . number0 bird families flew away for the winter from near a mountain . if there were number1 bird families living near the mountain initially how many bird families were left near the mountain ?,27 41,- number1 number0,14.0,"[2, 3, 43, 12, 13, 14, 15, 44, 45, 28, 29, 30, 31]",winter is almost here and most animals are migrating to warmer countries . number0 bird families flew away for the winter from near a mountain . if there were number1 bird families living near the mountain initially,how many bird families were left near the mountain ?
winter is almost here and most animals are migrating to warmer countries . number0 bird families flew away for the winter from near a mountain . if there were number1 bird families living near the mountain initially how many more bird families flew away for the winter than those that stayed behind ?,86 45,- number0 - number1 number0,127.0,"[2, 3, 12, 13, 14, 15, 16, 49, 50, 51, 28, 29, 30, 31]",winter is almost here and most animals are migrating to warmer countries . number0 bird families flew away for the winter from near a mountain . if there were number1 bird families living near the mountain initially,how many more bird families flew away for the winter than those that stayed behind ?
winter is almost here and most animals are migrating to warmer countries . there are number0 bird families living near the mountain . if number1 bird families flew away to asia and number2 bird families flew away to africa how many more bird families flew away to africa than those that flew away to asia ?,41 35 62,- number2 number1,27.0,"[32, 33, 34, 1, 4, 12, 14, 15, 16, 17, 18, 52, 21, 53, 23, 24, 25, 26, 54, 31]",winter is almost here and most animals are migrating to warmer countries . there are number0 bird families living near the mountain . if number1 bird families flew away to asia and number2 bird families flew away to africa,how many more bird families flew away to africa than those that flew away to asia ?
winter is almost here and most animals are migrating to warmer countries . there are number0 bird families living near the mountain . number1 new bird families came to live near the mountain from the arctic while number2 bird families flew away further south for winter . how many bird families were left near the mountain ?,3 26 2,+ - number0 number2 number1,27.0,"[1, 36, 37, 38, 39, 4, 14, 15, 16, 17, 53, 54, 23, 24, 55, 26]",winter is almost here and most animals are migrating to warmer countries . there are number0 bird families living near the mountain . number1 new bird families came to live near the mountain from the arctic while number2 bird families flew away further south for winter .,how many bird families were left near the mountain ?
kelly has number0 nintendo games . how many does she need to buy so that she will have number1 games left ?,22 140,- number1 number0,118.0,"[1, 2, 3, 4, 11, 17, 18, 19, 20]",kelly has number0 nintendo games .,how many does she need to buy so that she will have number1 games left ?
kelly has number0 nintendo games . how many will she have left if she gives away number1 games ?,106 64,- number0 number1,42.0,"[1, 2, 3, 4, 8, 15, 16, 17]",kelly has number0 nintendo games .,how many will she have left if she gives away number1 games ?
kelly gives away number0 nintendo games . how many did she have initially if she still has number1 games left ?,91 92,+ number0 number1,183.0,"[1, 2, 3, 4, 5, 9, 16, 17, 18, 19]",kelly gives away number0 nintendo games .,how many did she have initially if she still has number1 games left ?
kelly has number0 nintendo games and number1 sony games . how many nintendo games does she need to give away so that she will have number2 nintendo games left ?,20 70 12,- number0 number2,8.0,"[1, 2, 3, 4, 5, 6, 7, 8, 14, 24, 25, 26, 27, 28]",kelly has number0 nintendo games and number1 sony games .,how many nintendo games does she need to give away so that she will have number2 nintendo games left ?
kelly has number0 nintendo games and number1 sony games . how many sony games does she need to give away so that she will have number2 sony games left ?,46 132 31,- number1 number2,101.0,"[1, 2, 3, 4, 5, 6, 7, 8, 14, 24, 25, 26, 27, 28]",kelly has number0 nintendo games and number1 sony games .,how many sony games does she need to give away so that she will have number2 sony games left ?
kelly has number0 nintendo games . she found number1 more nintendo games . how many does she need to give away so that she will have number2 games left ?,80 31 6,- + number0 number1 number2,105.0,"[1, 2, 3, 4, 7, 8, 9, 11, 12, 25, 26, 27, 28]",kelly has number0 nintendo games . she found number1 more nintendo games .,how many does she need to give away so that she will have number2 games left ?
nell collects baseball cards . she had number0 cards . she gave number1 of her cards to jeff . how many cards does nell have left ?,242 136,- number0 number1,106.0,"[1, 6, 7, 8, 11, 12, 13, 23, 24, 25]",nell collects baseball cards . she had number0 cards . she gave number1 of her cards to jeff .,how many cards does nell have left ?
nell collects baseball cards . she gave number0 of her cards to jeff and now has number1 cards left . . how many cards did nell have initially ?,301 154,+ number1 number0,455.0,"[1, 6, 7, 8, 10, 15, 16, 17, 21, 25, 26, 27]",nell collects baseball cards . she gave number0 of her cards to jeff and now has number1 cards left . .,how many cards did nell have initially ?
nell collects baseball cards . she had number0 cards while jeff had number1 cards . she gave some of her cards to jeff and now has number2 cards left . how many cards did nell give to jeff ?,528 11 252,- number0 number2,276.0,"[1, 35, 36, 5, 6, 7, 8, 37, 10, 11, 12, 13, 25, 26, 27]",nell collects baseball cards . she had number0 cards while jeff had number1 cards . she gave some of her cards to jeff and now has number2 cards left .,how many cards did nell give to jeff ?
nell collects baseball cards . she had number0 cards while jeff had number1 cards . she gave some of her cards to jeff and now has number2 cards left . how many cards does jeff have now ?,566 234 535,- + number1 number0 number2,265.0,"[1, 34, 35, 36, 5, 6, 7, 8, 10, 11, 12, 13, 25, 26, 27]",nell collects baseball cards . she had number0 cards while jeff had number1 cards . she gave some of her cards to jeff and now has number2 cards left .,how many cards does jeff have now ?
nell collects cards . she had number0 baseball cards and number1 number2 cards . she gave some of her cards to jeff and now has number3 baseball cards and number4 number5 cards left . how many more baseball cards than number6 cards does nell have ?,309 356 10 415 149 10 10,- number3 number4,266.0,"[1, 2, 5, 6, 7, 8, 9, 10, 11, 12, 24, 25, 26, 27, 28, 29, 30, 31, 39, 40, 41, 42, 43, 44]",nell collects cards . she had number0 baseball cards and number1 number2 cards . she gave some of her cards to jeff and now has number3 baseball cards and number4 number5 cards left .,how many more baseball cards than number6 cards does nell have ?
nell collects cards . she had number0 baseball cards and number1 number2 cards . she gave some of her cards to jeff and now has number3 baseball cards and number4 number5 cards left . how many more number6 cards than baseball cards does nell have ?,246 214 10 404 495 10 10,- number4 number3,91.0,"[1, 2, 5, 6, 7, 8, 9, 10, 11, 12, 24, 25, 26, 27, 28, 29, 30, 31, 36, 37, 38, 42, 43, 44]",nell collects cards . she had number0 baseball cards and number1 number2 cards . she gave some of her cards to jeff and now has number3 baseball cards and number4 number5 cards left .,how many more number6 cards than baseball cards does nell have ?
nell collects baseball cards . she had number0 cards . she gave number1 cards to john and yet some more to jeff . now she has number2 cards left . how many cards did nell give to jeff ?,573 195 210,- - number0 number1 number2,168.0,"[1, 2, 35, 36, 5, 6, 7, 8, 37, 11, 12, 13, 25, 26, 27]",nell collects baseball cards . she had number0 cards . she gave number1 cards to john and yet some more to jeff . now she has number2 cards left .,how many cards did nell give to jeff ?
nell collects cards . she had number0 baseball cards and number1 number2 cards . she gave some of her cards to jeff and now has number3 number4 cards and number5 baseball cards left . how many more baseball cards than number6 cards does nell have ?,438 18 10 55 10 178 10,- number5 number3,123.0,"[1, 2, 5, 6, 7, 8, 9, 10, 11, 12, 24, 25, 26, 27, 28, 29, 30, 31, 39, 40, 41, 42, 43, 44]",nell collects cards . she had number0 baseball cards and number1 number2 cards . she gave some of her cards to jeff and now has number3 number4 cards and number5 baseball cards left .,how many more baseball cards than number6 cards does nell have ?
nell collects cards . she had number0 baseball cards and number1 number2 cards . she gave some of her cards to jeff and now has number3 number4 cards and number5 baseball cards left . how many more number6 cards than baseball cards does nell have ?,239 38 10 376 10 111 10,- number3 number5,265.0,"[1, 2, 5, 6, 7, 8, 9, 10, 11, 12, 24, 25, 26, 27, 28, 29, 30, 31, 36, 37, 38, 42, 43, 44]",nell collects cards . she had number0 baseball cards and number1 number2 cards . she gave some of her cards to jeff and now has number3 number4 cards and number5 baseball cards left .,how many more number6 cards than baseball cards does nell have ?
a farmer had number0 tomatoes in his garden . if he picked number1 of them yesterday and number2 today . how many will he have left after today ?,171 134 30,- - number0 number1 number2,7.0,"[2, 3, 4, 11, 12, 13, 16, 17, 18, 25, 26, 27]",a farmer had number0 tomatoes in his garden . if he picked number1 of them yesterday and number2 today .,how many will he have left after today ?
a farmer had number0 tomatoes in his garden . if he picked number1 of them yesterday and number2 today . how many did he have left after yesterday 's picking ?,160 56 41,- number0 number1,104.0,"[2, 3, 4, 11, 12, 13, 16, 17, 18, 27, 28, 29]",a farmer had number0 tomatoes in his garden . if he picked number1 of them yesterday and number2 today .,how many did he have left after yesterday 's picking ?
a farmer had number0 tomatoes in his garden . if he picked number1 of them yesterday and number2 today . how many tomatoes did he pick in all ?,90 154 50,+ number1 number2,204.0,"[1, 2, 3, 4, 5, 11, 12, 13, 16, 17, 18, 25, 26, 27]",a farmer had number0 tomatoes in his garden . if he picked number1 of them yesterday and number2 today .,how many tomatoes did he pick in all ?
a farmer had number0 tomatoes and number1 potatoes in his garden . if he picked number2 potatoes how many tomatoes and potatoes does he have left ?,175 77 172,- + number0 number1 number2,80.0,"[2, 3, 4, 5, 6, 7, 13, 14, 15, 16, 23, 24, 25]",a farmer had number0 tomatoes and number1 potatoes in his garden . if he picked number2 potatoes,how many tomatoes and potatoes does he have left ?
a farmer had number0 tomatoes and number1 potatoes in his garden . if he picked number2 tomatoes how many tomatoes and potatoes does he have left ?,177 12 53,- + number0 number1 number2,136.0,"[2, 3, 4, 5, 6, 7, 13, 14, 15, 16, 23, 24, 25]",a farmer had number0 tomatoes and number1 potatoes in his garden . if he picked number2 tomatoes,how many tomatoes and potatoes does he have left ?
a farmer had number0 green tomatoes and number1 red tomatoes in his garden . if he picked number2 tomatoes how many tomatoes are left ?,105 71 137,- + number0 number1 number2,39.0,"[2, 3, 4, 5, 6, 7, 8, 9, 16, 17, 18, 21, 22, 23]",a farmer had number0 green tomatoes and number1 red tomatoes in his garden . if he picked number2 tomatoes,how many tomatoes are left ?
baker made number0 cakes . if he sold number1 of them how many more cakes did baker make than those he sold ?,133 51,- number0 number1,82.0,"[1, 2, 3, 7, 8, 9, 19, 20, 21]",baker made number0 cakes . if he sold number1 of them,how many more cakes did baker make than those he sold ?
baker made number0 cakes . he sold some of them . if he still has number1 cakes left how many cakes did baker sell ?,54 13,- number0 number1,41.0,"[1, 2, 3, 8, 12, 14, 15, 16, 21, 22, 23]",baker made number0 cakes . he sold some of them . if he still has number1 cakes left,how many cakes did baker sell ?
baker made some cakes . he sold number0 of them . if he still has number1 cakes left how many cakes did baker make ?,145 72,+ number0 number1,217.0,"[1, 3, 6, 7, 8, 12, 14, 15, 16, 21, 22, 23]",baker made some cakes . he sold number0 of them . if he still has number1 cakes left,how many cakes did baker make ?
baker made number0 cakes . if his friend bought number1 cakes from him how many cakes would baker still have ?,155 140,- number0 number1,15.0,"[1, 2, 3, 8, 9, 10, 14, 17, 18, 19]",baker made number0 cakes . if his friend bought number1 cakes from him,how many cakes would baker still have ?
baker made number0 cakes . he sold number1 of them and bought number2 new cakes . how many cakes does baker still have ?,121 105 170,+ - number0 number1 number2,186.0,"[1, 2, 3, 6, 7, 8, 11, 12, 13, 14, 20, 21, 22]",baker made number0 cakes . he sold number1 of them and bought number2 new cakes .,how many cakes does baker still have ?
baker made number0 cakes . he sold number1 of them and bought number2 new cakes . how many more cakes did baker buy than those he sold ?,13 91 154,- number2 number1,63.0,"[1, 2, 3, 6, 7, 8, 11, 12, 13, 14, 24, 25, 26]",baker made number0 cakes . he sold number1 of them and bought number2 new cakes .,how many more cakes did baker buy than those he sold ?
baker made number0 cakes . he sold number1 of them and bought number2 new cakes . how many more cakes did baker sell than those he bought ?,170 78 31,- number1 number2,47.0,"[1, 2, 3, 6, 7, 8, 11, 12, 13, 14, 24, 25, 26]",baker made number0 cakes . he sold number1 of them and bought number2 new cakes .,how many more cakes did baker sell than those he bought ?
baker made number0 cakes . he sold number1 of them . then he made number2 more cakes . how many cakes would baker still have ?,110 75 76,+ - number0 number1 number2,111.0,"[1, 2, 3, 4, 6, 7, 8, 13, 14, 15, 16, 22, 23, 24]",baker made number0 cakes . he sold number1 of them . then he made number2 more cakes .,how many cakes would baker still have ?
baker made number0 cakes . he sold number1 of them . then he made number2 more cakes . how many more cakes did baker make than those he sold ?,144 71 111,- + number0 number2 number1,184.0,"[1, 2, 3, 4, 6, 7, 8, 13, 14, 15, 16, 26, 27, 28]",baker made number0 cakes . he sold number1 of them . then he made number2 more cakes .,how many more cakes did baker make than those he sold ?
baker made number0 cakes and number1 pastries . if he sold number2 cakes and number3 pastries how many cakes would baker still have ?,149 91 10 90,- number0 number2,139.0,"[1, 2, 3, 4, 5, 6, 9, 10, 11, 12, 13, 14, 15, 20, 21, 22]",baker made number0 cakes and number1 pastries . if he sold number2 cakes and number3 pastries,how many cakes would baker still have ?
baker made number0 cakes and number1 pastries . if he sold number2 cakes and number3 pastries how many pastries would baker still have ?,7 148 15 103,- number1 number3,45.0,"[1, 2, 3, 4, 5, 6, 9, 10, 11, 12, 13, 14, 15, 20, 21, 22]",baker made number0 cakes and number1 pastries . if he sold number2 cakes and number3 pastries,how many pastries would baker still have ?
baker made number0 cakes and number1 pastries . if he sold number2 cakes and number3 pastries how many more cakes than pastries did baker make ?,126 48 115 81,- number0 number1,78.0,"[1, 2, 3, 4, 5, 6, 9, 10, 11, 12, 13, 14, 15, 16, 22, 23, 24]",baker made number0 cakes and number1 pastries . if he sold number2 cakes and number3 pastries,how many more cakes than pastries did baker make ?
baker made number0 cakes and number1 pastries . if he sold number2 cakes and number3 pastries how many more pastries than cakes did baker make ?,19 131 70 88,- number1 number0,112.0,"[1, 2, 3, 4, 5, 6, 9, 10, 11, 12, 13, 14, 15, 16, 22, 23, 24]",baker made number0 cakes and number1 pastries . if he sold number2 cakes and number3 pastries,how many more pastries than cakes did baker make ?
baker made number0 cakes and number1 pastries . if he sold number2 cakes and number3 pastries how many more cakes than pastries did baker sell ?,157 169 158 147,- number2 number3,11.0,"[1, 2, 3, 4, 5, 6, 9, 10, 11, 12, 13, 14, 15, 16, 22, 23, 24]",baker made number0 cakes and number1 pastries . if he sold number2 cakes and number3 pastries,how many more cakes than pastries did baker sell ?
baker made number0 cakes and number1 pastries . if he sold number2 cakes and number3 pastries how many more pastries than cakes did baker sell ?,54 143 68 92,- number3 number2,24.0,"[1, 2, 3, 4, 5, 6, 9, 10, 11, 12, 13, 14, 15, 16, 22, 23, 24]",baker made number0 cakes and number1 pastries . if he sold number2 cakes and number3 pastries,how many more pastries than cakes did baker sell ?
baker sold number0 cakes . if he had made number1 cakes initially how many cakes would baker still have ?,44 48,- number1 number0,4.0,"[1, 2, 3, 8, 9, 10, 13, 16, 17, 18]",baker sold number0 cakes . if he had made number1 cakes initially,how many cakes would baker still have ?
baker sold number0 cakes . if he had made number1 cakes initially how many more cakes did baker make than those he sold ?,8 40,- number1 number0,32.0,"[1, 2, 3, 8, 9, 10, 20, 21, 22]",baker sold number0 cakes . if he had made number1 cakes initially,how many more cakes did baker make than those he sold ?
baker 's friend bought number0 cakes from him . if he had made number1 cakes initially how many cakes would baker still have ?,137 169,- number1 number0,32.0,"[3, 4, 5, 8, 12, 13, 14, 20, 21, 22]",baker 's friend bought number0 cakes from him . if he had made number1 cakes initially,how many cakes would baker still have ?
baker made number0 cakes . he bought number1 new cakes and sold number2 cakes . how many cakes does baker still have ?,173 103 86,+ - number0 number2 number1,190.0,"[1, 2, 3, 6, 7, 8, 9, 11, 12, 13, 19, 20, 21]",baker made number0 cakes . he bought number1 new cakes and sold number2 cakes .,how many cakes does baker still have ?
baker made number0 cakes . he bought number1 new cakes and sold number2 cakes . how many more cakes did baker buy than those he sold ?,99 167 89,- number1 number2,78.0,"[1, 2, 3, 6, 7, 8, 9, 11, 12, 13, 23, 24, 25]",baker made number0 cakes . he bought number1 new cakes and sold number2 cakes .,how many more cakes did baker buy than those he sold ?
baker made number0 cakes . he bought number1 new cakes and sold number2 cakes . how many more cakes did baker sell than those he bought ?,8 139 145,- number2 number1,6.0,"[1, 2, 3, 6, 7, 8, 9, 11, 12, 13, 23, 24, 25]",baker made number0 cakes . he bought number1 new cakes and sold number2 cakes .,how many more cakes did baker sell than those he bought ?
baker made number0 cakes . then he made number1 more cakes . he sold number2 of them . how many cakes would baker still have ?,62 149 144,+ - number0 number2 number1,67.0,"[1, 2, 3, 4, 6, 7, 8, 9, 10, 13, 14, 15, 22, 23, 24]",baker made number0 cakes . then he made number1 more cakes . he sold number2 of them .,how many cakes would baker still have ?
baker made number0 cakes . then he made number1 more cakes . he sold number2 of them . how many more cakes did baker make than those he sold ?,81 92 46,- + number0 number1 number2,127.0,"[1, 2, 3, 4, 6, 7, 8, 9, 10, 13, 14, 15, 26, 27, 28]",baker made number0 cakes . then he made number1 more cakes . he sold number2 of them .,how many more cakes did baker make than those he sold ?
baker made number0 pastries and number1 cakes . if he sold number2 cakes and number3 pastries how many cakes would baker still have ?,61 167 108 44,- number1 number2,59.0,"[1, 2, 3, 4, 5, 6, 9, 10, 11, 12, 13, 14, 15, 20, 21, 22]",baker made number0 pastries and number1 cakes . if he sold number2 cakes and number3 pastries,how many cakes would baker still have ?
baker made number0 pastries and number1 cakes . if he sold number2 cakes and number3 pastries how many pastries would baker still have ?,56 124 104 29,- number0 number3,27.0,"[1, 2, 3, 4, 5, 6, 9, 10, 11, 12, 13, 14, 15, 20, 21, 22]",baker made number0 pastries and number1 cakes . if he sold number2 cakes and number3 pastries,how many pastries would baker still have ?
baker made number0 pastries and number1 cakes . if he sold number2 cakes and number3 pastries how many more cakes than pastries did baker make ?,52 84 102 94,- number1 number0,32.0,"[1, 2, 3, 4, 5, 6, 9, 10, 11, 12, 13, 14, 15, 16, 22, 23, 24]",baker made number0 pastries and number1 cakes . if he sold number2 cakes and number3 pastries,how many more cakes than pastries did baker make ?
baker made number0 pastries and number1 cakes . if he sold number2 cakes and number3 pastries how many more pastries than cakes did baker make ?,134 11 140 92,- number0 number1,123.0,"[1, 2, 3, 4, 5, 6, 9, 10, 11, 12, 13, 14, 15, 16, 22, 23, 24]",baker made number0 pastries and number1 cakes . if he sold number2 cakes and number3 pastries,how many more pastries than cakes did baker make ?
baker made number0 cakes and number1 pastries . if he sold number2 pastries and number3 cakes how many more cakes than pastries did baker sell ?,14 153 8 97,- number3 number2,89.0,"[1, 2, 3, 4, 5, 6, 9, 10, 11, 12, 13, 14, 15, 16, 22, 23, 24]",baker made number0 cakes and number1 pastries . if he sold number2 pastries and number3 cakes,how many more cakes than pastries did baker sell ?
baker made number0 cakes and number1 pastries . if he sold number2 pastries and number3 cakes how many more pastries than cakes did baker sell ?,43 114 154 78,- number2 number3,76.0,"[1, 2, 3, 4, 5, 6, 9, 10, 11, 12, 13, 14, 15, 16, 22, 23, 24]",baker made number0 cakes and number1 pastries . if he sold number2 pastries and number3 cakes,how many more pastries than cakes did baker sell ?
at the zoo a cage had number0 snakes and number1 alligators . if number2 snakes were hiding how many snakes were not hiding ?,95 61 64,- number0 number2,31.0,"[4, 5, 6, 7, 8, 9, 10, 12, 13, 14, 20, 21, 22]",at the zoo a cage had number0 snakes and number1 alligators . if number2 snakes were hiding,how many snakes were not hiding ?
at the zoo a cage had number0 snakes and number1 alligators . if number2 alligators were hiding how many alligators were not hiding ?,93 97 40,- number1 number2,57.0,"[4, 5, 6, 7, 8, 9, 10, 12, 13, 14, 20, 21, 22]",at the zoo a cage had number0 snakes and number1 alligators . if number2 alligators were hiding,how many alligators were not hiding ?
at the zoo a cage had number0 snakes and number1 alligators . if number2 snakes and number3 alligators were hiding how many alligators were not hiding ?,3 75 82 19,- number1 number3,56.0,"[5, 6, 7, 8, 9, 10, 12, 13, 14, 15, 16, 17, 23, 24, 25]",at the zoo a cage had number0 snakes and number1 alligators . if number2 snakes and number3 alligators were hiding,how many alligators were not hiding ?
at the zoo a cage had snakes and alligators . the total number of animals in the cage was number0 . if number1 snakes and number2 alligators were hiding how many animals were not hiding in all ?,79 24 51,- - number0 number1 number2,4.0,"[34, 35, 36, 5, 18, 19, 21, 22, 23, 24, 25, 26]",at the zoo a cage had snakes and alligators . the total number of animals in the cage was number0 . if number1 snakes and number2 alligators were hiding,how many animals were not hiding in all ?
paul got a box of number0 crayons for his birthday . by the end of the school year he had either lost or given away number1 of them . how many crayons did he have left by the end of the school year ?,253 70,- number0 number1,183.0,"[1, 4, 5, 6, 40, 41, 42, 24, 25, 26]",paul got a box of number0 crayons for his birthday . by the end of the school year he had either lost or given away number1 of them .,how many crayons did he have left by the end of the school year ?
paul got a box of some crayons for his birthday . by the end of the school year he had either lost or given away number0 of them and only had number1 left . how many crayons did he get for his birthday ?,551 177,- number0 number1,374.0,"[32, 40, 41, 42, 19, 24, 25, 26, 30, 31]",paul got a box of some crayons for his birthday . by the end of the school year he had either lost or given away number0 of them and only had number1 left .,how many crayons did he get for his birthday ?
paul got a box of number0 crayons for his birthday . during the school year he gave number1 crayons to his friends while he lost number2 crayons . how many crayons did he have left ?,440 111 106,- number0 + number1 number2,223.0,"[32, 1, 33, 34, 4, 5, 6, 13, 16, 17, 18, 24, 25, 26]",paul got a box of number0 crayons for his birthday . during the school year he gave number1 crayons to his friends while he lost number2 crayons .,how many crayons did he have left ?
paul got a box of number0 crayons for his birthday . during the school year he gave number1 crayons to his friends while he lost number2 crayons . how many crayons had been lost or given away ?,65 213 16,+ number1 number2,229.0,"[1, 34, 35, 4, 5, 6, 36, 13, 16, 17, 18, 24, 25, 26]",paul got a box of number0 crayons for his birthday . during the school year he gave number1 crayons to his friends while he lost number2 crayons .,how many crayons had been lost or given away ?
paul got a box of number0 crayons for his birthday . during the school year he gave number1 crayons to his friends while he lost number2 crayons . how many more crayons did he give to his friends than those he lost ?,589 571 161,- number1 number2,410.0,"[1, 2, 4, 5, 6, 39, 40, 41, 13, 16, 17, 18, 24, 25, 26]",paul got a box of number0 crayons for his birthday . during the school year he gave number1 crayons to his friends while he lost number2 crayons .,how many more crayons did he give to his friends than those he lost ?
paul got a box of number0 crayons for his birthday . during the school year he gave number1 crayons to his friends while he lost number2 crayons . how many more crayons did he lose than those he gave to his friends ?,110 90 412,- number2 number1,322.0,"[1, 2, 4, 5, 6, 39, 40, 41, 13, 16, 17, 18, 24, 25, 26]",paul got a box of number0 crayons for his birthday . during the school year he gave number1 crayons to his friends while he lost number2 crayons .,how many more crayons did he lose than those he gave to his friends ?
paul got a box of some crayons for his birthday . during the school year he gave number0 crayons to his friends while he lost number1 crayons . if he only had number2 crayons left how many crayons did he get for his birthday ?,563 558 332,+ + number0 number1 number2,1453.0,"[32, 33, 3, 5, 6, 8, 41, 42, 43, 13, 16, 17, 18, 24, 25, 26, 31]",paul got a box of some crayons for his birthday . during the school year he gave number0 crayons to his friends while he lost number1 crayons . if he only had number2 crayons left,how many crayons did he get for his birthday ?
paul got a box of some crayons for his birthday . during the school year he gave number0 crayons to his friends while he lost number1 crayons . if he only had number2 crayons left how many crayons had been lost or given away ?,52 535 492,+ number0 number1,587.0,"[32, 33, 3, 5, 8, 41, 42, 43, 13, 16, 17, 18, 24, 25, 26, 31]",paul got a box of some crayons for his birthday . during the school year he gave number0 crayons to his friends while he lost number1 crayons . if he only had number2 crayons left,how many crayons had been lost or given away ?
paul got a box of number0 crayons and number1 erasers for his birthday . at the end of the school year he only had number2 left while not having lost a single erasers . how many crayons had been lost or given away ?,521 66 154,- number0 number2,367.0,"[1, 4, 5, 6, 7, 8, 9, 40, 41, 42, 23, 24, 25, 29, 31]",paul got a box of number0 crayons and number1 erasers for his birthday . at the end of the school year he only had number2 left while not having lost a single erasers .,how many crayons had been lost or given away ?
paul got a box of number0 crayons and number1 erasers for his birthday . at the end of the school year he only had number2 left while not having lost a single erasers . how many more crayons than erasers did he have left ?,531 38 391,- number2 number1,353.0,"[1, 2, 4, 5, 6, 7, 8, 9, 41, 42, 43, 23, 24, 25, 29, 31]",paul got a box of number0 crayons and number1 erasers for his birthday . at the end of the school year he only had number2 left while not having lost a single erasers .,how many more crayons than erasers did he have left ?
paul got a box of number0 crayons and number1 erasers for his birthday . at the end of the school year he only had number2 left while not having lost a single erasers . how many more erasers than crayons did he have left ?,601 406 336,- number1 number2,70.0,"[1, 2, 4, 5, 6, 7, 8, 9, 41, 42, 43, 23, 24, 25, 29, 31]",paul got a box of number0 crayons and number1 erasers for his birthday . at the end of the school year he only had number2 left while not having lost a single erasers .,how many more erasers than crayons did he have left ?
paul got a box of some crayons for his birthday . by the end of the school year he only had number0 left since he had either lost or given away number1 of them . how many crayons did he get for his birthday ?,291 315,- number1 number0,24.0,"[32, 41, 42, 43, 20, 21, 22, 30, 31]",paul got a box of some crayons for his birthday . by the end of the school year he only had number0 left since he had either lost or given away number1 of them .,how many crayons did he get for his birthday ?
paul got a box of number0 crayons for his birthday . during the school year he lost number1 crayons while he gave away number2 crayons to his friends . how many more crayons did he give to his friends than those he lost ?,267 231 308,- number2 number1,77.0,"[1, 2, 4, 5, 6, 40, 41, 10, 42, 16, 17, 18, 22, 23, 24]",paul got a box of number0 crayons for his birthday . during the school year he lost number1 crayons while he gave away number2 crayons to his friends .,how many more crayons did he give to his friends than those he lost ?
paul got a box of number0 erasers and number1 crayons for his birthday . at the end of the school year he only had number2 left while not having lost a single erasers . how many more crayons than erasers did he have left ?,457 320 523,- number2 number0,66.0,"[1, 2, 4, 5, 6, 7, 8, 9, 41, 42, 43, 23, 24, 25, 29, 31]",paul got a box of number0 erasers and number1 crayons for his birthday . at the end of the school year he only had number2 left while not having lost a single erasers .,how many more crayons than erasers did he have left ?
next on his checklist are wax to stick the feathers together . he needs number0 g of wax more . if the feathers require a total of number1 g of wax how many grams of wax does he already have ?,159 628,- number1 number0,469.0,"[1, 37, 38, 39, 13, 14, 15, 26, 27, 28]",next on his checklist are wax to stick the feathers together . he needs number0 g of wax more . if the feathers require a total of number1 g of wax,how many grams of wax does he already have ?
next on his checklist are wax to stick the feathers together and colors to paint them . he needs a total of number0 g of colors to paint them . if the feathers require number1 g of wax and right now he just needs number2 g how many grams of wax does he already have ?,49 288 260,- number1 number2,28.0,"[33, 34, 35, 3, 43, 44, 45, 13, 52, 21, 22, 23, 53, 54]",next on his checklist are wax to stick the feathers together and colors to paint them . he needs a total of number0 g of colors to paint them . if the feathers require number1 g of wax and right now he just needs number2 g,how many grams of wax does he already have ?
next on his checklist are wax to stick the feathers together and colors to paint them . he needs a total of number0 g of colors to paint them . he needs number1 g of wax more . if the feathers require a total of number2 g of wax how many grams of wax does he already have ?,57 22 353,- number2 number1,331.0,"[32, 33, 1, 44, 45, 46, 21, 22, 23, 55, 57, 56, 31]",next on his checklist are wax to stick the feathers together and colors to paint them . he needs a total of number0 g of colors to paint them . he needs number1 g of wax more . if the feathers require a total of number2 g of wax,how many grams of wax does he already have ?
next on his checklist are wax to stick the feathers together . if the feathers require number0 g of wax and right now he has number1 g how many more grams of wax does he need ?,166 20,- number0 number1,146.0,"[33, 34, 3, 35, 12, 15, 16, 17, 24, 25, 26]",next on his checklist are wax to stick the feathers together . if the feathers require number0 g of wax and right now he has number1 g,how many more grams of wax does he need ?
next on his checklist are wax to stick the feathers together . if he has number0 g of wax and right now he just needs number1 g total how many grams of wax do the feathers require ?,557 17,+ number0 number1,574.0,"[2, 34, 35, 36, 12, 14, 15, 16, 24, 25, 26]",next on his checklist are wax to stick the feathers together . if he has number0 g of wax and right now he just needs number1 g,total how many grams of wax do the feathers require ?
next on his checklist are wax to stick the feathers together . if he currently has number0 g of wax and the feathers require a total of number1 g of wax how many more grams of wax does he need ?,11 492,- number1 number0,481.0,"[3, 37, 38, 39, 15, 16, 17, 26, 27, 28]",next on his checklist are wax to stick the feathers together . if he currently has number0 g of wax and the feathers require a total of number1 g of wax,how many more grams of wax does he need ?
jake has number0 fewer peaches than steven . if jake has number1 peaches . how many peaches does steven have ?,11 17,+ number0 number1,28.0,"[1, 2, 3, 4, 5, 10, 11, 12, 17, 18, 19]",jake has number0 fewer peaches than steven . if jake has number1 peaches .,how many peaches does steven have ?
jake has number0 fewer peaches than steven who has number1 more peaches than jill . steven has number2 peaches . how many peaches does jake have ?,7 14 15,- number2 number0,8.0,"[1, 2, 3, 4, 5, 8, 9, 10, 11, 16, 17, 18, 23, 24, 25]",jake has number0 fewer peaches than steven who has number1 more peaches than jill . steven has number2 peaches .,how many peaches does jake have ?
jake has number0 fewer peaches than steven who has number1 more peaches than jill . steven has number2 peaches . how many peaches does jill have ?,18 13 19,- number2 number1,6.0,"[1, 2, 3, 4, 5, 8, 9, 10, 11, 16, 17, 18, 23, 24, 25]",jake has number0 fewer peaches than steven who has number1 more peaches than jill . steven has number2 peaches .,how many peaches does jill have ?
jake has number0 fewer peaches than steven who has number1 more peaches than jill . steven has number2 peaches . how many more peaches does jake have than jill ?,3 8 5,- number1 number0,5.0,"[1, 2, 3, 4, 6, 8, 9, 10, 11, 16, 17, 18, 26, 27, 28]",jake has number0 fewer peaches than steven who has number1 more peaches than jill . steven has number2 peaches .,how many more peaches does jake have than jill ?
jake has number0 fewer peaches than steven who has number1 more peaches than jill . steven has number2 peaches . how many more peaches does jill have than jake ?,12 11 4,- number0 number1,1.0,"[1, 2, 3, 4, 6, 8, 9, 10, 11, 16, 17, 18, 26, 27, 28]",jake has number0 fewer peaches than steven who has number1 more peaches than jill . steven has number2 peaches .,how many more peaches does jill have than jake ?
jake has number0 fewer peaches than steven and number1 more peaches than jill . steven has number2 peaches . how many peaches does jake have ?,7 9 16,- number2 number0,9.0,"[1, 2, 3, 4, 5, 7, 8, 9, 10, 15, 16, 17, 22, 23, 24]",jake has number0 fewer peaches than steven and number1 more peaches than jill . steven has number2 peaches .,how many peaches does jake have ?
jake has number0 fewer peaches than steven and number1 more peaches than jill . steven has number2 peaches . how many peaches does jill have ?,7 8 17,- - number2 number0 number1,2.0,"[1, 2, 3, 4, 5, 7, 8, 9, 10, 15, 16, 17, 22, 23, 24]",jake has number0 fewer peaches than steven and number1 more peaches than jill . steven has number2 peaches .,how many peaches does jill have ?
jake has number0 fewer peaches than steven and number1 more peaches than jill . steven has number2 peaches . how many more peaches does steven have than jill ?,9 18 16,+ number0 number1,27.0,"[1, 2, 3, 4, 6, 7, 8, 9, 10, 15, 16, 17, 25, 26, 27]",jake has number0 fewer peaches than steven and number1 more peaches than jill . steven has number2 peaches .,how many more peaches does steven have than jill ?
jake has number0 fewer peaches than steven . steven has number1 more peaches than jill . if jill has number2 peaches how many peaches does jake have ?,6 18 5,- + number1 number2 number0,17.0,"[1, 2, 3, 4, 6, 9, 10, 11, 12, 18, 19, 20, 24, 25, 26]",jake has number0 fewer peaches than steven . steven has number1 more peaches than jill . if jill has number2 peaches,how many peaches does jake have ?
jake has number0 fewer peaches than steven . steven has number1 more peaches than jill . if jill has number2 peaches how many more peaches does jake have than jill ?,5 18 87,- number1 number0,13.0,"[1, 2, 3, 4, 6, 7, 9, 10, 11, 12, 18, 19, 20, 27, 28, 29]",jake has number0 fewer peaches than steven . steven has number1 more peaches than jill . if jill has number2 peaches,how many more peaches does jake have than jill ?
jake has number0 fewer peaches than steven . steven has number1 more peaches than jill . if jill has number2 peaches how many more peaches does jill have than jake ?,16 15 12,- number0 number1,1.0,"[1, 2, 3, 4, 6, 7, 9, 10, 11, 12, 18, 19, 20, 27, 28, 29]",jake has number0 fewer peaches than steven . steven has number1 more peaches than jill . if jill has number2 peaches,how many more peaches does jill have than jake ?
jake has number0 fewer peaches and number1 more apples than steven . steven has number2 peaches and number3 apples . how many peaches does jake have ?,12 79 19 14,- number2 number0,7.0,"[1, 2, 3, 4, 5, 6, 7, 8, 13, 14, 15, 16, 17, 18, 23, 24, 25]",jake has number0 fewer peaches and number1 more apples than steven . steven has number2 peaches and number3 apples .,how many peaches does jake have ?
jake has number0 fewer peaches and number1 more apples than steven . steven has number2 peaches and number3 apples . how many apples does jake have ?,13 3 9 8,+ number1 number3,11.0,"[1, 2, 3, 4, 5, 6, 7, 8, 13, 14, 15, 16, 17, 18, 23, 24, 25]",jake has number0 fewer peaches and number1 more apples than steven . steven has number2 peaches and number3 apples .,how many apples does jake have ?
jake has number0 fewer peaches and number1 more apples than steven . steven has number2 peaches and number3 apples . how many more peaches than apples does steven have ?,6 8 17 16,- number2 number3,1.0,"[1, 2, 3, 4, 5, 6, 7, 8, 13, 14, 15, 16, 17, 18, 26, 27, 28]",jake has number0 fewer peaches and number1 more apples than steven . steven has number2 peaches and number3 apples .,how many more peaches than apples does steven have ?
jake has number0 fewer peaches and number1 more apples than steven . steven has number2 peaches and number3 apples . how many more apples than peaches does steven have ?,3 10 12 15,- number3 number2,3.0,"[1, 2, 3, 4, 5, 6, 7, 8, 13, 14, 15, 16, 17, 18, 26, 27, 28]",jake has number0 fewer peaches and number1 more apples than steven . steven has number2 peaches and number3 apples .,how many more apples than peaches does steven have ?
steven has number0 peaches . jake has number1 fewer peaches than steven who has number2 more peaches than jill . how many peaches does jake have ?,12 4 67,- number0 number1,8.0,"[1, 2, 3, 5, 6, 7, 8, 9, 10, 13, 14, 15, 16, 23, 24, 25]",steven has number0 peaches . jake has number1 fewer peaches than steven who has number2 more peaches than jill .,how many peaches does jake have ?
steven has number0 peaches . jake has number1 fewer peaches than steven who has number2 more peaches than jill . how many peaches does jill have ?,18 12 8,- number0 number2,10.0,"[1, 2, 3, 5, 6, 7, 8, 9, 10, 13, 14, 15, 16, 23, 24, 25]",steven has number0 peaches . jake has number1 fewer peaches than steven who has number2 more peaches than jill .,how many peaches does jill have ?
steven has number0 peaches . jake has number1 fewer peaches than steven and number2 more peaches than jill . how many peaches does jake have ?,19 12 72,- number0 number1,7.0,"[1, 2, 3, 5, 6, 7, 8, 9, 12, 13, 14, 15, 22, 23, 24]",steven has number0 peaches . jake has number1 fewer peaches than steven and number2 more peaches than jill .,how many peaches does jake have ?
steven has number0 peaches . jake has number1 fewer peaches than steven and number2 more peaches than jill . how many peaches does jill have ?,14 6 3,- - number0 number1 number2,5.0,"[1, 2, 3, 5, 6, 7, 8, 9, 12, 13, 14, 15, 22, 23, 24]",steven has number0 peaches . jake has number1 fewer peaches than steven and number2 more peaches than jill .,how many peaches does jill have ?
jake has number0 more apples and number1 fewer peaches than steven . steven has number2 peaches and number3 apples . how many peaches does jake have ?,84 10 13 52,- number2 number1,3.0,"[1, 2, 3, 4, 5, 6, 7, 8, 13, 14, 15, 16, 17, 18, 23, 24, 25]",jake has number0 more apples and number1 fewer peaches than steven . steven has number2 peaches and number3 apples .,how many peaches does jake have ?
jake has number0 more apples and number1 fewer peaches than steven . steven has number2 peaches and number3 apples . how many apples does jake have ?,13 17 8 12,+ number0 number3,25.0,"[1, 2, 3, 4, 5, 6, 7, 8, 13, 14, 15, 16, 17, 18, 23, 24, 25]",jake has number0 more apples and number1 fewer peaches than steven . steven has number2 peaches and number3 apples .,how many apples does jake have ?
jake has number0 fewer peaches and number1 more apples than steven . steven has number2 apples and number3 peaches . how many more peaches than apples does steven have ?,8 10 11 18,- number3 number2,7.0,"[1, 2, 3, 4, 5, 6, 7, 8, 13, 14, 15, 16, 17, 18, 26, 27, 28]",jake has number0 fewer peaches and number1 more apples than steven . steven has number2 apples and number3 peaches .,how many more peaches than apples does steven have ?
jake has number0 fewer peaches and number1 more apples than steven . steven has number2 apples and number3 peaches . how many more apples than peaches does steven have ?,3 4 19 15,- number2 number3,4.0,"[1, 2, 3, 4, 5, 6, 7, 8, 13, 14, 15, 16, 17, 18, 26, 27, 28]",jake has number0 fewer peaches and number1 more apples than steven . steven has number2 apples and number3 peaches .,how many more apples than peaches does steven have ?
stray cats loved eating goldfish in the pond leaving number0 goldfish . paige had raised number1 goldfish in the pond initially . how many goldfish disappeared ?,6 8,- number1 number0,2.0,"[1, 2, 3, 8, 9, 10, 14, 15, 16, 23, 24, 25]",stray cats loved eating goldfish in the pond leaving number0 goldfish . paige had raised number1 goldfish in the pond initially .,how many goldfish disappeared ?
paige raised number0 goldfish and number1 catfish in the pond but stray cats loved eating them . now she has number2 left . how many fishes disappeared ?,7 12 15,- + number0 number1 number2,4.0,"[1, 2, 3, 4, 5, 6, 19, 20, 21, 24, 25, 26]",paige raised number0 goldfish and number1 catfish in the pond but stray cats loved eating them . now she has number2 left .,how many fishes disappeared ?
paige raised number0 goldfish and number1 catfish in the pond but stray cats loved eating them . now she has number2 left . how many goldfish disappeared ?,16 71 2,- number0 number2,14.0,"[1, 2, 3, 4, 5, 6, 19, 20, 21, 24, 25, 26]",paige raised number0 goldfish and number1 catfish in the pond but stray cats loved eating them . now she has number2 left .,how many goldfish disappeared ?
paige raised number0 goldfish in the pond but stray cats loved eating them . number1 were eaten . how many goldfish remained ?,15 5,- number0 number1,10.0,"[1, 2, 3, 14, 15, 19, 20, 21]",paige raised number0 goldfish in the pond but stray cats loved eating them . number1 were eaten .,how many goldfish remained ?
paco ate number0 cookies and had number1 cookies left . how many cookies did he have in the beginning ?,19 35,+ number0 number1,54.0,"[1, 2, 3, 5, 6, 7, 16, 17, 18]",paco ate number0 cookies and had number1 cookies left .,how many cookies did he have in the beginning ?
paco had number0 cookies . he ate some of them and had number1 cookies left . how many cookies did paco eat ?,28 7,- number0 number1,21.0,"[1, 2, 3, 5, 6, 11, 12, 13, 19, 20, 21]",paco had number0 cookies . he ate some of them and had number1 cookies left .,how many cookies did paco eat ?
paco had number0 cookies . he ate number1 of them . then he bought number2 more cookies how many cookies did paco have left ?,40 2 37,+ - number0 number1 number2,75.0,"[1, 2, 3, 4, 6, 7, 8, 12, 13, 14, 15, 16, 21, 22, 23]",paco had number0 cookies . he ate number1 of them . then he bought number2 more cookies,how many cookies did paco have left ?
paco had number0 cookies . he ate number1 of them . then he bought number2 more cookies how many more cookies did he eat than those he bought ?,25 5 3,- number1 number2,2.0,"[1, 2, 3, 4, 6, 7, 8, 12, 13, 14, 15, 16, 25, 26, 27]",paco had number0 cookies . he ate number1 of them . then he bought number2 more cookies,how many more cookies did he eat than those he bought ?
paco had number0 cookies . he ate number1 of them . then he bought number2 more cookies how many more cookies did he buy than those he ate ?,13 2 36,- number2 number1,34.0,"[1, 2, 3, 4, 6, 7, 8, 12, 13, 14, 15, 16, 25, 26, 27]",paco had number0 cookies . he ate number1 of them . then he bought number2 more cookies,how many more cookies did he buy than those he ate ?
paco had number0 cookies . he ate number1 cookies and gave number2 of them to his friend . how many cookies did paco have left ?,40 5 13,- - number0 number1 number2,22.0,"[1, 2, 3, 6, 7, 8, 10, 11, 12, 22, 23, 24]",paco had number0 cookies . he ate number1 cookies and gave number2 of them to his friend .,how many cookies did paco have left ?
paco had number0 cookies . he ate number1 cookies and gave number2 of them to his friend . how many more cookies did he eat than those he gave to his friend ?,17 14 13,- number1 number2,1.0,"[1, 2, 3, 6, 7, 8, 10, 11, 12, 29, 30, 31]",paco had number0 cookies . he ate number1 cookies and gave number2 of them to his friend .,how many more cookies did he eat than those he gave to his friend ?
paco had number0 cookies . he ate number1 cookies and gave number2 of them to his friend . how many more cookies did he give to his friend than those he ate ?,12 16 21,- number2 number1,5.0,"[1, 2, 3, 6, 7, 8, 10, 11, 12, 29, 30, 31]",paco had number0 cookies . he ate number1 cookies and gave number2 of them to his friend .,how many more cookies did he give to his friend than those he ate ?
paco had number0 sweet cookies and number1 salty cookies . he ate number2 sweet cookies and number3 salty cookies . how many sweet cookies did paco have left ?,22 75 15 54,- number0 number2,7.0,"[1, 2, 3, 4, 5, 6, 7, 8, 11, 12, 13, 14, 15, 16, 17, 18, 25, 26, 27]",paco had number0 sweet cookies and number1 salty cookies . he ate number2 sweet cookies and number3 salty cookies .,how many sweet cookies did paco have left ?
paco had number0 sweet cookies and number1 salty cookies . he ate number2 sweet cookies and number3 salty cookies . how many salty cookies did paco have left ?,9 6 36 3,- number1 number3,3.0,"[1, 2, 3, 4, 5, 6, 7, 8, 11, 12, 13, 14, 15, 16, 17, 18, 25, 26, 27]",paco had number0 sweet cookies and number1 salty cookies . he ate number2 sweet cookies and number3 salty cookies .,how many salty cookies did paco have left ?
paco had number0 sweet cookies and number1 salty cookies . he ate number2 sweet cookies and number3 salty cookies . how many more sweet cookies than salty cookies did he eat ?,37 11 5 2,- number2 number3,3.0,"[1, 2, 3, 4, 5, 6, 7, 8, 10, 11, 12, 13, 14, 15, 16, 17, 18, 28, 29, 30]",paco had number0 sweet cookies and number1 salty cookies . he ate number2 sweet cookies and number3 salty cookies .,how many more sweet cookies than salty cookies did he eat ?
paco had number0 sweet cookies and number1 salty cookies . he ate number2 sweet cookies and number3 salty cookies . how many more salty cookies than sweet cookies did he eat ?,8 6 20 34,- number3 number2,14.0,"[1, 2, 3, 4, 5, 6, 7, 8, 10, 11, 12, 13, 14, 15, 16, 17, 18, 28, 29, 30]",paco had number0 sweet cookies and number1 salty cookies . he ate number2 sweet cookies and number3 salty cookies .,how many more salty cookies than sweet cookies did he eat ?
paco ate number0 cookies . if he had number1 cookies initially how many cookies did paco have left ?,36 37,- number1 number0,1.0,"[1, 2, 3, 7, 8, 9, 12, 15, 16, 17]",paco ate number0 cookies . if he had number1 cookies initially,how many cookies did paco have left ?
paco had number0 cookies . he gave number1 cookies to his friend and ate number2 cookies . how many cookies did paco have left ?,36 14 10,- - number0 number2 number1,12.0,"[1, 2, 3, 6, 7, 8, 13, 14, 15, 21, 22, 23]",paco had number0 cookies . he gave number1 cookies to his friend and ate number2 cookies .,how many cookies did paco have left ?
paco had number0 cookies . he gave number1 cookies to his friend and ate number2 cookies . how many more cookies did he eat than those he gave to his friend ?,41 9 18,- number2 number1,9.0,"[1, 2, 3, 6, 7, 8, 13, 14, 15, 28, 29, 30]",paco had number0 cookies . he gave number1 cookies to his friend and ate number2 cookies .,how many more cookies did he eat than those he gave to his friend ?
paco had number0 cookies . he gave number1 cookies to his friend and ate number2 cookies . how many more cookies did he give to his friend than those he ate ?,6 30 23,- number1 number2,7.0,"[1, 2, 3, 6, 7, 8, 13, 14, 15, 28, 29, 30]",paco had number0 cookies . he gave number1 cookies to his friend and ate number2 cookies .,how many more cookies did he give to his friend than those he ate ?
paco had number0 salty cookies and number1 sweet cookies . he ate number2 sweet cookies and number3 salty cookies . how many sweet cookies did paco have left ?,97 34 15 56,- number1 number2,19.0,"[1, 2, 3, 4, 5, 6, 7, 8, 11, 12, 13, 14, 15, 16, 17, 18, 25, 26, 27]",paco had number0 salty cookies and number1 sweet cookies . he ate number2 sweet cookies and number3 salty cookies .,how many sweet cookies did paco have left ?
paco had number0 salty cookies and number1 sweet cookies . he ate number2 sweet cookies and number3 salty cookies . how many salty cookies did paco have left ?,26 17 14 9,- number0 number3,17.0,"[1, 2, 3, 4, 5, 6, 7, 8, 11, 12, 13, 14, 15, 16, 17, 18, 25, 26, 27]",paco had number0 salty cookies and number1 sweet cookies . he ate number2 sweet cookies and number3 salty cookies .,how many salty cookies did paco have left ?
paco had number0 sweet cookies and number1 salty cookies . he ate number2 salty cookies and number3 sweet cookies . how many more sweet cookies than salty cookies did he eat ?,39 6 23 32,- number3 number2,9.0,"[1, 2, 3, 4, 5, 6, 7, 8, 10, 11, 12, 13, 14, 15, 16, 17, 18, 28, 29, 30]",paco had number0 sweet cookies and number1 salty cookies . he ate number2 salty cookies and number3 sweet cookies .,how many more sweet cookies than salty cookies did he eat ?
paco had number0 sweet cookies and number1 salty cookies . he ate number2 salty cookies and number3 sweet cookies . how many more salty cookies than sweet cookies did he eat ?,40 25 28 15,- number2 number3,13.0,"[1, 2, 3, 4, 5, 6, 7, 8, 10, 11, 12, 13, 14, 15, 16, 17, 18, 28, 29, 30]",paco had number0 sweet cookies and number1 salty cookies . he ate number2 salty cookies and number3 sweet cookies .,how many more salty cookies than sweet cookies did he eat ?
after making some pies chef had number0 apples left . initially he had number1 apples how many apples did he use ?,2 43,- number1 number0,41.0,"[2, 5, 6, 7, 10, 12, 13, 14, 18, 19, 20]",after making some pies chef had number0 apples left . initially he had number1 apples,how many apples did he use ?
a chef had number0 apples . after making some pies he had used number1 . how many apples remained ?,58 35,- number0 number1,23.0,"[1, 2, 3, 4, 12, 13, 16, 17, 18]",a chef had number0 apples . after making some pies he had used number1 .,how many apples remained ?
a chef had number0 apples and number1 peaches . after making some pies he had number2 left . how many apples did he use ?,40 54 39,- number0 number2,1.0,"[1, 2, 3, 4, 5, 6, 7, 14, 15, 16, 21, 22, 23]",a chef had number0 apples and number1 peaches . after making some pies he had number2 left .,how many apples did he use ?
there are number0 different books in the ' crazy silly school ' series . if you are yet to read number1 of the books how many books have you already read ?,20 5,- number0 number1,15.0,"[1, 2, 3, 4, 11, 16, 19, 20, 21, 28, 29, 30]",there are number0 different books in the ' crazy silly school ' series . if you are yet to read number1 of the books,how many books have you already read ?
there are many different books in the ' crazy silly school ' series . if you have read number0 of the books and are yet to read number1 books how many books are there in the ' crazy silly school ' series ?,13 8,+ number0 number1,21.0,"[1, 2, 3, 39, 40, 41, 12, 16, 17, 18, 19, 26, 27, 28]",there are many different books in the ' crazy silly school ' series . if you have read number0 of the books and are yet to read number1 books,how many books are there in the ' crazy silly school ' series ?
there are number0 different books and number1 different movies in the ' crazy silly school ' series . if you read number2 of the books and watched number3 of the movies how many more books do you still have to read ?,22 10 12 56,- number0 number2,10.0,"[1, 2, 3, 4, 5, 6, 7, 8, 38, 39, 40, 14, 15, 20, 21, 22, 26, 27, 28]",there are number0 different books and number1 different movies in the ' crazy silly school ' series . if you read number2 of the books and watched number3 of the movies,how many more books do you still have to read ?
there are number0 different books and number1 different movies in the ' crazy silly school ' series . if you read number2 of the books and watched number3 of the movies how many more movies do you still have to watch ?,4 17 19 7,- number1 number3,10.0,"[1, 2, 3, 4, 5, 6, 7, 8, 38, 39, 40, 14, 15, 20, 21, 22, 26, 27, 28]",there are number0 different books and number1 different movies in the ' crazy silly school ' series . if you read number2 of the books and watched number3 of the movies,how many more movies do you still have to watch ?
there are number0 different books and number1 different movies in the ' crazy silly school ' series . if you read number2 of the books and watched number3 of the movies how many more books than movies are there in the ' crazy silly school ' series ?,16 14 19 13,- number0 number1,2.0,"[1, 2, 3, 4, 5, 6, 7, 8, 44, 45, 14, 15, 46, 20, 21, 22, 26, 27, 28]",there are number0 different books and number1 different movies in the ' crazy silly school ' series . if you read number2 of the books and watched number3 of the movies,how many more books than movies are there in the ' crazy silly school ' series ?
there are number0 different books and number1 different movies in the ' crazy silly school ' series . if you read number2 of the books and watched number3 of the movies how many more movies than books are there in the ' crazy silly school ' series ?,8 10 19 61,- number1 number0,2.0,"[1, 2, 3, 4, 5, 6, 7, 8, 44, 45, 14, 15, 46, 20, 21, 22, 26, 27, 28]",there are number0 different books and number1 different movies in the ' crazy silly school ' series . if you read number2 of the books and watched number3 of the movies,how many more movies than books are there in the ' crazy silly school ' series ?
there are number0 different books and number1 different movies in the ' crazy silly school ' series . if you read number2 of the books and watched number3 of the movies how many more books than movies have you read ?,10 11 13 12,- number2 number3,1.0,"[1, 2, 3, 4, 5, 6, 7, 8, 37, 38, 39, 14, 15, 20, 21, 22, 26, 27, 28]",there are number0 different books and number1 different movies in the ' crazy silly school ' series . if you read number2 of the books and watched number3 of the movies,how many more books than movies have you read ?
there are number0 different books and number1 different movies in the ' crazy silly school ' series . if you read number2 of the books and watched number3 of the movies how many more movies than books have you read ?,11 17 7 21,- number3 number2,14.0,"[1, 2, 3, 4, 5, 6, 7, 8, 37, 38, 39, 14, 15, 20, 21, 22, 26, 27, 28]",there are number0 different books and number1 different movies in the ' crazy silly school ' series . if you read number2 of the books and watched number3 of the movies,how many more movies than books have you read ?
you have read number0 books from the ' crazy silly school ' series . if there are a total of number1 different books in the ' crazy silly school ' series how many more do you still have to read ?,8 14,- number1 number0,6.0,"[2, 3, 4, 37, 38, 7, 39, 19, 20, 21, 22]",you have read number0 books from the ' crazy silly school ' series . if there are a total of number1 different books in the ' crazy silly school ' series,how many more do you still have to read ?
there are number0 different movies and number1 different books in the ' crazy silly school ' series . if you read number2 of the books and watched number3 of the movies how many more books do you still have to read ?,62 19 4 34,- number1 number2,15.0,"[1, 2, 3, 4, 5, 6, 7, 8, 38, 39, 40, 14, 15, 20, 21, 22, 26, 27, 28]",there are number0 different movies and number1 different books in the ' crazy silly school ' series . if you read number2 of the books and watched number3 of the movies,how many more books do you still have to read ?
there are number0 different movies and number1 different books in the ' crazy silly school ' series . if you read number2 of the books and watched number3 of the movies how many more movies do you still have to watch ?,8 21 7 4,- number0 number3,4.0,"[1, 2, 3, 4, 5, 6, 7, 8, 38, 39, 40, 14, 15, 20, 21, 22, 26, 27, 28]",there are number0 different movies and number1 different books in the ' crazy silly school ' series . if you read number2 of the books and watched number3 of the movies,how many more movies do you still have to watch ?
there are number0 different movies and number1 different books in the ' crazy silly school ' series . if you read number2 of the books and watched number3 of the movies how many more books than movies are there in the ' crazy silly school ' series ?,14 15 11 40,- number1 number0,1.0,"[1, 2, 3, 4, 5, 6, 7, 8, 44, 45, 14, 15, 46, 20, 21, 22, 26, 27, 28]",there are number0 different movies and number1 different books in the ' crazy silly school ' series . if you read number2 of the books and watched number3 of the movies,how many more books than movies are there in the ' crazy silly school ' series ?
there are number0 different movies and number1 different books in the ' crazy silly school ' series . if you read number2 of the books and watched number3 of the movies how many more movies than books are there in the ' crazy silly school ' series ?,17 11 13 63,- number0 number1,6.0,"[1, 2, 3, 4, 5, 6, 7, 8, 44, 45, 14, 15, 46, 20, 21, 22, 26, 27, 28]",there are number0 different movies and number1 different books in the ' crazy silly school ' series . if you read number2 of the books and watched number3 of the movies,how many more movies than books are there in the ' crazy silly school ' series ?
there are number0 different books and number1 different movies in the ' crazy silly school ' series . if you read number2 of the movies and watched number3 of the books how many more books than movies have you read ?,10 6 14 19,- number3 number2,5.0,"[1, 2, 3, 4, 5, 6, 7, 8, 37, 38, 39, 14, 15, 20, 21, 22, 26, 27, 28]",there are number0 different books and number1 different movies in the ' crazy silly school ' series . if you read number2 of the movies and watched number3 of the books,how many more books than movies have you read ?
there are number0 different books and number1 different movies in the ' crazy silly school ' series . if you read number2 of the movies and watched number3 of the books how many more movies than books have you read ?,8 5 19 16,- number2 number3,3.0,"[1, 2, 3, 4, 5, 6, 7, 8, 37, 38, 39, 14, 15, 20, 21, 22, 26, 27, 28]",there are number0 different books and number1 different movies in the ' crazy silly school ' series . if you read number2 of the movies and watched number3 of the books,how many more movies than books have you read ?
a waiter had number0 customers . after some left he still had number1 customers . how many more customers left than those that stayed behind ?,11 3,- - number0 number1 number1,5.0,"[1, 2, 3, 4, 5, 11, 12, 13, 22, 23, 24]",a waiter had number0 customers . after some left he still had number1 customers .,how many more customers left than those that stayed behind ?
a waiter had number0 customers . after some left he still had number1 customers . how many more customers stayed behind than those that left ?,3 4,- number1 - number0 number1,5.0,"[1, 2, 3, 4, 5, 11, 12, 13, 22, 23, 24]",a waiter had number0 customers . after some left he still had number1 customers .,how many more customers stayed behind than those that left ?
a waiter had some customers . after number0 customers left he still had number1 customers . how many customers did he have at the start ?,9 12,+ number0 number1,21.0,"[1, 2, 3, 5, 6, 7, 8, 12, 13, 14, 22, 23, 24]",a waiter had some customers . after number0 customers left he still had number1 customers .,how many customers did he have at the start ?
a waiter had number0 customers . number1 customers left . how many customers does he still have ?,14 5,- number0 number1,9.0,"[1, 2, 3, 4, 6, 7, 14, 15, 16]",a waiter had number0 customers . number1 customers left .,how many customers does he still have ?
a waiter had number0 customers . after some left he got number1 new customers . if he still had number2 customers how many customers left ?,13 4 9,- number0 - number2 number1,8.0,"[2, 3, 4, 6, 7, 9, 10, 11, 12, 13, 18, 19, 20, 22, 23, 24]",a waiter had number0 customers . after some left he got number1 new customers . if he still had number2 customers,how many customers left ?
a waiter had number0 customers . while number1 customers left he got number2 new customers . how many customers does he still have ?,12 15 14,+ - number0 number1 number2,11.0,"[1, 2, 3, 4, 5, 6, 7, 8, 11, 12, 13, 14, 20, 21, 22]",a waiter had number0 customers . while number1 customers left he got number2 new customers .,how many customers does he still have ?
a waiter had number0 customers . after some more arrived he had number1 customers . how many new customers arrived ?,3 8,- number1 number0,5.0,"[1, 2, 3, 4, 5, 11, 12, 13, 17, 18, 19]",a waiter had number0 customers . after some more arrived he had number1 customers .,how many new customers arrived ?
a waiter had number0 customers . after some left he still had number1 customers . then he got number2 new customers how many customers left ?,8 5 99,- number0 number1,3.0,"[2, 3, 4, 5, 7, 9, 11, 12, 13, 17, 18, 19, 20, 22, 23, 24]",a waiter had number0 customers . after some left he still had number1 customers . then he got number2 new customers,how many customers left ?
a waiter had number0 customers . after some left he still had number1 customers . then he got number2 new customers how many customers does he have now ?,12 14 10,+ number1 number2,24.0,"[2, 3, 4, 5, 7, 11, 12, 13, 17, 18, 19, 20, 25, 26, 27]",a waiter had number0 customers . after some left he still had number1 customers . then he got number2 new customers,how many customers does he have now ?
there were number0 dollars in olivia 's wallet . she spent number1 dollars at a supermarket . how much money does she have left ?,78 15,- number0 number1,63.0,"[1, 2, 3, 10, 11, 12, 21, 22, 23]",there were number0 dollars in olivia 's wallet . she spent number1 dollars at a supermarket .,how much money does she have left ?
olivia spent number0 dollars at a supermarket . if she has number1 dollars left with her how much money did she have initially ?,78 33,+ number0 number1,111.0,"[1, 2, 3, 10, 11, 12, 20, 21, 22]",olivia spent number0 dollars at a supermarket . if she has number1 dollars left with her,how much money did she have initially ?
there were number0 dollars in olivia 's wallet . she collected number1 more dollars from an atm . after she visited a supermarket there were number2 dollars left . how much did she spend ?,100 148 159,- + number0 number1 number2,89.0,"[32, 1, 2, 3, 33, 6, 10, 11, 12, 13, 24, 25, 26, 31]",there were number0 dollars in olivia 's wallet . she collected number1 more dollars from an atm . after she visited a supermarket there were number2 dollars left .,how much did she spend ?
there were number0 dollars in olivia 's wallet . she collected number1 more dollars from an atm . after she visited a supermarket there were number2 dollars left . how much more money did she collect at the atm than she spent at the supermarket ?,3 49 49,- number1 number0,46.0,"[1, 2, 3, 6, 10, 11, 12, 13, 42, 43, 44, 24, 25, 26]",there were number0 dollars in olivia 's wallet . she collected number1 more dollars from an atm . after she visited a supermarket there were number2 dollars left .,how much more money did she collect at the atm than she spent at the supermarket ?
there were number0 dollars in olivia 's wallet . she collected number1 more dollars from an atm . after she visited a supermarket there were number2 dollars left . how much more money did she spend at the supermarket than she collected at the atm ?,53 91 14,- number0 number2,39.0,"[1, 2, 3, 6, 10, 11, 12, 13, 42, 43, 44, 24, 25, 26]",there were number0 dollars in olivia 's wallet . she collected number1 more dollars from an atm . after she visited a supermarket there were number2 dollars left .,how much more money did she spend at the supermarket than she collected at the atm ?
there were number0 dollars in olivia 's wallet . after she visited a supermarket and a showroom there were number1 dollars left . if she spent number2 dollars at the showroom how much did she spend at the supermarket ?,106 26 49,- - number0 number1 number2,31.0,"[1, 2, 3, 36, 37, 38, 9, 18, 19, 20, 25, 26, 27]",there were number0 dollars in olivia 's wallet . after she visited a supermarket and a showroom there were number1 dollars left . if she spent number2 dollars at the showroom,how much did she spend at the supermarket ?
after olivia visited a supermarket there were number0 dollars left . if there were number1 dollars in her wallet initially how much did she spend ?,29 54,- number1 number0,25.0,"[2, 6, 7, 8, 13, 14, 15, 22, 23, 24]",after olivia visited a supermarket there were number0 dollars left . if there were number1 dollars in her wallet initially,how much did she spend ?
olivia spent number0 dollars at a supermarket . if there were number1 dollars in her wallet initially how much money does she have left ?,38 128,- number1 number0,90.0,"[1, 2, 3, 10, 11, 12, 21, 22, 23]",olivia spent number0 dollars at a supermarket . if there were number1 dollars in her wallet initially,how much money does she have left ?
at the arcade dave had won number0 tickets . he used some tickets to buy toys . if he still has number1 tickets left how many tickets did dave use to buy toys ?,7 2,- number0 number1,5.0,"[32, 1, 3, 5, 6, 7, 8, 20, 21, 22, 30, 31]",at the arcade dave had won number0 tickets . he used some tickets to buy toys . if he still has number1 tickets left,how many tickets did dave use to buy toys ?
at the arcade dave had won some tickets . he used number0 tickets to buy some toys . if he still has number1 tickets left how many tickets did dave win at the arcade ?,12 14,+ number0 number1,26.0,"[32, 1, 33, 3, 5, 8, 10, 11, 12, 21, 22, 23, 31]",at the arcade dave had won some tickets . he used number0 tickets to buy some toys . if he still has number1 tickets left,how many tickets did dave win at the arcade ?
at the arcade dave had won number0 tickets . if he used number1 to buy some toys and number2 more to buy some clothes how many tickets did dave have left ?,18 5 11,- number0 + number1 number2,2.0,"[5, 6, 7, 11, 12, 13, 16, 17, 18, 19, 21, 28, 29, 30]",at the arcade dave had won number0 tickets . if he used number1 to buy some toys and number2 more to buy some clothes,how many tickets did dave have left ?
at the arcade dave had won number0 tickets . if he used number1 to buy some toys and number2 more to buy some clothes how many more tickets did dave use to buy toys than he did to buy clothes ?,19 12 7,- number1 number2,5.0,"[5, 6, 7, 37, 38, 39, 11, 12, 13, 16, 17, 18, 19, 23]",at the arcade dave had won number0 tickets . if he used number1 to buy some toys and number2 more to buy some clothes,how many more tickets did dave use to buy toys than he did to buy clothes ?
at the arcade dave had won number0 tickets . if he used number1 to buy some toys and number2 more to buy some clothes how many more tickets did dave use to buy clothes than he did to buy toys ?,13 8 18,- number2 number1,10.0,"[5, 6, 7, 37, 38, 39, 11, 12, 13, 16, 17, 18, 19, 23]",at the arcade dave had won number0 tickets . if he used number1 to buy some toys and number2 more to buy some clothes,how many more tickets did dave use to buy clothes than he did to buy toys ?
at the arcade dave had won number0 tickets and lost number1 tickets . if he used number2 to buy some toys how many tickets did dave have left ?,14 2 10,- - number0 number1 number2,2.0,"[5, 6, 7, 9, 10, 11, 14, 15, 16, 17, 25, 26, 27]",at the arcade dave had won number0 tickets and lost number1 tickets . if he used number2 to buy some toys,how many tickets did dave have left ?
if the cave is number0 feet deep and they need to travel number1 feet how far is the end of the cave ?,919 1307,+ number0 number1,2226.0,"[3, 4, 5, 11, 12, 13, 19, 20, 21]",if the cave is number0 feet deep and they need to travel number1 feet,how far is the end of the cave ?
the cave is number0 feet deep and they are already at number1 feet . if they are travelling at speed of number2 how much farther until they reach the end of the cave ?,1218 849 17,- number0 number1,369.0,"[32, 2, 3, 4, 10, 11, 12, 20, 21, 22, 30, 31]",the cave is number0 feet deep and they are already at number1 feet . if they are travelling at speed of number2,how much farther until they reach the end of the cave ?
if they are already at number0 feet and the cave is number1 feet deep how much farther until they reach the end of the cave ?,659 762,- number1 number0,103.0,"[4, 5, 6, 10, 11, 12, 22, 23, 24]",if they are already at number0 feet and the cave is number1 feet deep,how much farther until they reach the end of the cave ?
randy has some blocks . he uses number0 blocks to build a tower . if there are number1 blocks left how many blocks did he have at the start ?,52 38,+ number0 number1,90.0,"[1, 2, 6, 7, 8, 11, 16, 17, 18, 26, 27, 28]",randy has some blocks . he uses number0 blocks to build a tower . if there are number1 blocks left,how many blocks did he have at the start ?
randy has number0 blocks . he uses some blocks to build a tower . if there are number1 blocks left how many blocks did he use to build the tower ?,97 72,- number0 number1,25.0,"[1, 2, 3, 5, 7, 16, 17, 18, 27, 28, 29]",randy has number0 blocks . he uses some blocks to build a tower . if there are number1 blocks left,how many blocks did he use to build the tower ?
randy has number0 blocks . he uses number1 blocks to build a tower and number2 blocks to build a house . how many blocks are left ?,79 14 11,- number0 + number1 number2,54.0,"[1, 2, 3, 6, 7, 8, 13, 14, 15, 23, 24, 25]",randy has number0 blocks . he uses number1 blocks to build a tower and number2 blocks to build a house .,how many blocks are left ?
randy has number0 blocks . he uses number1 blocks to build a tower and number2 blocks to build a house . how many blocks did he use to build the tower and the house altogether ?,58 27 53,+ number1 number2,80.0,"[32, 1, 2, 3, 33, 5, 6, 7, 8, 34, 13, 14, 15]",randy has number0 blocks . he uses number1 blocks to build a tower and number2 blocks to build a house .,how many blocks did he use to build the tower and the house altogether ?
randy has number0 blocks . he uses number1 blocks to build a tower and number2 blocks to build a house . how many more blocks did he use to build the tower than he did to build the house ?,37 33 13,- number1 number2,20.0,"[1, 2, 3, 36, 37, 6, 7, 8, 38, 13, 14, 15]",randy has number0 blocks . he uses number1 blocks to build a tower and number2 blocks to build a house .,how many more blocks did he use to build the tower than he did to build the house ?
randy has number0 blocks . he uses number1 blocks to build a tower and number2 blocks to build a house . how many more blocks did he use to build the house than he did to build the tower ?,86 79 82,- number2 number1,3.0,"[1, 2, 3, 36, 37, 6, 7, 8, 38, 13, 14, 15]",randy has number0 blocks . he uses number1 blocks to build a tower and number2 blocks to build a house .,how many more blocks did he use to build the house than he did to build the tower ?
randy uses number0 blocks to build a tower . if he had number1 blocks how many blocks are left ?,36 59,- number1 number0,23.0,"[1, 2, 3, 6, 11, 12, 13, 16, 17, 18]",randy uses number0 blocks to build a tower . if he had number1 blocks,how many blocks are left ?
randy has number0 blocks . he uses number1 blocks to build a house and number2 blocks to build a tower . how many more blocks did he use to build the tower than he did to build the house ?,95 20 50,- number2 number1,30.0,"[1, 2, 3, 36, 37, 6, 7, 8, 38, 13, 14, 15]",randy has number0 blocks . he uses number1 blocks to build a house and number2 blocks to build a tower .,how many more blocks did he use to build the tower than he did to build the house ?
randy has number0 blocks . he uses number1 blocks to build a house and number2 blocks to build a tower . how many more blocks did he use to build the house than he did to build the tower ?,90 89 63,- number1 number2,26.0,"[1, 2, 3, 36, 37, 6, 7, 8, 38, 13, 14, 15]",randy has number0 blocks . he uses number1 blocks to build a house and number2 blocks to build a tower .,how many more blocks did he use to build the house than he did to build the tower ?
number0 children were riding on the bus . at the bus stop some more children got on the bus . then there were number1 children altogether on the bus . how many more children are on the bus now than there were before the bus stop ?,2 10,- number1 number0,8.0,"[0, 1, 2, 3, 7, 43, 44, 13, 45, 15, 22, 23, 24]",number0 children were riding on the bus . at the bus stop some more children got on the bus . then there were number1 children altogether on the bus .,how many more children are on the bus now than there were before the bus stop ?
number0 children were riding on the bus . at the bus stop number1 more children got on the bus . how many children are on the bus now ?,26 38,+ number0 number1,64.0,"[0, 1, 3, 6, 11, 12, 13, 14, 15, 25, 26, 27]",number0 children were riding on the bus . at the bus stop number1 more children got on the bus .,how many children are on the bus now ?
some children were riding on the bus . at the bus stop number0 more children got on the bus . then there were number1 children altogether on the bus . how many children were riding on the bus before the bus stop ?,2 41,- number1 number0,39.0,"[1, 2, 3, 4, 39, 40, 41, 11, 12, 13, 14, 15, 22, 23, 24]",some children were riding on the bus . at the bus stop number0 more children got on the bus . then there were number1 children altogether on the bus .,how many children were riding on the bus before the bus stop ?
number0 children were riding on the bus . at the bus stop some children got off the bus . then there were number1 children left on the bus . how many children got off the bus at the bus stop ?,43 21,- number0 number1,22.0,"[0, 1, 2, 3, 37, 38, 39, 14, 21, 22, 23]",number0 children were riding on the bus . at the bus stop some children got off the bus . then there were number1 children left on the bus .,how many children got off the bus at the bus stop ?
number0 children were riding on the bus . at the bus stop some children got off the bus . then there were number1 children left on the bus . how many more children were on the bus before the bus stop than there are now ?,41 18,- number0 number1,23.0,"[0, 1, 2, 3, 7, 42, 43, 44, 14, 21, 22, 23]",number0 children were riding on the bus . at the bus stop some children got off the bus . then there were number1 children left on the bus .,how many more children were on the bus before the bus stop than there are now ?
number0 children were riding on the bus . at the bus stop number1 children got off the bus while some more got on the bus . then there were number2 children altogether on the bus . how many children got on the bus at the bus stop ?,21 10 16,+ - number2 number0 number1,5.0,"[0, 1, 2, 3, 11, 12, 13, 14, 44, 45, 46, 28, 29, 30]",number0 children were riding on the bus . at the bus stop number1 children got off the bus while some more got on the bus . then there were number2 children altogether on the bus .,how many children got on the bus at the bus stop ?
number0 children were riding on the bus . at the bus stop number1 children got off the bus while some more got on the bus . then there were number2 children altogether on the bus . how many more children got on the bus than those that got off ?,5 63 14,- number2 number0,9.0,"[0, 1, 2, 3, 4, 11, 12, 13, 14, 46, 47, 48, 28, 29, 30]",number0 children were riding on the bus . at the bus stop number1 children got off the bus while some more got on the bus . then there were number2 children altogether on the bus .,how many more children got on the bus than those that got off ?
number0 children were riding on the bus . at the bus stop number1 children got off the bus while some more got on the bus . then there were number2 children altogether on the bus . how many more children got off the bus than those that got on ?,36 68 12,- number0 number2,24.0,"[0, 1, 2, 3, 4, 11, 12, 13, 14, 46, 47, 48, 28, 29, 30]",number0 children were riding on the bus . at the bus stop number1 children got off the bus while some more got on the bus . then there were number2 children altogether on the bus .,how many more children got off the bus than those that got on ?
number0 children were riding on the bus . at the bus stop number1 children got on the bus while some got off the bus . then there were number2 children altogether on the bus . how many children got off the bus at the bus stop ?,22 40 2,- + number0 number1 number2,60.0,"[0, 1, 2, 3, 11, 12, 13, 14, 43, 44, 45, 27, 28, 29]",number0 children were riding on the bus . at the bus stop number1 children got on the bus while some got off the bus . then there were number2 children altogether on the bus .,how many children got off the bus at the bus stop ?
number0 children were riding on the bus . at the bus stop number1 children got on the bus while some got off the bus . then there were number2 children altogether on the bus . how many more children got on the bus than those that got off ?,28 82 30,- number2 number0,2.0,"[0, 1, 2, 3, 4, 11, 12, 13, 14, 45, 46, 47, 27, 28, 29]",number0 children were riding on the bus . at the bus stop number1 children got on the bus while some got off the bus . then there were number2 children altogether on the bus .,how many more children got on the bus than those that got off ?
number0 children were riding on the bus . at the bus stop number1 children got on the bus while some got off the bus . then there were number2 children altogether on the bus . how many more children got off the bus than those that got on ?,23 24 8,- number0 number2,15.0,"[0, 1, 2, 3, 4, 11, 12, 13, 14, 45, 46, 47, 27, 28, 29]",number0 children were riding on the bus . at the bus stop number1 children got on the bus while some got off the bus . then there were number2 children altogether on the bus .,how many more children got off the bus than those that got on ?
marco and his dad went strawberry picking . together their strawberries weighed number0 pounds . marco 's strawberries weighed number1 pounds . how much more did his strawberries weigh than his dad 's ?,4 19,- number1 - number0 number1,34.0,"[32, 3, 11, 12, 13, 18, 19, 20, 30, 31]",marco and his dad went strawberry picking . together their strawberries weighed number0 pounds . marco 's strawberries weighed number1 pounds .,how much more did his strawberries weigh than his dad 's ?
marco and his dad went strawberry picking . together their strawberries weighed number0 pounds . marco 's strawberries weighed number1 pounds . how much more did his dad 's strawberries weigh than his ?,35 13,- - number0 number1 number1,9.0,"[32, 3, 11, 12, 13, 18, 19, 20, 30, 31]",marco and his dad went strawberry picking . together their strawberries weighed number0 pounds . marco 's strawberries weighed number1 pounds .,how much more did his dad 's strawberries weigh than his ?
marco and his dad went strawberry picking . together their strawberries weighed number0 pounds . his dad 's strawberries weighed number1 pounds . how much did marco 's strawberries weigh ?,20 17,- number0 number1,3.0,"[3, 4, 11, 12, 13, 19, 20, 21, 27, 28, 29]",marco and his dad went strawberry picking . together their strawberries weighed number0 pounds . his dad 's strawberries weighed number1 pounds .,how much did marco 's strawberries weigh ?
marco and his dad went strawberry picking . his strawberries weighed number0 pounds while his dad 's strawberries weighed number1 pounds . together how much did their strawberries weigh ?,8 32,+ number0 number1,40.0,"[2, 10, 11, 12, 18, 19, 20, 26, 27, 28]",marco and his dad went strawberry picking . his strawberries weighed number0 pounds while his dad 's strawberries weighed number1 pounds .,together how much did their strawberries weigh ?
marco and his dad went strawberry picking . together they collected strawberries that weighed number0 pounds . on the way back marco lost number1 pounds of strawberries . marco 's strawberries now weighed number2 pounds . how much did his dad 's strawberries weigh ?,24 9 3,- number0 + number2 number1,12.0,"[32, 33, 34, 4, 5, 41, 42, 43, 13, 14, 15, 22, 23, 24]",marco and his dad went strawberry picking . together they collected strawberries that weighed number0 pounds . on the way back marco lost number1 pounds of strawberries . marco 's strawberries now weighed number2 pounds .,how much did his dad 's strawberries weigh ?
marco and his dad went strawberry picking . together they collected strawberries that weighed number0 pounds . on the way back marco ' dad lost number1 pounds of strawberries . marco 's strawberries now weighed number2 pounds . how much did his dad 's strawberries weigh now ?,36 8 12,- - number0 number2 number1,16.0,"[34, 35, 36, 5, 4, 7, 44, 13, 14, 15, 45, 46, 24, 25, 26]",marco and his dad went strawberry picking . together they collected strawberries that weighed number0 pounds . on the way back marco ' dad lost number1 pounds of strawberries . marco 's strawberries now weighed number2 pounds .,how much did his dad 's strawberries weigh now ?
marco and his dad went strawberry picking . together they collected strawberries that weighed number0 pounds . on the way back marco ' dad found number1 more pounds of strawberries . marco 's strawberries now weighed number2 pounds . how much did his dad 's strawberries weigh now ?,22 30 36,+ - number0 number2 number1,16.0,"[35, 36, 37, 5, 7, 4, 9, 13, 14, 15, 45, 46, 47, 24, 25, 26, 27]",marco and his dad went strawberry picking . together they collected strawberries that weighed number0 pounds . on the way back marco ' dad found number1 more pounds of strawberries . marco 's strawberries now weighed number2 pounds .,how much did his dad 's strawberries weigh now ?
marco and his dad went strawberry picking . marco 's strawberries weighed number0 pounds . if together their strawberries weighed number1 pounds . how much did his dad 's strawberries weigh ?,15 37,- number1 number0,22.0,"[3, 4, 11, 12, 13, 19, 20, 21, 28, 29, 30]",marco and his dad went strawberry picking . marco 's strawberries weighed number0 pounds . if together their strawberries weighed number1 pounds .,how much did his dad 's strawberries weigh ?
marco and his dad went strawberry picking . marco 's strawberries weighed number0 pounds . if together their strawberries weighed number1 pounds . how much more did his strawberries weigh than his dad 's ?,30 17,- number0 - number1 number0,43.0,"[32, 33, 3, 4, 11, 12, 13, 19, 20, 21, 31]",marco and his dad went strawberry picking . marco 's strawberries weighed number0 pounds . if together their strawberries weighed number1 pounds .,how much more did his strawberries weigh than his dad 's ?
marco and his dad went strawberry picking . marco 's strawberries weighed number0 pounds . if together their strawberries weighed number1 pounds . how much more did his dad 's strawberries weigh than his ?,10 26,- - number1 number0 number0,6.0,"[32, 33, 3, 4, 11, 12, 13, 19, 20, 21, 31]",marco and his dad went strawberry picking . marco 's strawberries weighed number0 pounds . if together their strawberries weighed number1 pounds .,how much more did his dad 's strawberries weigh than his ?
marco and his dad went strawberry picking . marco 's dad 's strawberries weighed number0 pounds . if together their strawberries weighed number1 pounds . how much did marco 's strawberries weigh ?,11 30,- number1 number0,19.0,"[4, 5, 13, 14, 15, 21, 22, 23, 29, 30, 31]",marco and his dad went strawberry picking . marco 's dad 's strawberries weighed number0 pounds . if together their strawberries weighed number1 pounds .,how much did marco 's strawberries weigh ?
haley grew number0 trees in her backyard . after a typhoon number1 died . how many more trees died in the typhoon than those that survived ?,14 9,- number1 - number0 number1,4.0,"[1, 2, 3, 4, 10, 11, 12, 23, 24, 25]",haley grew number0 trees in her backyard . after a typhoon number1 died .,how many more trees died in the typhoon than those that survived ?
haley grew number0 trees in her backyard . after a typhoon number1 died . how many more trees survived the typhoon than those that died ?,13 6,- - number0 number1 number1,1.0,"[1, 2, 3, 4, 10, 11, 12, 22, 23, 24]",haley grew number0 trees in her backyard . after a typhoon number1 died .,how many more trees survived the typhoon than those that died ?
haley grew number0 trees in her backyard . after a typhoon number1 trees were left . how many trees died in the typhoon ?,20 4,- number0 number1,16.0,"[1, 2, 3, 10, 11, 12, 20, 21, 22]",haley grew number0 trees in her backyard . after a typhoon number1 trees were left .,how many trees died in the typhoon ?
haley grew some trees in her backyard . after a typhoon number0 died . if number1 trees were left how many trees did she grow ?,5 12,+ number0 number1,17.0,"[1, 6, 10, 11, 12, 14, 15, 16, 22, 23, 24]",haley grew some trees in her backyard . after a typhoon number0 died . if number1 trees were left,how many trees did she grow ?
haley grew number0 trees in her backyard . after a typhoon number1 died . then she grew number2 more trees . how many trees does she have left ?,9 4 5,+ - number0 number1 number2,10.0,"[1, 2, 3, 4, 6, 10, 11, 12, 16, 17, 18, 19, 25, 26, 27]",haley grew number0 trees in her backyard . after a typhoon number1 died . then she grew number2 more trees .,how many trees does she have left ?
after a typhoon number0 trees in haley 's backyard died . if she had grown number1 trees initially how many trees does she have left ?,2 12,- number1 number0,10.0,"[2, 3, 4, 8, 9, 13, 14, 15, 16, 22, 23, 24]",after a typhoon number0 trees in haley 's backyard died . if she had grown number1 trees initially,how many trees does she have left ?
after a typhoon number0 trees in haley 's backyard died . if she had grown number1 trees initially how many more trees died in the typhoon than those that survived ?,13 3,- number0 - number1 number0,23.0,"[2, 3, 4, 8, 9, 11, 14, 15, 16, 27, 28, 29]",after a typhoon number0 trees in haley 's backyard died . if she had grown number1 trees initially,how many more trees died in the typhoon than those that survived ?
after a typhoon number0 trees in haley 's backyard died . if she had grown number1 trees initially how many more trees survived the typhoon than those that died ?,2 11,- - number1 number0 number0,7.0,"[2, 3, 4, 8, 9, 11, 14, 15, 16, 26, 27, 28]",after a typhoon number0 trees in haley 's backyard died . if she had grown number1 trees initially,how many more trees survived the typhoon than those that died ?
being his favorite he saved checking on the grapevines for his last stop . he was told by number0 of the pickers that they fill number1 drums of grapes in number2 days . how many drums of grapes would be filled per day ?,94 90 6,/ number1 number2,15.0,"[1, 40, 41, 10, 42, 17, 18, 19, 24, 25, 26, 29, 30, 31]",being his favorite he saved checking on the grapevines for his last stop . he was told by number0 of the pickers that they fill number1 drums of grapes in number2 days .,how many drums of grapes would be filled per day ?
being his favorite he saved checking on the grapevines for his last stop . he was told by number0 of the pickers that they fill number1 drums of grapes in number2 days . how many drums of grapes would be filled in each day ?,266 90 5,/ number1 number2,18.0,"[1, 41, 42, 10, 43, 17, 18, 19, 24, 25, 26, 29, 30, 31]",being his favorite he saved checking on the grapevines for his last stop . he was told by number0 of the pickers that they fill number1 drums of grapes in number2 days .,how many drums of grapes would be filled in each day ?
being his favorite he saved checking on the grapevines for his last stop . he was told by number0 of the pickers that they fill number1 drums of grapes per day and number2 drums of raspberries per day . how many drums of grapes would be filled in number3 days ?,294 244 47 146,* number1 number3,35624.0,"[32, 33, 1, 36, 10, 47, 48, 17, 18, 19, 49, 24, 25, 26, 29, 31]",being his favorite he saved checking on the grapevines for his last stop . he was told by number0 of the pickers that they fill number1 drums of grapes per day and number2 drums of raspberries per day .,how many drums of grapes would be filled in number3 days ?
being his favorite he saved checking on the grapevines for his last stop . he was told by number0 of the pickers that they fill number1 drums of raspberries per day and number2 drums of grapes per day . how many drums of grapes would be filled in number3 days ?,235 100 221 77,* number2 number3,17017.0,"[32, 33, 1, 36, 10, 47, 48, 17, 18, 19, 49, 24, 25, 26, 29, 31]",being his favorite he saved checking on the grapevines for his last stop . he was told by number0 of the pickers that they fill number1 drums of raspberries per day and number2 drums of grapes per day .,how many drums of grapes would be filled in number3 days ?
being his favorite he saved checking on the grapevines after number0 stops . he was told by number1 of the pickers that they fill number2 drums of grapes per day . how many drums of grapes would be filled in number3 days ?,57 252 108 58,* number2 number3,6264.0,"[1, 39, 40, 9, 10, 11, 41, 16, 17, 18, 23, 24, 25, 28]",being his favorite he saved checking on the grapevines after number0 stops . he was told by number1 of the pickers that they fill number2 drums of grapes per day .,how many drums of grapes would be filled in number3 days ?
being his favorite he saved checking on the grapevines for his last stop . he was told by number0 of the pickers that they fill number1 drums of grapes per day . how many days will it take to fill number2 drums of grapes ?,36 8 240,/ number2 number1,30.0,"[39, 40, 41, 10, 7, 42, 43, 17, 18, 19, 24, 25, 26, 29]",being his favorite he saved checking on the grapevines for his last stop . he was told by number0 of the pickers that they fill number1 drums of grapes per day .,how many days will it take to fill number2 drums of grapes ?
bryan took a look at his books as well . if he has number0 books distributed equally in number1 bookshelves how many books are there in each bookshelf ?,34 2,/ number0 number1,17.0,"[2, 11, 12, 13, 14, 17, 18, 19, 25, 26, 27]",bryan took a look at his books as well . if he has number0 books distributed equally in number1 bookshelves,how many books are there in each bookshelf ?
bryan took a look at his books as well . if he has a total of number0 books and each bookshelf contains number1 books how many bookshelves does he have ?,42 2,/ number0 number1,21.0,"[11, 15, 16, 17, 19, 21, 22, 23, 27, 28, 29]",bryan took a look at his books as well . if he has a total of number0 books and each bookshelf contains number1 books,how many bookshelves does he have ?
bryan took a look at his books and magazines . if he has number0 books and number1 magazines in each of his number2 bookshelves how many books does he have in total ?,27 80 23,* number0 number2,621.0,"[2, 12, 13, 14, 15, 16, 17, 19, 21, 22, 23, 29, 30, 31]",bryan took a look at his books and magazines . if he has number0 books and number1 magazines in each of his number2 bookshelves,how many books does he have in total ?
bryan took a look at his books and magazines . if he has number0 books and number1 magazines in each of his number2 bookshelves how many magazines does he have in total ?,9 46 10,* number1 number2,460.0,"[2, 12, 13, 14, 15, 16, 17, 19, 21, 22, 23, 29, 30, 31]",bryan took a look at his books and magazines . if he has number0 books and number1 magazines in each of his number2 bookshelves,how many magazines does he have in total ?
bryan took a look at his books and magazines . if he has number0 books and number1 magazines in each of his number2 bookshelves how many books and magazines does he have in total ?,23 61 29,* + number0 number1 number2,2436.0,"[32, 33, 2, 12, 13, 14, 15, 16, 17, 19, 21, 22, 23, 31]",bryan took a look at his books and magazines . if he has number0 books and number1 magazines in each of his number2 bookshelves,how many books and magazines does he have in total ?
bryan took a look at his books as well . he has number0 bookshelves with each having the same number of books . if he has a total of number1 books how many books are there in each bookshelf ?,7 28,/ number1 number0,4.0,"[1, 36, 37, 38, 9, 11, 12, 13, 15, 28, 29, 30]",bryan took a look at his books as well . he has number0 bookshelves with each having the same number of books . if he has a total of number1 books,how many books are there in each bookshelf ?
bryan took a look at his books as well . each bookshelf contains number0 books . if he has a total of number1 books how many bookshelves does he have ?,2 38,/ number1 number0,19.0,"[2, 10, 12, 13, 14, 21, 22, 23, 27, 28, 29]",bryan took a look at his books as well . each bookshelf contains number0 books . if he has a total of number1 books,how many bookshelves does he have ?
if lewis earns a total of $ number0 during number1 weeks of harvest how much money does he earn each week ?,460 5,/ number0 number1,92.0,"[6, 7, 8, 9, 10, 18, 19, 20]",if lewis earns a total of $ number0 during number1 weeks of harvest,how much money does he earn each week ?
lewis earns a total of $ number0 during the harvest . if he earns $ number1 each week how many weeks did the harvest last ?,1216 16,/ number0 number1,76.0,"[2, 5, 6, 7, 14, 15, 16, 22, 23, 24]",lewis earns a total of $ number0 during the harvest . if he earns $ number1 each week,how many weeks did the harvest last ?
lewis earns $ number0 every week during the number1 weeks of harvest . if he has to pay $ number2 tax how much money will have at the end of the harvest season ?,21 216 702,- * number0 number1 number2,3834.0,"[32, 1, 2, 3, 4, 7, 8, 9, 18, 19, 20, 30, 31]",lewis earns $ number0 every week during the number1 weeks of harvest . if he has to pay $ number2 tax,how much money will have at the end of the harvest season ?
if lewis earns $ number0 every week during the number1 weeks of a harvest season . how much money will he earn if he works for number2 harvest seasons ?,1357 223 73,* * number0 number1 number2,22090603.0,"[2, 3, 4, 5, 8, 9, 10, 25, 26, 27, 28]",if lewis earns $ number0 every week during the number1 weeks of a harvest season .,how much money will he earn if he works for number2 harvest seasons ?
lewis earns $ number0 every week during the number1 weeks of harvest . he also earns $ number2 per week for working overtime . if he works overtime every week how much money does he earn during harvest season ?,28 1091 939,* + number0 number2 number1,1054997.0,"[1, 2, 3, 4, 36, 37, 7, 8, 9, 38, 16, 17, 18, 28]",lewis earns $ number0 every week during the number1 weeks of harvest . he also earns $ number2 per week for working overtime . if he works overtime every week,how much money does he earn during harvest season ?
lewis earns $ number0 every week during the number1 weeks of harvest . if he has to pay $ number2 rent every week how much money does he earn during harvest season ?,403 233 49,* number0 number1,93899.0,"[1, 2, 3, 4, 7, 8, 9, 18, 19, 20, 21, 29, 30, 31]",lewis earns $ number0 every week during the number1 weeks of harvest . if he has to pay $ number2 rent every week,how much money does he earn during harvest season ?
lewis earns $ number0 every week during the number1 weeks of harvest . if he has to pay $ number2 rent every week how much money does he pay as rent during the harvest season ?,368 1359 388,* number2 number1,527292.0,"[32, 1, 2, 3, 4, 33, 34, 7, 8, 9, 18, 19, 20, 21]",lewis earns $ number0 every week during the number1 weeks of harvest . if he has to pay $ number2 rent every week,how much money does he pay as rent during the harvest season ?
lewis earns $ number0 every week during the number1 weeks of harvest . if he has to pay $ number2 rent every week how much money will have at the end of the harvest season ?,491 1181 216,* - number0 number2 number1,324775.0,"[32, 1, 2, 3, 4, 33, 34, 7, 8, 9, 18, 19, 20, 21]",lewis earns $ number0 every week during the number1 weeks of harvest . if he has to pay $ number2 rent every week,how much money will have at the end of the harvest season ?
for number0 weeks of harvest lewis earns a total of $ number1 . how much money does he earn each week ?,19 133,/ number1 number0,7.0,"[0, 1, 2, 10, 11, 18, 19, 20]",for number0 weeks of harvest lewis earns a total of $ number1 .,how much money does he earn each week ?
lewis earns $ number0 every week during the harvest . if he earns a total of $ number1 how many weeks did the harvest last ?,2 178,/ number1 number0,89.0,"[1, 2, 3, 4, 16, 17, 18, 22, 23, 24]",lewis earns $ number0 every week during the harvest . if he earns a total of $ number1,how many weeks did the harvest last ?
he then went to see the oranges being harvested . he found out that they harvest number0 sacks per day . how many oranges do they harvest per day if each sack contains number1 oranges ?,66 28,* number0 number1,1848.0,"[32, 33, 34, 1, 5, 11, 15, 16, 17, 18, 27, 30]",he then went to see the oranges being harvested . he found out that they harvest number0 sacks per day .,how many oranges do they harvest per day if each sack contains number1 oranges ?
he then went to see the oranges being harvested . he found out that they harvest number0 sacks per day . how many days will it take to harvest number1 sacks of oranges ?,8 24,/ number1 number0,3.0,"[32, 5, 7, 15, 16, 17, 18, 28, 29, 30, 31]",he then went to see the oranges being harvested . he found out that they harvest number0 sacks per day .,how many days will it take to harvest number1 sacks of oranges ?
he then went to see the oranges being harvested . he found out that the harvest will go on for number0 days . how many sacks do they harvest per day if they harvested a total of number1 sacks of oranges ?,4 56,/ number1 number0,14.0,"[1, 36, 37, 38, 5, 39, 40, 19, 20, 21, 29]",he then went to see the oranges being harvested . he found out that the harvest will go on for number0 days .,how many sacks do they harvest per day if they harvested a total of number1 sacks of oranges ?
he then went to see the oranges being harvested . he found out that they harvest number0 sacks per day and that each sack containes number1 oranges . how many sacks of oranges will they have after number2 days of harvest ?,38 42 49,* number0 number2,1862.0,"[1, 36, 37, 38, 5, 7, 39, 40, 14, 15, 16, 17, 18, 22, 24, 25, 26]",he then went to see the oranges being harvested . he found out that they harvest number0 sacks per day and that each sack containes number1 oranges .,how many sacks of oranges will they have after number2 days of harvest ?
he then went to see the oranges being harvested . he found out that they harvest number0 sacks per day and that each sack containes number1 oranges . how many oranges will they have after number2 days of harvest ?,66 25 87,* * number0 number2 number1,143550.0,"[1, 34, 35, 36, 5, 37, 38, 14, 15, 16, 17, 18, 22, 24, 25, 26]",he then went to see the oranges being harvested . he found out that they harvest number0 sacks per day and that each sack containes number1 oranges .,how many oranges will they have after number2 days of harvest ?
he then went to see the oranges being harvested . he found out that they harvest number0 sacks per day and that each sack containes number1 oranges . how many oranges do they harvest per day ?,8 35,* number0 number1,280.0,"[1, 34, 33, 35, 5, 14, 15, 16, 17, 18, 22, 24, 25, 26]",he then went to see the oranges being harvested . he found out that they harvest number0 sacks per day and that each sack containes number1 oranges .,how many oranges do they harvest per day ?
he then went to see the oranges being harvested . he found out that they harvest number0 sacks per day and that each sack containes number1 oranges . how many days will it take to harvest number2 sacks of oranges ?,16 57 80,/ number2 number0,5.0,"[35, 36, 37, 5, 7, 38, 39, 14, 15, 16, 17, 18, 22, 24, 25, 26]",he then went to see the oranges being harvested . he found out that they harvest number0 sacks per day and that each sack containes number1 oranges .,how many days will it take to harvest number2 sacks of oranges ?
he then went to see the oranges being harvested . he found out that they harvest number0 sacks per day and that each sack containes number1 oranges . how many oranges are harvested if they harvest a total of number2 sacks of oranges ?,67 12 35,* number1 number2,420.0,"[1, 5, 38, 39, 40, 41, 42, 14, 15, 16, 17, 18, 22, 24, 25, 26]",he then went to see the oranges being harvested . he found out that they harvest number0 sacks per day and that each sack containes number1 oranges .,how many oranges are harvested if they harvest a total of number2 sacks of oranges ?
he then went to see the oranges being harvested . he found out that they harvest number0 sacks per day and discard number1 of them . how many sacks of oranges will they have after number2 days of harvest ?,74 71 51,* - number0 number1 number2,153.0,"[1, 34, 35, 36, 5, 37, 7, 38, 15, 16, 17, 18, 21, 22, 23]",he then went to see the oranges being harvested . he found out that they harvest number0 sacks per day and discard number1 of them .,how many sacks of oranges will they have after number2 days of harvest ?
he then went to see the oranges being harvested . he found out that they harvest number0 sacks per day and discard number1 of them . how many oranges do they harvest per day if each sack contains number2 oranges ?,76 64 50,* - number0 number1 number2,600.0,"[32, 1, 35, 37, 38, 39, 5, 11, 15, 16, 17, 18, 21, 22, 23]",he then went to see the oranges being harvested . he found out that they harvest number0 sacks per day and discard number1 of them .,how many oranges do they harvest per day if each sack contains number2 oranges ?
he then went to see the oranges being harvested . he found out that they harvest number0 sacks of ripe oranges and number1 sacks of unripe oranges per day . how many sacks of oranges will they have after number2 days of harvest ?,28 52 26,* + number0 number1 number2,2080.0,"[1, 5, 38, 39, 40, 7, 41, 42, 15, 16, 17, 21, 22, 23, 27]",he then went to see the oranges being harvested . he found out that they harvest number0 sacks of ripe oranges and number1 sacks of unripe oranges per day .,how many sacks of oranges will they have after number2 days of harvest ?
he then went to see the oranges being harvested . he found out that they harvest number0 sacks of ripe oranges and number1 sacks of unripe oranges per day . how many sacks of ripe oranges will they have after number2 days of harvest ?,82 61 25,* number0 number2,2050.0,"[1, 5, 39, 40, 41, 8, 42, 43, 15, 16, 17, 21, 22, 23, 27]",he then went to see the oranges being harvested . he found out that they harvest number0 sacks of ripe oranges and number1 sacks of unripe oranges per day .,how many sacks of ripe oranges will they have after number2 days of harvest ?
he then went to see the oranges being harvested . he found out that they harvest number0 sacks of ripe oranges and number1 sacks of unripe oranges per day . how many sacks of unripe oranges will they have after number2 days of harvest ?,31 24 45,* number1 number2,1080.0,"[1, 5, 39, 40, 41, 8, 42, 43, 15, 16, 17, 21, 22, 23, 27]",he then went to see the oranges being harvested . he found out that they harvest number0 sacks of ripe oranges and number1 sacks of unripe oranges per day .,how many sacks of unripe oranges will they have after number2 days of harvest ?
he then went to see the oranges being harvested . he found out that they harvest number0 sacks of ripe oranges and number1 sacks of unripe oranges per day . how many more sacks of ripe oranges than unripe oranges are harvested per day ?,44 25,- number0 number1,19.0,"[1, 2, 5, 41, 42, 43, 15, 16, 17, 21, 22, 23, 27]",he then went to see the oranges being harvested . he found out that they harvest number0 sacks of ripe oranges and number1 sacks of unripe oranges per day .,how many more sacks of ripe oranges than unripe oranges are harvested per day ?
he then went to see the oranges being harvested . he found out that they harvest number0 sacks of ripe oranges and number1 sacks of unripe oranges per day . how many more sacks of unripe oranges than ripe oranges are harvested per day ?,5 74,- number1 number0,69.0,"[1, 2, 5, 41, 42, 43, 15, 16, 17, 21, 22, 23, 27]",he then went to see the oranges being harvested . he found out that they harvest number0 sacks of ripe oranges and number1 sacks of unripe oranges per day .,how many more sacks of unripe oranges than ripe oranges are harvested per day ?
he then went to see the oranges being harvested . he found out that they harvested number0 sacks of oranges . how many days did it take to harvest them if they harvested number1 sacks of oranges per day ?,54 18,/ number0 number1,3.0,"[32, 33, 34, 36, 37, 5, 38, 11, 15, 16, 17]",he then went to see the oranges being harvested . he found out that they harvested number0 sacks of oranges .,how many days did it take to harvest them if they harvested number1 sacks of oranges per day ?
he then went to see the oranges being harvested . he found out that they harvested number0 sacks of oranges . how many sacks did they harvest per day if they harvested for a total of number1 days ?,56 14,/ number0 number1,4.0,"[1, 35, 36, 37, 5, 15, 16, 17, 27]",he then went to see the oranges being harvested . he found out that they harvested number0 sacks of oranges .,how many sacks did they harvest per day if they harvested for a total of number1 days ?
he then went to see the oranges being harvested . he found out that they harvest number0 sacks of unripe oranges and number1 sacks of ripe oranges per day . how many sacks of ripe oranges will they have after number2 days of harvest ?,25 5 73,* number1 number2,365.0,"[1, 5, 39, 40, 41, 8, 42, 43, 15, 16, 17, 21, 22, 23, 27]",he then went to see the oranges being harvested . he found out that they harvest number0 sacks of unripe oranges and number1 sacks of ripe oranges per day .,how many sacks of ripe oranges will they have after number2 days of harvest ?
he then went to see the oranges being harvested . he found out that they harvest number0 sacks of unripe oranges and number1 sacks of ripe oranges per day . how many sacks of unripe oranges will they have after number2 days of harvest ?,65 46 6,* number0 number2,390.0,"[1, 5, 39, 40, 41, 8, 42, 43, 15, 16, 17, 21, 22, 23, 27]",he then went to see the oranges being harvested . he found out that they harvest number0 sacks of unripe oranges and number1 sacks of ripe oranges per day .,how many sacks of unripe oranges will they have after number2 days of harvest ?
he then went to see the oranges being harvested . he found out that they harvest number0 sacks of unripe oranges and number1 sacks of ripe oranges per day . how many more sacks of ripe oranges than unripe oranges are harvested per day ?,41 86,- number1 number0,45.0,"[1, 2, 5, 41, 42, 43, 15, 16, 17, 21, 22, 23, 27]",he then went to see the oranges being harvested . he found out that they harvest number0 sacks of unripe oranges and number1 sacks of ripe oranges per day .,how many more sacks of ripe oranges than unripe oranges are harvested per day ?
he then went to see the oranges being harvested . he found out that they harvest number0 sacks of unripe oranges and number1 sacks of ripe oranges per day . how many more sacks of unripe oranges than ripe oranges are harvested per day ?,71 60,- number0 number1,11.0,"[1, 2, 5, 41, 42, 43, 15, 16, 17, 21, 22, 23, 27]",he then went to see the oranges being harvested . he found out that they harvest number0 sacks of unripe oranges and number1 sacks of ripe oranges per day .,how many more sacks of unripe oranges than ripe oranges are harvested per day ?
jesse 's room is number0 feet long and number1 feet wide . how much longer is her room than it is wide ?,12 11,- number0 number1,1.0,"[3, 4, 5, 7, 8, 9, 19, 20, 21]",jesse 's room is number0 feet long and number1 feet wide .,how much longer is her room than it is wide ?
jesse 's room is number0 feet long . if she needs a carpet of size number1 square feet what is the width of her room ?,7 14,/ number1 number0,2.0,"[3, 4, 5, 14, 15, 16, 22, 23, 24]",jesse 's room is number0 feet long . if she needs a carpet of size number1 square feet,what is the width of her room ?
jesse 's room is number0 feet wide . if she needs a carpet of size number1 square feet what is the length of her room ?,7 14,/ number1 number0,2.0,"[3, 4, 5, 14, 15, 16, 22, 23, 24]",jesse 's room is number0 feet wide . if she needs a carpet of size number1 square feet,what is the length of her room ?
jesse 's room is number0 feet long and number1 feet wide . if she already has number2 square feet of carpet how much more carpet does she need to cover the whole floor ?,11 15 16,- * number0 number1 number2,149.0,"[32, 3, 4, 5, 7, 8, 9, 15, 16, 17, 18, 30, 31]",jesse 's room is number0 feet long and number1 feet wide . if she already has number2 square feet of carpet,how much more carpet does she need to cover the whole floor ?
jesse 's room is number0 feet long and number1 feet wide . if each tile is of size number2 square feet how many tiles does she need to cover the whole floor ?,2 12 4,/ * number0 number1 number2,6.0,"[3, 4, 5, 7, 8, 9, 13, 17, 18, 19, 29, 30, 31]",jesse 's room is number0 feet long and number1 feet wide . if each tile is of size number2 square feet,how many tiles does she need to cover the whole floor ?
jesse 's rooms are number0 feet long and number1 feet wide . if she has number2 rooms in all how much carpet does she need to cover the floors of all rooms ?,19 18 20,* * number0 number1 number2,6840.0,"[2, 3, 4, 5, 6, 7, 8, 9, 14, 15, 16, 29, 30, 31]",jesse 's rooms are number0 feet long and number1 feet wide . if she has number2 rooms in all,how much carpet does she need to cover the floors of all rooms ?
jesse 's room is number0 feet wide and number1 feet long . how much longer is her room than it is wide ?,19 20,- number1 number0,1.0,"[3, 4, 5, 7, 8, 9, 19, 20, 21]",jesse 's room is number0 feet wide and number1 feet long .,how much longer is her room than it is wide ?
jesse needs a carpet of size number0 square feet to cover her room . if her room is number1 feet long what is the width of her room ?,10 5,/ number0 number1,2.0,"[5, 6, 7, 17, 18, 19, 25, 26, 27]",jesse needs a carpet of size number0 square feet to cover her room . if her room is number1 feet long,what is the width of her room ?
jesse needs a carpet of size number0 square feet to cover her room . if her room is number1 feet wide what is the length of her room ?,10 2,/ number0 number1,5.0,"[5, 6, 7, 17, 18, 19, 25, 26, 27]",jesse needs a carpet of size number0 square feet to cover her room . if her room is number1 feet wide,what is the length of her room ?
jesse has number0 square feet of carpet . if her room is number1 feet long and number2 feet wide how much more carpet does she need to cover the whole floor ?,18 4 20,- * number1 number2 number0,62.0,"[1, 2, 3, 4, 11, 12, 13, 15, 16, 17, 28, 29, 30]",jesse has number0 square feet of carpet . if her room is number1 feet long and number2 feet wide,how much more carpet does she need to cover the whole floor ?
white t - shirts can be purchased in packages of number0 . if mom buys number1 white t - shirts how many packages will she have ?,13 39,/ number1 number0,3.0,"[0, 2, 4, 8, 9, 13, 14, 15, 17, 21, 22, 23]",white t - shirts can be purchased in packages of number0 . if mom buys number1 white t - shirts,how many packages will she have ?
white t - shirts can be purchased in packages . if mom buys number0 white t - shirts where each package has number1 white t - shirts . how many packages will she have ?,66 3,/ number0 number1,22.0,"[0, 2, 4, 10, 11, 12, 13, 15, 17, 19, 20, 21, 23, 28, 29, 30]",white t - shirts can be purchased in packages . if mom buys number0 white t - shirts where each package has number1 white t - shirts .,how many packages will she have ?
white t - shirts can be purchased in packages . if mom buys number0 packages which contain number1 white t - shirts in total how many white t - shirts does each package have ?,28 56,/ number1 number0,2.0,"[0, 2, 6, 8, 11, 12, 13, 14, 15, 16, 17, 19, 21, 28, 29, 30]",white t - shirts can be purchased in packages . if mom buys number0 packages which contain number1 white t - shirts in total,how many white t - shirts does each package have ?
white t - shirts can be purchased in packages of number0 . if mom buys number1 packages of white t - shirts and number2 trousers how many white t - shirts will she have ?,53 57 34,* number0 number1,3021.0,"[2, 8, 9, 13, 14, 15, 20, 21, 22, 28, 29, 30]",white t - shirts can be purchased in packages of number0 . if mom buys number1 packages of white t - shirts and number2 trousers,how many white t - shirts will she have ?
mom buys number0 white t - shirts . if white t - shirts can be purchased in packages of number1 how many packages will she have ?,51 3,/ number0 number1,17.0,"[1, 2, 3, 5, 16, 17, 18, 21, 22, 23]",mom buys number0 white t - shirts . if white t - shirts can be purchased in packages of number1,how many packages will she have ?
mom buys number0 white t - shirts in total . if white t - shirts can be purchased in packages and mom buys number1 packages how many white t - shirts does each package have ?,70 14,/ number0 number1,5.0,"[1, 2, 3, 5, 11, 15, 20, 21, 22, 29, 30, 31]",mom buys number0 white t - shirts in total . if white t - shirts can be purchased in packages and mom buys number1 packages,how many white t - shirts does each package have ?
after resting they decided to go for a swim . if the depth of the water is number0 times dean 's height and he stands at number1 feet how much deeper is the water than dean 's height ?,10 9,- * number0 number1 number1,81.0,"[35, 36, 37, 16, 17, 18, 25, 26, 27]",after resting they decided to go for a swim . if the depth of the water is number0 times dean 's height and he stands at number1 feet,how much deeper is the water than dean 's height ?
after resting they decided to go for a swim . the depth of the water is number0 times dean 's height . dean is number1 feet shorter than ron . if ron stands at number2 feet how deep was the water ?,2 8 14,* - number2 number1 number0,12.0,"[33, 34, 35, 38, 39, 40, 15, 16, 17, 23, 24, 25]",after resting they decided to go for a swim . the depth of the water is number0 times dean 's height . dean is number1 feet shorter than ron . if ron stands at number2 feet,how deep was the water ?
after resting they decided to go for a swim . the depth of the water is number0 times ron 's height . dean is number1 feet shorter than ron . if ron stands at number2 feet how deep was the water ?,5 11 12,* number2 number0,60.0,"[33, 34, 35, 38, 39, 40, 15, 16, 17, 23, 24, 25]",after resting they decided to go for a swim . the depth of the water is number0 times ron 's height . dean is number1 feet shorter than ron . if ron stands at number2 feet,how deep was the water ?
after resting they decided to go for a swim . the depth of the water is number0 times dean 's height . dean is number1 feet taller than ron . if ron stands at number2 feet how deep was the water ?,15 4 13,* + number1 number2 number0,255.0,"[33, 34, 35, 38, 39, 40, 15, 16, 17, 23, 24, 25]",after resting they decided to go for a swim . the depth of the water is number0 times dean 's height . dean is number1 feet taller than ron . if ron stands at number2 feet,how deep was the water ?
after resting they decided to go for a swim . the depth of the water is number0 times ron 's height . dean is number1 feet taller than ron . if ron stands at number2 feet how deep was the water ?,16 9 13,* number2 number0,208.0,"[33, 34, 35, 38, 39, 40, 15, 16, 17, 23, 24, 25]",after resting they decided to go for a swim . the depth of the water is number0 times ron 's height . dean is number1 feet taller than ron . if ron stands at number2 feet,how deep was the water ?
after resting they decided to go for a swim . the depth of the water is number0 times dean 's height . if ron is number1 feet tall and dean is number2 feet shorter than ron how deep was the water ?,9 15 6,* - number1 number2 number0,81.0,"[32, 38, 39, 40, 15, 16, 17, 24, 25, 26, 30, 31]",after resting they decided to go for a swim . the depth of the water is number0 times dean 's height . if ron is number1 feet tall and dean is number2 feet shorter than ron,how deep was the water ?
we ordered number0 pizzas . each pizza has the same number of slices . if there were a total of number1 slices how many slices are there in each pizza ?,7 14,/ number1 number0,2.0,"[1, 2, 3, 5, 9, 12, 19, 20, 21, 27, 28, 29]",we ordered number0 pizzas . each pizza has the same number of slices . if there were a total of number1 slices,how many slices are there in each pizza ?
we ordered some pizzas . each pizza has number0 slices . if there were a total of number1 slices how many pizzas did we order ?,2 28,/ number1 number0,14.0,"[2, 5, 7, 8, 9, 16, 17, 18, 22, 23, 24]",we ordered some pizzas . each pizza has number0 slices . if there were a total of number1 slices,how many pizzas did we order ?
we ordered number0 pizzas . each pizza has number1 slices . if there are number2 of us how many slices of pizza are there altogether ?,17 4 25,* number0 number1,68.0,"[1, 2, 3, 5, 7, 8, 9, 12, 13, 14, 15, 22, 23, 24]",we ordered number0 pizzas . each pizza has number1 slices . if there are number2 of us,how many slices of pizza are there altogether ?
we ordered number0 pizzas . each pizza has number1 slices . if there are number2 of us how many slices of pizza does each of us get if distributed equally ?,9 10 2,* number0 / number1 number2,45.0,"[1, 2, 3, 5, 7, 8, 9, 13, 14, 15, 23, 27, 28, 29]",we ordered number0 pizzas . each pizza has number1 slices . if there are number2 of us,how many slices of pizza does each of us get if distributed equally ?
for the walls of the house he would use number0 nails in all to secture large planks of wood . if each plank of wood needs number1 pieces of nails to be secured how many planks does john need for the house wall ?,4 2,/ number0 number1,2.0,"[5, 8, 9, 10, 40, 41, 42, 21, 25, 26, 27]",for the walls of the house he would use number0 nails in all to secture large planks of wood . if each plank of wood needs number1 pieces of nails to be secured,how many planks does john need for the house wall ?
for the walls of the house he would use number0 large planks of wood . if each plank of wood needs number1 pieces of nails to be secured and in addition he needs number2 nails are needed for some smaller planks . how many nails does john need for the house wall ?,13 17 8,+ * number0 number1 number2,229.0,"[32, 33, 34, 1, 5, 8, 9, 10, 11, 16, 49, 50, 51, 20, 21, 22, 24]",for the walls of the house he would use number0 large planks of wood . if each plank of wood needs number1 pieces of nails to be secured and in addition he needs number2 nails are needed for some smaller planks .,how many nails does john need for the house wall ?
for the walls of the house he would use number0 nails in all to secture large planks of wood . if each plank needs number1 pieces of nails to be secured and an additional number2 nails were used . how many planks does john need for the house wall ?,11 3 8,/ - number0 number2 number1,1.0,"[33, 34, 35, 3, 8, 9, 10, 13, 46, 47, 48, 21, 23, 24, 25]",for the walls of the house he would use number0 nails in all to secture large planks of wood . if each plank needs number1 pieces of nails to be secured and an additional number2 nails were used .,how many planks does john need for the house wall ?
for the walls of the house he would use number0 large planks of wood and number1 small planks . if large planks together need number2 pieces of nails to be secured and small planks together need number3 nails . how many nails does john need for the house wall ?,12 10 15 5,+ number2 number3,20.0,"[1, 4, 5, 8, 9, 10, 11, 13, 14, 15, 16, 17, 23, 24, 25, 35, 36, 37, 46, 47, 48]",for the walls of the house he would use number0 large planks of wood and number1 small planks . if large planks together need number2 pieces of nails to be secured and small planks together need number3 nails .,how many nails does john need for the house wall ?
for the walls of the house john would use large planks of wood . each plank needs number0 pieces of nails to be secured and he would use number1 planks . how many nails does john need for the house wall ?,2 16,* number1 number0,32.0,"[2, 38, 39, 8, 9, 40, 13, 14, 16, 17, 18, 27, 28, 29]",for the walls of the house john would use large planks of wood . each plank needs number0 pieces of nails to be secured and he would use number1 planks .,how many nails does john need for the house wall ?
for the walls of the house he would use number0 large planks of wood . if each plank of wood needs number1 pieces of nails to be secured how many planks does john need for the house wall ?,8 74,number0,8.0,"[35, 36, 5, 37, 8, 9, 10, 11, 14, 16, 18, 20, 21, 22]",for the walls of the house he would use number0 large planks of wood . if each plank of wood needs number1 pieces of nails to be secured,how many planks does john need for the house wall ?
for the walls of the house he would use number0 large planks of wood and number1 small planks . if each large plank of wood needs number2 pieces of nails to be secured and each small plank needs number3 nails . how many planks does john need for the house wall ?,12 17 14 25,+ number0 number1,29.0,"[1, 5, 6, 8, 9, 10, 11, 14, 15, 16, 17, 18, 20, 25, 26, 27, 34, 37, 38, 39, 48, 49, 50]",for the walls of the house he would use number0 large planks of wood and number1 small planks . if each large plank of wood needs number2 pieces of nails to be secured and each small plank needs number3 nails .,how many planks does john need for the house wall ?
they decided to hold the party in their backyard . if they have number0 sets of tables and each set has number1 chairs how many more chairs than tables do they have ?,5 10,- * number0 number1 number0,45.0,"[2, 10, 12, 13, 14, 15, 18, 20, 21, 22, 29, 30, 31]",they decided to hold the party in their backyard . if they have number0 sets of tables and each set has number1 chairs,how many more chairs than tables do they have ?
they decided to hold the party in their backyard . they have number0 sets of tables each having the same number of chairs . if there are a total of number1 chairs in the backyard how many chairs are there for each table ?,2 12,/ number1 number0,6.0,"[1, 40, 41, 42, 11, 12, 13, 15, 16, 29, 30, 31]",they decided to hold the party in their backyard . they have number0 sets of tables each having the same number of chairs . if there are a total of number1 chairs in the backyard,how many chairs are there for each table ?
